original_path	repository_path	type
mola_latest_20260917_ws/src/mola_lidar_odometry/agents.md	localization/mola_lidar_odometry/agents.md	file
mola_latest_20260917_ws/src/mola_lidar_odometry/.vscode/settings.json	localization/mola_lidar_odometry/.vscode/settings.json	file
mola_latest_20260917_ws/src/mola_lidar_odometry/colcon_defaults.yaml	localization/mola_lidar_odometry/colcon_defaults.yaml	file
mola_latest_20260917_ws/src/mola_lidar_odometry/.github/workflows/build-ros.yml	localization/mola_lidar_odometry/.github/workflows/build-ros.yml	file
mola_latest_20260917_ws/src/mola_lidar_odometry/.github/workflows/check-clang-format.yml	localization/mola_lidar_odometry/.github/workflows/check-clang-format.yml	file
mola_latest_20260917_ws/src/mola_lidar_odometry/test/mulran_KAIST01_fragment_gt.tum	localization/mola_lidar_odometry/test/mulran_KAIST01_fragment_gt.tum	file
mola_latest_20260917_ws/src/mola_lidar_odometry/test/test_keyframe_decider.cpp	localization/mola_lidar_odometry/test/test_keyframe_decider.cpp	file
mola_latest_20260917_ws/src/mola_lidar_odometry/test/kitti_00_fragment_gt.tum	localization/mola_lidar_odometry/test/kitti_00_fragment_gt.tum	file
mola_latest_20260917_ws/src/mola_lidar_odometry/test/rslidar_fragment_gt.tum	localization/mola_lidar_odometry/test/rslidar_fragment_gt.tum	file
mola_latest_20260917_ws/src/mola_lidar_odometry/test/test_lidar_odometry_rosbag2.cpp	localization/mola_lidar_odometry/test/test_lidar_odometry_rosbag2.cpp	file
mola_latest_20260917_ws/src/mola_lidar_odometry/test/test_lidar_odometry_rawlog.cpp	localization/mola_lidar_odometry/test/test_lidar_odometry_rawlog.cpp	file
mola_latest_20260917_ws/src/mola_lidar_odometry/test/test_map_frame_relevel.cpp	localization/mola_lidar_odometry/test/test_map_frame_relevel.cpp	file
mola_latest_20260917_ws/src/mola_lidar_odometry/test/CMakeLists.txt	localization/mola_lidar_odometry/test/CMakeLists.txt	file
mola_latest_20260917_ws/src/mola_lidar_odometry/test/test_imu_scan_sync.cpp	localization/mola_lidar_odometry/test/test_imu_scan_sync.cpp	file
mola_latest_20260917_ws/src/mola_lidar_odometry/test/test_gravity_map_aligner.cpp	localization/mola_lidar_odometry/test/test_gravity_map_aligner.cpp	file
mola_latest_20260917_ws/src/mola_lidar_odometry/ros2-launchs/ros2-lidar-odometry.launch.py	localization/mola_lidar_odometry/ros2-launchs/ros2-lidar-odometry.launch.py	file
mola_latest_20260917_ws/src/mola_lidar_odometry/ros2-launchs/kitti-ros2-lidar-odometry.launch.py	localization/mola_lidar_odometry/ros2-launchs/kitti-ros2-lidar-odometry.launch.py	file
mola_latest_20260917_ws/src/mola_lidar_odometry/CHANGELOG.rst	localization/mola_lidar_odometry/CHANGELOG.rst	file
mola_latest_20260917_ws/src/mola_lidar_odometry/README.md	localization/mola_lidar_odometry/README.md	file
mola_latest_20260917_ws/src/mola_lidar_odometry/module/src/LidarOdometry_MapServer.cpp	localization/mola_lidar_odometry/module/src/LidarOdometry_MapServer.cpp	file
mola_latest_20260917_ws/src/mola_lidar_odometry/module/src/LidarOdometry_AdaptiveVariables.cpp	localization/mola_lidar_odometry/module/src/LidarOdometry_AdaptiveVariables.cpp	file
mola_latest_20260917_ws/src/mola_lidar_odometry/module/src/LidarOdometry_GUI.cpp	localization/mola_lidar_odometry/module/src/LidarOdometry_GUI.cpp	file
mola_latest_20260917_ws/src/mola_lidar_odometry/module/src/LidarOdometry_Initialize.cpp	localization/mola_lidar_odometry/module/src/LidarOdometry_Initialize.cpp	file
mola_latest_20260917_ws/src/mola_lidar_odometry/module/src/MapFrameRelevel.cpp	localization/mola_lidar_odometry/module/src/MapFrameRelevel.cpp	file
mola_latest_20260917_ws/src/mola_lidar_odometry/module/src/register.cpp	localization/mola_lidar_odometry/module/src/register.cpp	file
mola_latest_20260917_ws/src/mola_lidar_odometry/module/src/LidarOdometry_ProcessScan.cpp	localization/mola_lidar_odometry/module/src/LidarOdometry_ProcessScan.cpp	file
mola_latest_20260917_ws/src/mola_lidar_odometry/module/src/LidarOdometry_Parameters.cpp	localization/mola_lidar_odometry/module/src/LidarOdometry_Parameters.cpp	file
mola_latest_20260917_ws/src/mola_lidar_odometry/module/src/LidarOdometry_Relocalization.cpp	localization/mola_lidar_odometry/module/src/LidarOdometry_Relocalization.cpp	file
mola_latest_20260917_ws/src/mola_lidar_odometry/module/src/LidarOdometry_SensorCallbacks.cpp	localization/mola_lidar_odometry/module/src/LidarOdometry_SensorCallbacks.cpp	file
mola_latest_20260917_ws/src/mola_lidar_odometry/module/src/LidarOdometry_Main.cpp	localization/mola_lidar_odometry/module/src/LidarOdometry_Main.cpp	file
mola_latest_20260917_ws/src/mola_lidar_odometry/module/src/GravityMapAligner.cpp	localization/mola_lidar_odometry/module/src/GravityMapAligner.cpp	file
mola_latest_20260917_ws/src/mola_lidar_odometry/module/src/KeyframeDecider.cpp	localization/mola_lidar_odometry/module/src/KeyframeDecider.cpp	file
mola_latest_20260917_ws/src/mola_lidar_odometry/module/src/LidarOdometry_InitialLocalization.cpp	localization/mola_lidar_odometry/module/src/LidarOdometry_InitialLocalization.cpp	file
mola_latest_20260917_ws/src/mola_lidar_odometry/module/src/libcfgpath/cfgpath.h	localization/mola_lidar_odometry/module/src/libcfgpath/cfgpath.h	file
mola_latest_20260917_ws/src/mola_lidar_odometry/module/src/libcfgpath/README.md	localization/mola_lidar_odometry/module/src/libcfgpath/README.md	file
mola_latest_20260917_ws/src/mola_lidar_odometry/module/src/libcfgpath/.clang-format	localization/mola_lidar_odometry/module/src/libcfgpath/.clang-format	file
mola_latest_20260917_ws/src/mola_lidar_odometry/module/src/LidarOdometry_Publish.cpp	localization/mola_lidar_odometry/module/src/LidarOdometry_Publish.cpp	file
mola_latest_20260917_ws/src/mola_lidar_odometry/module/include/mola_lidar_odometry/ImuScanSync.h	localization/mola_lidar_odometry/module/include/mola_lidar_odometry/ImuScanSync.h	file
mola_latest_20260917_ws/src/mola_lidar_odometry/module/include/mola_lidar_odometry/GravityMapAligner.h	localization/mola_lidar_odometry/module/include/mola_lidar_odometry/GravityMapAligner.h	file
mola_latest_20260917_ws/src/mola_lidar_odometry/module/include/mola_lidar_odometry/KeyframeDecider.h	localization/mola_lidar_odometry/module/include/mola_lidar_odometry/KeyframeDecider.h	file
mola_latest_20260917_ws/src/mola_lidar_odometry/module/include/mola_lidar_odometry/LidarOdometry.h	localization/mola_lidar_odometry/module/include/mola_lidar_odometry/LidarOdometry.h	file
mola_latest_20260917_ws/src/mola_lidar_odometry/module/include/mola_lidar_odometry/MapFrameRelevel.h	localization/mola_lidar_odometry/module/include/mola_lidar_odometry/MapFrameRelevel.h	file
mola_latest_20260917_ws/src/mola_lidar_odometry/eval/cli_kitti360.sh	localization/mola_lidar_odometry/eval/cli_kitti360.sh	file
mola_latest_20260917_ws/src/mola_lidar_odometry/eval/cli_kitti.sh	localization/mola_lidar_odometry/eval/cli_kitti.sh	file
mola_latest_20260917_ws/src/mola_lidar_odometry/eval/gui_backpack_ual_citeIV.sh	localization/mola_lidar_odometry/eval/gui_backpack_ual_citeIV.sh	file
mola_latest_20260917_ws/src/mola_lidar_odometry/eval/cli_mulran.sh	localization/mola_lidar_odometry/eval/cli_mulran.sh	file
mola_latest_20260917_ws/src/mola_lidar_odometry/eval/gui_vlp16_ual_campus_2018_dataset_1.sh	localization/mola_lidar_odometry/eval/gui_vlp16_ual_campus_2018_dataset_1.sh	file
mola_latest_20260917_ws/src/mola_lidar_odometry/eval/.gitignore	localization/mola_lidar_odometry/eval/.gitignore	file
mola_latest_20260917_ws/src/mola_lidar_odometry/eval/gui_vlp16_ual_campus_2018_dataset_2.sh	localization/mola_lidar_odometry/eval/gui_vlp16_ual_campus_2018_dataset_2.sh	file
mola_latest_20260917_ws/src/mola_lidar_odometry/eval/cli_kitti_gicp.sh	localization/mola_lidar_odometry/eval/cli_kitti_gicp.sh	file
mola_latest_20260917_ws/src/mola_lidar_odometry/mola-cli-launchs/lidar_odometry_ros2.yaml	localization/mola_lidar_odometry/mola-cli-launchs/lidar_odometry_ros2.yaml	file
mola_latest_20260917_ws/src/mola_lidar_odometry/mola-cli-launchs/lidar_odometry_from_kitti_output_ros2.yaml	localization/mola_lidar_odometry/mola-cli-launchs/lidar_odometry_from_kitti_output_ros2.yaml	file
mola_latest_20260917_ws/src/mola_lidar_odometry/mola-cli-launchs/lidar_odometry_from_botanicgarden_livox.yaml	localization/mola_lidar_odometry/mola-cli-launchs/lidar_odometry_from_botanicgarden_livox.yaml	file
mola_latest_20260917_ws/src/mola_lidar_odometry/mola-cli-launchs/lidar_odometry_from_rawlog.yaml	localization/mola_lidar_odometry/mola-cli-launchs/lidar_odometry_from_rawlog.yaml	file
mola_latest_20260917_ws/src/mola_lidar_odometry/mola-cli-launchs/lidar_odometry_from_kitti360.yaml	localization/mola_lidar_odometry/mola-cli-launchs/lidar_odometry_from_kitti360.yaml	file
mola_latest_20260917_ws/src/mola_lidar_odometry/mola-cli-launchs/lidar_odometry_from_paris_luco.yaml	localization/mola_lidar_odometry/mola-cli-launchs/lidar_odometry_from_paris_luco.yaml	file
mola_latest_20260917_ws/src/mola_lidar_odometry/mola-cli-launchs/lidar_odometry_from_botanicgarden.yaml	localization/mola_lidar_odometry/mola-cli-launchs/lidar_odometry_from_botanicgarden.yaml	file
mola_latest_20260917_ws/src/mola_lidar_odometry/mola-cli-launchs/lidar_odometry_from_kitti.yaml	localization/mola_lidar_odometry/mola-cli-launchs/lidar_odometry_from_kitti.yaml	file
mola_latest_20260917_ws/src/mola_lidar_odometry/mola-cli-launchs/lidar_odometry_from_citrusfarm.yaml	localization/mola_lidar_odometry/mola-cli-launchs/lidar_odometry_from_citrusfarm.yaml	file
mola_latest_20260917_ws/src/mola_lidar_odometry/mola-cli-launchs/lidar_odometry_from_rosbag1.yaml	localization/mola_lidar_odometry/mola-cli-launchs/lidar_odometry_from_rosbag1.yaml	file
mola_latest_20260917_ws/src/mola_lidar_odometry/mola-cli-launchs/.gitignore	localization/mola_lidar_odometry/mola-cli-launchs/.gitignore	file
mola_latest_20260917_ws/src/mola_lidar_odometry/mola-cli-launchs/lidar_odometry_from_mulran.yaml	localization/mola_lidar_odometry/mola-cli-launchs/lidar_odometry_from_mulran.yaml	file
mola_latest_20260917_ws/src/mola_lidar_odometry/mola-cli-launchs/lidar_odometry_from_oxford_spires.yaml	localization/mola_lidar_odometry/mola-cli-launchs/lidar_odometry_from_oxford_spires.yaml	file
mola_latest_20260917_ws/src/mola_lidar_odometry/mola-cli-launchs/lidar_odometry_from_ouster.yaml	localization/mola_lidar_odometry/mola-cli-launchs/lidar_odometry_from_ouster.yaml	file
mola_latest_20260917_ws/src/mola_lidar_odometry/mola-cli-launchs/lidar_odometry_from_rosbag2.yaml	localization/mola_lidar_odometry/mola-cli-launchs/lidar_odometry_from_rosbag2.yaml	file
mola_latest_20260917_ws/src/mola_lidar_odometry/apps/mola-lidar-odometry-cli.cpp	localization/mola_lidar_odometry/apps/mola-lidar-odometry-cli.cpp	file
mola_latest_20260917_ws/src/mola_lidar_odometry/rviz2/kitti-lidar-odometry.rviz	localization/mola_lidar_odometry/rviz2/kitti-lidar-odometry.rviz	file
mola_latest_20260917_ws/src/mola_lidar_odometry/rviz2/lidar-odometry.rviz	localization/mola_lidar_odometry/rviz2/lidar-odometry.rviz	file
mola_latest_20260917_ws/src/mola_lidar_odometry/docs/mola_lidar_odometry.rst	localization/mola_lidar_odometry/docs/mola_lidar_odometry.rst	file
mola_latest_20260917_ws/src/mola_lidar_odometry/docs/imgs_sources/gui_parts.odp	localization/mola_lidar_odometry/docs/imgs_sources/gui_parts.odp	file
mola_latest_20260917_ws/src/mola_lidar_odometry/docs/imgs/gui_parts.png	localization/mola_lidar_odometry/docs/imgs/gui_parts.png	file
mola_latest_20260917_ws/src/mola_lidar_odometry/docs/imgs/mola_system_scheme.png	localization/mola_lidar_odometry/docs/imgs/mola_system_scheme.png	file
mola_latest_20260917_ws/src/mola_lidar_odometry/docs/imgs/mola_lidar_odometry_architecture.png	localization/mola_lidar_odometry/docs/imgs/mola_lidar_odometry_architecture.png	file
mola_latest_20260917_ws/src/mola_lidar_odometry/docs/mola_lo_apps.rst	localization/mola_lidar_odometry/docs/mola_lo_apps.rst	file
mola_latest_20260917_ws/src/mola_lidar_odometry/docs/mola_lo_pipelines.rst	localization/mola_lidar_odometry/docs/mola_lo_pipelines.rst	file
mola_latest_20260917_ws/src/mola_lidar_odometry/docs/mola_lo_ros_node.rst	localization/mola_lidar_odometry/docs/mola_lo_ros_node.rst	file
mola_latest_20260917_ws/src/mola_lidar_odometry/docs/mola_lo_diagnostics.rst	localization/mola_lidar_odometry/docs/mola_lo_diagnostics.rst	file
mola_latest_20260917_ws/src/mola_lidar_odometry/CMakeLists.txt	localization/mola_lidar_odometry/CMakeLists.txt	file
mola_latest_20260917_ws/src/mola_lidar_odometry/cla/individual-cla.md	localization/mola_lidar_odometry/cla/individual-cla.md	file
mola_latest_20260917_ws/src/mola_lidar_odometry/LICENSE	localization/mola_lidar_odometry/LICENSE	file
mola_latest_20260917_ws/src/mola_lidar_odometry/.gitignore	localization/mola_lidar_odometry/.gitignore	file
mola_latest_20260917_ws/src/mola_lidar_odometry/pipelines/lidar3d-default-voxelavg.yaml	localization/mola_lidar_odometry/pipelines/lidar3d-default-voxelavg.yaml	file
mola_latest_20260917_ws/src/mola_lidar_odometry/pipelines/lidar3d-icp-blend.yaml	localization/mola_lidar_odometry/pipelines/lidar3d-icp-blend.yaml	file
mola_latest_20260917_ws/src/mola_lidar_odometry/pipelines/lidar3d-gicp-optimize-twist.yaml	localization/mola_lidar_odometry/pipelines/lidar3d-gicp-optimize-twist.yaml	file
mola_latest_20260917_ws/src/mola_lidar_odometry/pipelines/lidar3d-fastlio-matching.yaml	localization/mola_lidar_odometry/pipelines/lidar3d-fastlio-matching.yaml	file
mola_latest_20260917_ws/src/mola_lidar_odometry/pipelines/lidar2d.yaml	localization/mola_lidar_odometry/pipelines/lidar2d.yaml	file
mola_latest_20260917_ws/src/mola_lidar_odometry/pipelines/lidar3d-gicp-single-filter.yaml	localization/mola_lidar_odometry/pipelines/lidar3d-gicp-single-filter.yaml	file
mola_latest_20260917_ws/src/mola_lidar_odometry/pipelines/lidar3d-dlio-like-only-downsample-voxelavg.yaml	localization/mola_lidar_odometry/pipelines/lidar3d-dlio-like-only-downsample-voxelavg.yaml	file
mola_latest_20260917_ws/src/mola_lidar_odometry/pipelines/lidar3d-dlio-like.yaml	localization/mola_lidar_odometry/pipelines/lidar3d-dlio-like.yaml	file
mola_latest_20260917_ws/src/mola_lidar_odometry/pipelines/lidar3d-ndt.yaml	localization/mola_lidar_odometry/pipelines/lidar3d-ndt.yaml	file
mola_latest_20260917_ws/src/mola_lidar_odometry/pipelines/lidar3d-default.yaml	localization/mola_lidar_odometry/pipelines/lidar3d-default.yaml	symlink
mola_latest_20260917_ws/src/mola_lidar_odometry/pipelines/lidar3d-gicp.yaml	localization/mola_lidar_odometry/pipelines/lidar3d-gicp.yaml	file
mola_latest_20260917_ws/src/mola_lidar_odometry/pipelines/lidar3d-dlio-like-only-downsample.yaml	localization/mola_lidar_odometry/pipelines/lidar3d-dlio-like-only-downsample.yaml	file
mola_latest_20260917_ws/src/mola_lidar_odometry/pipelines/extras/lidar3d-dual-map.yaml	localization/mola_lidar_odometry/pipelines/extras/lidar3d-dual-map.yaml	file
mola_latest_20260917_ws/src/mola_lidar_odometry/pipelines/extras/lidar3d-hybrid-pw.yaml	localization/mola_lidar_odometry/pipelines/extras/lidar3d-hybrid-pw.yaml	file
mola_latest_20260917_ws/src/mola_lidar_odometry/pipelines/extras/rgbd.yaml	localization/mola_lidar_odometry/pipelines/extras/rgbd.yaml	file
mola_latest_20260917_ws/src/mola_lidar_odometry/pipelines/extras/lidar3d-kissicp-like.yaml	localization/mola_lidar_odometry/pipelines/extras/lidar3d-kissicp-like.yaml	file
mola_latest_20260917_ws/src/mola_lidar_odometry/pipelines/extras/lidar3d-edges.yaml	localization/mola_lidar_odometry/pipelines/extras/lidar3d-edges.yaml	file
mola_latest_20260917_ws/src/mola_lidar_odometry/pipelines/extras/localmap_definition_pointmap.ini	localization/mola_lidar_odometry/pipelines/extras/localmap_definition_pointmap.ini	file
mola_latest_20260917_ws/src/mola_lidar_odometry/pipelines/lidar3d-ndt-blend.yaml	localization/mola_lidar_odometry/pipelines/lidar3d-ndt-blend.yaml	file
mola_latest_20260917_ws/src/mola_lidar_odometry/pipelines/.gitignore	localization/mola_lidar_odometry/pipelines/.gitignore	file
mola_latest_20260917_ws/src/mola_lidar_odometry/pipelines/lidar3d-dlio-like-worldframe-decimate.yaml	localization/mola_lidar_odometry/pipelines/lidar3d-dlio-like-worldframe-decimate.yaml	file
mola_latest_20260917_ws/src/mola_lidar_odometry/pipelines/lidar3d-dlio-like-revert-keyframe.yaml	localization/mola_lidar_odometry/pipelines/lidar3d-dlio-like-revert-keyframe.yaml	file
mola_latest_20260917_ws/src/mola_lidar_odometry/pipelines/lidar3d-dlio-like-revert-downsample.yaml	localization/mola_lidar_odometry/pipelines/lidar3d-dlio-like-revert-downsample.yaml	file
mola_latest_20260917_ws/src/mola_lidar_odometry/pipelines/lidar3d-icp.yaml	localization/mola_lidar_odometry/pipelines/lidar3d-icp.yaml	file
mola_latest_20260917_ws/src/mola_lidar_odometry/CONTRIBUTING.md	localization/mola_lidar_odometry/CONTRIBUTING.md	file
mola_latest_20260917_ws/src/mola_lidar_odometry/scripts/mola-lo-cli-kitti360	localization/mola_lidar_odometry/scripts/mola-lo-cli-kitti360	file
mola_latest_20260917_ws/src/mola_lidar_odometry/scripts/mola-lo-cli-grandtour	localization/mola_lidar_odometry/scripts/mola-lo-cli-grandtour	file
mola_latest_20260917_ws/src/mola_lidar_odometry/scripts/mola-lo-cli-tiers-ouster-os0	localization/mola_lidar_odometry/scripts/mola-lo-cli-tiers-ouster-os0	file
mola_latest_20260917_ws/src/mola_lidar_odometry/scripts/mola-lo-gui-botanicgarden	localization/mola_lidar_odometry/scripts/mola-lo-gui-botanicgarden	file
mola_latest_20260917_ws/src/mola_lidar_odometry/scripts/mola-lo-gui-ouster	localization/mola_lidar_odometry/scripts/mola-lo-gui-ouster	file
mola_latest_20260917_ws/src/mola_lidar_odometry/scripts/mola-lo-gui-conslam	localization/mola_lidar_odometry/scripts/mola-lo-gui-conslam	file
mola_latest_20260917_ws/src/mola_lidar_odometry/scripts/mola-lo-cli-rosbag1	localization/mola_lidar_odometry/scripts/mola-lo-cli-rosbag1	file
mola_latest_20260917_ws/src/mola_lidar_odometry/scripts/mola-lo-cli-rosbag2	localization/mola_lidar_odometry/scripts/mola-lo-cli-rosbag2	file
mola_latest_20260917_ws/src/mola_lidar_odometry/scripts/mola-lo-gui-tiers-ouster-os0	localization/mola_lidar_odometry/scripts/mola-lo-gui-tiers-ouster-os0	file
mola_latest_20260917_ws/src/mola_lidar_odometry/scripts/mola-lo-cli-mulran	localization/mola_lidar_odometry/scripts/mola-lo-cli-mulran	file
mola_latest_20260917_ws/src/mola_lidar_odometry/scripts/mola-lo-cli-rawlog	localization/mola_lidar_odometry/scripts/mola-lo-cli-rawlog	file
mola_latest_20260917_ws/src/mola_lidar_odometry/scripts/mola-lo-cli-tiers-ouster-os1	localization/mola_lidar_odometry/scripts/mola-lo-cli-tiers-ouster-os1	file
mola_latest_20260917_ws/src/mola_lidar_odometry/scripts/mola-lo-cli-conslam	localization/mola_lidar_odometry/scripts/mola-lo-cli-conslam	file
mola_latest_20260917_ws/src/mola_lidar_odometry/scripts/lib/profiles/ouster.sh	localization/mola_lidar_odometry/scripts/lib/profiles/ouster.sh	file
mola_latest_20260917_ws/src/mola_lidar_odometry/scripts/lib/profiles/mulran.sh	localization/mola_lidar_odometry/scripts/lib/profiles/mulran.sh	file
mola_latest_20260917_ws/src/mola_lidar_odometry/scripts/lib/profiles/tiers.sh	localization/mola_lidar_odometry/scripts/lib/profiles/tiers.sh	file
mola_latest_20260917_ws/src/mola_lidar_odometry/scripts/lib/profiles/rosbag2.sh	localization/mola_lidar_odometry/scripts/lib/profiles/rosbag2.sh	file
mola_latest_20260917_ws/src/mola_lidar_odometry/scripts/lib/profiles/kitti360.sh	localization/mola_lidar_odometry/scripts/lib/profiles/kitti360.sh	file
mola_latest_20260917_ws/src/mola_lidar_odometry/scripts/lib/profiles/oxford-spires.sh	localization/mola_lidar_odometry/scripts/lib/profiles/oxford-spires.sh	file
mola_latest_20260917_ws/src/mola_lidar_odometry/scripts/lib/profiles/paris-luco.sh	localization/mola_lidar_odometry/scripts/lib/profiles/paris-luco.sh	file
mola_latest_20260917_ws/src/mola_lidar_odometry/scripts/lib/profiles/rawlog.sh	localization/mola_lidar_odometry/scripts/lib/profiles/rawlog.sh	file
mola_latest_20260917_ws/src/mola_lidar_odometry/scripts/lib/profiles/grandtour.sh	localization/mola_lidar_odometry/scripts/lib/profiles/grandtour.sh	file
mola_latest_20260917_ws/src/mola_lidar_odometry/scripts/lib/profiles/botanicgarden.sh	localization/mola_lidar_odometry/scripts/lib/profiles/botanicgarden.sh	file
mola_latest_20260917_ws/src/mola_lidar_odometry/scripts/lib/profiles/rosbag1.sh	localization/mola_lidar_odometry/scripts/lib/profiles/rosbag1.sh	file
mola_latest_20260917_ws/src/mola_lidar_odometry/scripts/lib/profiles/kitti.sh	localization/mola_lidar_odometry/scripts/lib/profiles/kitti.sh	file
mola_latest_20260917_ws/src/mola_lidar_odometry/scripts/lib/profiles/conslam.sh	localization/mola_lidar_odometry/scripts/lib/profiles/conslam.sh	file
mola_latest_20260917_ws/src/mola_lidar_odometry/scripts/lib/profiles/citrusfarm.sh	localization/mola_lidar_odometry/scripts/lib/profiles/citrusfarm.sh	file
mola_latest_20260917_ws/src/mola_lidar_odometry/scripts/lib/dataset-profile.sh	localization/mola_lidar_odometry/scripts/lib/dataset-profile.sh	file
mola_latest_20260917_ws/src/mola_lidar_odometry/scripts/mola-lo-cli-tiers-velodyne	localization/mola_lidar_odometry/scripts/mola-lo-cli-tiers-velodyne	file
mola_latest_20260917_ws/src/mola_lidar_odometry/scripts/mola-lo-cli-kitti	localization/mola_lidar_odometry/scripts/mola-lo-cli-kitti	file
mola_latest_20260917_ws/src/mola_lidar_odometry/scripts/README.md	localization/mola_lidar_odometry/scripts/README.md	file
mola_latest_20260917_ws/src/mola_lidar_odometry/scripts/mola-lo-gui-citrusfarm	localization/mola_lidar_odometry/scripts/mola-lo-gui-citrusfarm	file
mola_latest_20260917_ws/src/mola_lidar_odometry/scripts/mola-lo-gui-paris-luco	localization/mola_lidar_odometry/scripts/mola-lo-gui-paris-luco	file
mola_latest_20260917_ws/src/mola_lidar_odometry/scripts/mola-lo-cli-tiers-livox-avia	localization/mola_lidar_odometry/scripts/mola-lo-cli-tiers-livox-avia	file
mola_latest_20260917_ws/src/mola_lidar_odometry/scripts/mola-lo-gui-kitti	localization/mola_lidar_odometry/scripts/mola-lo-gui-kitti	file
mola_latest_20260917_ws/src/mola_lidar_odometry/scripts/mola-lo-gui-kitti360	localization/mola_lidar_odometry/scripts/mola-lo-gui-kitti360	file
mola_latest_20260917_ws/src/mola_lidar_odometry/scripts/mola-lo-gui-rosbag1	localization/mola_lidar_odometry/scripts/mola-lo-gui-rosbag1	file
mola_latest_20260917_ws/src/mola_lidar_odometry/scripts/mola-lo-gui-mulran	localization/mola_lidar_odometry/scripts/mola-lo-gui-mulran	file
mola_latest_20260917_ws/src/mola_lidar_odometry/scripts/mola-lo-gui-grandtour	localization/mola_lidar_odometry/scripts/mola-lo-gui-grandtour	file
mola_latest_20260917_ws/src/mola_lidar_odometry/scripts/mola-lo-cli-tiers-livox-horizon	localization/mola_lidar_odometry/scripts/mola-lo-cli-tiers-livox-horizon	file
mola_latest_20260917_ws/src/mola_lidar_odometry/scripts/mola-lo-gui-tiers-livox-horizon	localization/mola_lidar_odometry/scripts/mola-lo-gui-tiers-livox-horizon	file
mola_latest_20260917_ws/src/mola_lidar_odometry/scripts/mola-lo-gui-tiers-ouster-os1	localization/mola_lidar_odometry/scripts/mola-lo-gui-tiers-ouster-os1	file
mola_latest_20260917_ws/src/mola_lidar_odometry/scripts/mola-lo-cli-botanicgarden	localization/mola_lidar_odometry/scripts/mola-lo-cli-botanicgarden	file
mola_latest_20260917_ws/src/mola_lidar_odometry/scripts/mola-lo-cli-citrusfarm	localization/mola_lidar_odometry/scripts/mola-lo-cli-citrusfarm	file
mola_latest_20260917_ws/src/mola_lidar_odometry/scripts/mola-lo-cli-oxford-spires	localization/mola_lidar_odometry/scripts/mola-lo-cli-oxford-spires	file
mola_latest_20260917_ws/src/mola_lidar_odometry/scripts/mola-lo-gui-tiers-livox-avia	localization/mola_lidar_odometry/scripts/mola-lo-gui-tiers-livox-avia	file
mola_latest_20260917_ws/src/mola_lidar_odometry/scripts/mola-lo-cli-paris-luco	localization/mola_lidar_odometry/scripts/mola-lo-cli-paris-luco	file
mola_latest_20260917_ws/src/mola_lidar_odometry/scripts/mola-lo-gui-rosbag2	localization/mola_lidar_odometry/scripts/mola-lo-gui-rosbag2	file
mola_latest_20260917_ws/src/mola_lidar_odometry/scripts/mola-lo-gui-rawlog	localization/mola_lidar_odometry/scripts/mola-lo-gui-rawlog	file
mola_latest_20260917_ws/src/mola_lidar_odometry/scripts/mola-lo-gui-tiers-velodyne	localization/mola_lidar_odometry/scripts/mola-lo-gui-tiers-velodyne	file
mola_latest_20260917_ws/src/mola_lidar_odometry/scripts/mola-lo-gui-oxford-spires	localization/mola_lidar_odometry/scripts/mola-lo-gui-oxford-spires	file
mola_latest_20260917_ws/src/mola_lidar_odometry/state-estimator-params/state-estimation-simple.yaml	localization/mola_lidar_odometry/state-estimator-params/state-estimation-simple.yaml	file
mola_latest_20260917_ws/src/mola_lidar_odometry/.clang-format	localization/mola_lidar_odometry/.clang-format	file
mola_latest_20260917_ws/src/mola_lidar_odometry/config/diagnostics_aggregator.yaml	localization/mola_lidar_odometry/config/diagnostics_aggregator.yaml	file
mola_latest_20260917_ws/src/mola_lidar_odometry/formatter.sh	localization/mola_lidar_odometry/formatter.sh	file
mola_latest_20260917_ws/src/mola_lidar_odometry/package.xml	localization/mola_lidar_odometry/package.xml	file
mola_latest_20260917_ws/src/mola_lidar_odometry/.clang-tidy	localization/mola_lidar_odometry/.clang-tidy	file
mola_latest_20260917_ws/src/mola_common/cmake_uninstall.cmake.in	localization/mola_common/cmake_uninstall.cmake.in	file
mola_latest_20260917_ws/src/mola_common/CHANGELOG.rst	localization/mola_common/CHANGELOG.rst	file
mola_latest_20260917_ws/src/mola_common/README.md	localization/mola_common/README.md	file
mola_latest_20260917_ws/src/mola_common/mola_common-config.cmake.in	localization/mola_common/mola_common-config.cmake.in	file
mola_latest_20260917_ws/src/mola_common/docs/module-mola-common.rst	localization/mola_common/docs/module-mola-common.rst	file
mola_latest_20260917_ws/src/mola_common/CMakeLists.txt	localization/mola_common/CMakeLists.txt	file
mola_latest_20260917_ws/src/mola_common/LICENSE	localization/mola_common/LICENSE	file
mola_latest_20260917_ws/src/mola_common/.gitignore	localization/mola_common/.gitignore	file
mola_latest_20260917_ws/src/mola_common/cmake/mola-xxx-config.cmake.in	localization/mola_common/cmake/mola-xxx-config.cmake.in	file
mola_latest_20260917_ws/src/mola_common/cmake/mola_cmake_functions.cmake	localization/mola_common/cmake/mola_cmake_functions.cmake	file
mola_latest_20260917_ws/src/mola_common/package.xml	localization/mola_common/package.xml	file
mola_latest_20260917_ws/src/mola_test_datasets/datasets/simplemaps/mvsim-warehouse01.simplemap	localization/mola_test_datasets/datasets/simplemaps/mvsim-warehouse01.simplemap	file
mola_latest_20260917_ws/src/mola_test_datasets/datasets/ual/ual_dataset_2014_05_23_2dlaser_odo.rawlog	localization/mola_test_datasets/datasets/ual/ual_dataset_2014_05_23_2dlaser_odo.rawlog	file
mola_latest_20260917_ws/src/mola_test_datasets/datasets/ual/README.md	localization/mola_test_datasets/datasets/ual/README.md	file
mola_latest_20260917_ws/src/mola_test_datasets/datasets/ual/LICENSE	localization/mola_test_datasets/datasets/ual/LICENSE	file
mola_latest_20260917_ws/src/mola_test_datasets/datasets/rslidar_warehouse/rslidar_fragment.mcap	localization/mola_test_datasets/datasets/rslidar_warehouse/rslidar_fragment.mcap	file
mola_latest_20260917_ws/src/mola_test_datasets/datasets/loop_closures/mulranDCC02_002.mm	localization/mola_test_datasets/datasets/loop_closures/mulranDCC02_002.mm	file
mola_latest_20260917_ws/src/mola_test_datasets/datasets/loop_closures/kitti02_007.mm	localization/mola_test_datasets/datasets/loop_closures/kitti02_007.mm	file
mola_latest_20260917_ws/src/mola_test_datasets/datasets/loop_closures/kitti00_040.mm	localization/mola_test_datasets/datasets/loop_closures/kitti00_040.mm	file
mola_latest_20260917_ws/src/mola_test_datasets/datasets/loop_closures/mulranDCC02_044.mm	localization/mola_test_datasets/datasets/loop_closures/mulranDCC02_044.mm	file
mola_latest_20260917_ws/src/mola_test_datasets/datasets/loop_closures/dataset.yaml	localization/mola_test_datasets/datasets/loop_closures/dataset.yaml	file
mola_latest_20260917_ws/src/mola_test_datasets/datasets/loop_closures/kitti00_000.mm	localization/mola_test_datasets/datasets/loop_closures/kitti00_000.mm	file
mola_latest_20260917_ws/src/mola_test_datasets/datasets/loop_closures/kitti02_033.mm	localization/mola_test_datasets/datasets/loop_closures/kitti02_033.mm	file
mola_latest_20260917_ws/src/mola_test_datasets/datasets/kitti/README.md	localization/mola_test_datasets/datasets/kitti/README.md	file
mola_latest_20260917_ws/src/mola_test_datasets/datasets/kitti/LICENSE	localization/mola_test_datasets/datasets/kitti/LICENSE	file
mola_latest_20260917_ws/src/mola_test_datasets/datasets/kitti/kitti_12_extract.rawlog	localization/mola_test_datasets/datasets/kitti/kitti_12_extract.rawlog	file
mola_latest_20260917_ws/src/mola_test_datasets/datasets/kitti/kitti_00_extract.rawlog	localization/mola_test_datasets/datasets/kitti/kitti_00_extract.rawlog	file
mola_latest_20260917_ws/src/mola_test_datasets/datasets/mulran/mulran_KAIST01_extract.rawlog	localization/mola_test_datasets/datasets/mulran/mulran_KAIST01_extract.rawlog	file
mola_latest_20260917_ws/src/mola_test_datasets/datasets/mulran/README.md	localization/mola_test_datasets/datasets/mulran/README.md	file
mola_latest_20260917_ws/src/mola_test_datasets/datasets/mulran/LICENSE	localization/mola_test_datasets/datasets/mulran/LICENSE	file
mola_latest_20260917_ws/src/mola_test_datasets/datasets/radish/mit-killian.rawlog	localization/mola_test_datasets/datasets/radish/mit-killian.rawlog	file
mola_latest_20260917_ws/src/mola_test_datasets/datasets/radish/aces.relations	localization/mola_test_datasets/datasets/radish/aces.relations	file
mola_latest_20260917_ws/src/mola_test_datasets/datasets/radish/mit-killian.clf.bz2	localization/mola_test_datasets/datasets/radish/mit-killian.clf.bz2	file
mola_latest_20260917_ws/src/mola_test_datasets/datasets/radish/fr079.rawlog	localization/mola_test_datasets/datasets/radish/fr079.rawlog	file
mola_latest_20260917_ws/src/mola_test_datasets/datasets/radish/mit-csail.clf.bz2	localization/mola_test_datasets/datasets/radish/mit-csail.clf.bz2	file
mola_latest_20260917_ws/src/mola_test_datasets/datasets/radish/fr-clinic_robotlaser.clf.bz2	localization/mola_test_datasets/datasets/radish/fr-clinic_robotlaser.clf.bz2	file
mola_latest_20260917_ws/src/mola_test_datasets/datasets/radish/mit-csail.rawlog	localization/mola_test_datasets/datasets/radish/mit-csail.rawlog	file
mola_latest_20260917_ws/src/mola_test_datasets/datasets/radish/intel.clf.bz2	localization/mola_test_datasets/datasets/radish/intel.clf.bz2	file
mola_latest_20260917_ws/src/mola_test_datasets/datasets/radish/README.md	localization/mola_test_datasets/datasets/radish/README.md	file
mola_latest_20260917_ws/src/mola_test_datasets/datasets/radish/intel.rawlog	localization/mola_test_datasets/datasets/radish/intel.rawlog	file
mola_latest_20260917_ws/src/mola_test_datasets/datasets/radish/aces.rawlog	localization/mola_test_datasets/datasets/radish/aces.rawlog	file
mola_latest_20260917_ws/src/mola_test_datasets/datasets/radish/fr079.clf.bz2	localization/mola_test_datasets/datasets/radish/fr079.clf.bz2	file
mola_latest_20260917_ws/src/mola_test_datasets/datasets/radish/aces.clf.bz2	localization/mola_test_datasets/datasets/radish/aces.clf.bz2	file
mola_latest_20260917_ws/src/mola_test_datasets/datasets/radish/fr-clinic_robotlaser.rawlog	localization/mola_test_datasets/datasets/radish/fr-clinic_robotlaser.rawlog	file
mola_latest_20260917_ws/src/mola_test_datasets/datasets/radish/LICENSE	localization/mola_test_datasets/datasets/radish/LICENSE	file
mola_latest_20260917_ws/src/mola_test_datasets/datasets/g2o/README.md	localization/mola_test_datasets/datasets/g2o/README.md	file
mola_latest_20260917_ws/src/mola_test_datasets/datasets/g2o/parking-garage.g2o	localization/mola_test_datasets/datasets/g2o/parking-garage.g2o	file
mola_latest_20260917_ws/src/mola_test_datasets/datasets/g2o/LICENSE	localization/mola_test_datasets/datasets/g2o/LICENSE	file
mola_latest_20260917_ws/src/mola_test_datasets/index.html	localization/mola_test_datasets/index.html	file
mola_latest_20260917_ws/src/mola_test_datasets/build-index.sh	localization/mola_test_datasets/build-index.sh	file
mola_latest_20260917_ws/src/mola_test_datasets/CHANGELOG.rst	localization/mola_test_datasets/CHANGELOG.rst	file
mola_latest_20260917_ws/src/mola_test_datasets/README.md	localization/mola_test_datasets/README.md	file
mola_latest_20260917_ws/src/mola_test_datasets/CMakeLists.txt	localization/mola_test_datasets/CMakeLists.txt	file
mola_latest_20260917_ws/src/mola_test_datasets/LICENSE	localization/mola_test_datasets/LICENSE	file
mola_latest_20260917_ws/src/mola_test_datasets/.gitignore	localization/mola_test_datasets/.gitignore	file
mola_latest_20260917_ws/src/mola_test_datasets/package.xml	localization/mola_test_datasets/package.xml	file
mola_latest_20260917_ws/src/mola_academic_datasets/agents.md	localization/mola_source_metadata/mola_academic_datasets/agents.md	file
mola_latest_20260917_ws/src/mola_academic_datasets/colcon_defaults.yaml	localization/mola_source_metadata/mola_academic_datasets/colcon_defaults.yaml	file
mola_latest_20260917_ws/src/mola_academic_datasets/.github/workflows/build-ros.yml	localization/mola_source_metadata/mola_academic_datasets/.github/workflows/build-ros.yml	file
mola_latest_20260917_ws/src/mola_academic_datasets/.github/workflows/check-clang-format.yml	localization/mola_source_metadata/mola_academic_datasets/.github/workflows/check-clang-format.yml	file
mola_latest_20260917_ws/src/mola_academic_datasets/mola_input_paris_luco_dataset/src/ParisLucoDataset.cpp	localization/mola_input_paris_luco_dataset/src/ParisLucoDataset.cpp	file
mola_latest_20260917_ws/src/mola_academic_datasets/mola_input_paris_luco_dataset/CHANGELOG.rst	localization/mola_input_paris_luco_dataset/CHANGELOG.rst	file
mola_latest_20260917_ws/src/mola_academic_datasets/mola_input_paris_luco_dataset/README.md	localization/mola_input_paris_luco_dataset/README.md	file
mola_latest_20260917_ws/src/mola_academic_datasets/mola_input_paris_luco_dataset/CMakeLists.txt	localization/mola_input_paris_luco_dataset/CMakeLists.txt	file
mola_latest_20260917_ws/src/mola_academic_datasets/mola_input_paris_luco_dataset/LICENSE	localization/mola_input_paris_luco_dataset/LICENSE	file
mola_latest_20260917_ws/src/mola_academic_datasets/mola_input_paris_luco_dataset/include/mola_input_paris_luco_dataset/ParisLucoDataset.h	localization/mola_input_paris_luco_dataset/include/mola_input_paris_luco_dataset/ParisLucoDataset.h	file
mola_latest_20260917_ws/src/mola_academic_datasets/mola_input_paris_luco_dataset/package.xml	localization/mola_input_paris_luco_dataset/package.xml	file
mola_latest_20260917_ws/src/mola_academic_datasets/README.md	localization/mola_source_metadata/mola_academic_datasets/README.md	file
mola_latest_20260917_ws/src/mola_academic_datasets/mola_input_kitti360_dataset/src/Kitti360Dataset.cpp	localization/mola_input_kitti360_dataset/src/Kitti360Dataset.cpp	file
mola_latest_20260917_ws/src/mola_academic_datasets/mola_input_kitti360_dataset/CHANGELOG.rst	localization/mola_input_kitti360_dataset/CHANGELOG.rst	file
mola_latest_20260917_ws/src/mola_academic_datasets/mola_input_kitti360_dataset/README.md	localization/mola_input_kitti360_dataset/README.md	file
mola_latest_20260917_ws/src/mola_academic_datasets/mola_input_kitti360_dataset/CMakeLists.txt	localization/mola_input_kitti360_dataset/CMakeLists.txt	file
mola_latest_20260917_ws/src/mola_academic_datasets/mola_input_kitti360_dataset/LICENSE	localization/mola_input_kitti360_dataset/LICENSE	file
mola_latest_20260917_ws/src/mola_academic_datasets/mola_input_kitti360_dataset/include/mola_input_kitti360_dataset/Kitti360Dataset.h	localization/mola_input_kitti360_dataset/include/mola_input_kitti360_dataset/Kitti360Dataset.h	file
mola_latest_20260917_ws/src/mola_academic_datasets/mola_input_kitti360_dataset/package.xml	localization/mola_input_kitti360_dataset/package.xml	file
mola_latest_20260917_ws/src/mola_academic_datasets/mola_input_euroc_dataset/src/EurocDataset.cpp	localization/mola_input_euroc_dataset/src/EurocDataset.cpp	file
mola_latest_20260917_ws/src/mola_academic_datasets/mola_input_euroc_dataset/CHANGELOG.rst	localization/mola_input_euroc_dataset/CHANGELOG.rst	file
mola_latest_20260917_ws/src/mola_academic_datasets/mola_input_euroc_dataset/README.md	localization/mola_input_euroc_dataset/README.md	file
mola_latest_20260917_ws/src/mola_academic_datasets/mola_input_euroc_dataset/CMakeLists.txt	localization/mola_input_euroc_dataset/CMakeLists.txt	file
mola_latest_20260917_ws/src/mola_academic_datasets/mola_input_euroc_dataset/LICENSE	localization/mola_input_euroc_dataset/LICENSE	file
mola_latest_20260917_ws/src/mola_academic_datasets/mola_input_euroc_dataset/include/mola_input_euroc_dataset/EurocDataset.h	localization/mola_input_euroc_dataset/include/mola_input_euroc_dataset/EurocDataset.h	file
mola_latest_20260917_ws/src/mola_academic_datasets/mola_input_euroc_dataset/package.xml	localization/mola_input_euroc_dataset/package.xml	file
mola_latest_20260917_ws/src/mola_academic_datasets/kitti_metrics_eval/CHANGELOG.rst	localization/kitti_metrics_eval/CHANGELOG.rst	file
mola_latest_20260917_ws/src/mola_academic_datasets/kitti_metrics_eval/README.md	localization/kitti_metrics_eval/README.md	file
mola_latest_20260917_ws/src/mola_academic_datasets/kitti_metrics_eval/apps/kitti-metrics-eval.cpp	localization/kitti_metrics_eval/apps/kitti-metrics-eval.cpp	file
mola_latest_20260917_ws/src/mola_academic_datasets/kitti_metrics_eval/CMakeLists.txt	localization/kitti_metrics_eval/CMakeLists.txt	file
mola_latest_20260917_ws/src/mola_academic_datasets/kitti_metrics_eval/LICENSE	localization/kitti_metrics_eval/LICENSE	file
mola_latest_20260917_ws/src/mola_academic_datasets/kitti_metrics_eval/package.xml	localization/kitti_metrics_eval/package.xml	file
mola_latest_20260917_ws/src/mola_academic_datasets/mola_input_mulran_dataset/src/MulranDataset.cpp	localization/mola_input_mulran_dataset/src/MulranDataset.cpp	file
mola_latest_20260917_ws/src/mola_academic_datasets/mola_input_mulran_dataset/CHANGELOG.rst	localization/mola_input_mulran_dataset/CHANGELOG.rst	file
mola_latest_20260917_ws/src/mola_academic_datasets/mola_input_mulran_dataset/README.md	localization/mola_input_mulran_dataset/README.md	file
mola_latest_20260917_ws/src/mola_academic_datasets/mola_input_mulran_dataset/CMakeLists.txt	localization/mola_input_mulran_dataset/CMakeLists.txt	file
mola_latest_20260917_ws/src/mola_academic_datasets/mola_input_mulran_dataset/LICENSE	localization/mola_input_mulran_dataset/LICENSE	file
mola_latest_20260917_ws/src/mola_academic_datasets/mola_input_mulran_dataset/include/mola_input_mulran_dataset/MulranDataset.h	localization/mola_input_mulran_dataset/include/mola_input_mulran_dataset/MulranDataset.h	file
mola_latest_20260917_ws/src/mola_academic_datasets/mola_input_mulran_dataset/package.xml	localization/mola_input_mulran_dataset/package.xml	file
mola_latest_20260917_ws/src/mola_academic_datasets/mola_academic_datasets/CHANGELOG.rst	localization/mola_academic_datasets/CHANGELOG.rst	file
mola_latest_20260917_ws/src/mola_academic_datasets/mola_academic_datasets/CMakeLists.txt	localization/mola_academic_datasets/CMakeLists.txt	file
mola_latest_20260917_ws/src/mola_academic_datasets/mola_academic_datasets/LICENSE	localization/mola_academic_datasets/LICENSE	file
mola_latest_20260917_ws/src/mola_academic_datasets/mola_academic_datasets/package.xml	localization/mola_academic_datasets/package.xml	file
mola_latest_20260917_ws/src/mola_academic_datasets/mola_input_kitti_dataset/src/KittiOdometryDataset.cpp	localization/mola_input_kitti_dataset/src/KittiOdometryDataset.cpp	file
mola_latest_20260917_ws/src/mola_academic_datasets/mola_input_kitti_dataset/CHANGELOG.rst	localization/mola_input_kitti_dataset/CHANGELOG.rst	file
mola_latest_20260917_ws/src/mola_academic_datasets/mola_input_kitti_dataset/matlab/reproject_kitti_scan_txt.m	localization/mola_input_kitti_dataset/matlab/reproject_kitti_scan_txt.m	file
mola_latest_20260917_ws/src/mola_academic_datasets/mola_input_kitti_dataset/README.md	localization/mola_input_kitti_dataset/README.md	file
mola_latest_20260917_ws/src/mola_academic_datasets/mola_input_kitti_dataset/CMakeLists.txt	localization/mola_input_kitti_dataset/CMakeLists.txt	file
mola_latest_20260917_ws/src/mola_academic_datasets/mola_input_kitti_dataset/LICENSE	localization/mola_input_kitti_dataset/LICENSE	file
mola_latest_20260917_ws/src/mola_academic_datasets/mola_input_kitti_dataset/include/mola_input_kitti_dataset/KittiOdometryDataset.h	localization/mola_input_kitti_dataset/include/mola_input_kitti_dataset/KittiOdometryDataset.h	file
mola_latest_20260917_ws/src/mola_academic_datasets/mola_input_kitti_dataset/package.xml	localization/mola_input_kitti_dataset/package.xml	file
mola_latest_20260917_ws/src/mola_academic_datasets/cla/individual-cla.md	localization/mola_source_metadata/mola_academic_datasets/cla/individual-cla.md	file
mola_latest_20260917_ws/src/mola_academic_datasets/.gitignore	localization/mola_source_metadata/mola_academic_datasets/.gitignore	file
mola_latest_20260917_ws/src/mola_academic_datasets/scripts/generate_statuses_table.py	localization/mola_source_metadata/mola_academic_datasets/scripts/generate_statuses_table.py	file
mola_latest_20260917_ws/src/mola_academic_datasets/scripts/formatter.sh	localization/mola_source_metadata/mola_academic_datasets/scripts/formatter.sh	file
mola_latest_20260917_ws/src/mola_academic_datasets/.clang-format	localization/mola_source_metadata/mola_academic_datasets/.clang-format	file
mola_latest_20260917_ws/src/mola_academic_datasets/.clang-tidy	localization/mola_source_metadata/mola_academic_datasets/.clang-tidy	file
mola_latest_20260917_ws/src/mola/mola_input_video/src/VideoDataset.cpp	localization/mola_input_video/src/VideoDataset.cpp	file
mola_latest_20260917_ws/src/mola/mola_input_video/CHANGELOG.rst	localization/mola_input_video/CHANGELOG.rst	file
mola_latest_20260917_ws/src/mola/mola_input_video/README.md	localization/mola_input_video/README.md	file
mola_latest_20260917_ws/src/mola/mola_input_video/CMakeLists.txt	localization/mola_input_video/CMakeLists.txt	file
mola_latest_20260917_ws/src/mola/mola_input_video/LICENSE	localization/mola_input_video/LICENSE	file
mola_latest_20260917_ws/src/mola/mola_input_video/include/mola_input_video/VideoDataset.h	localization/mola_input_video/include/mola_input_video/VideoDataset.h	file
mola_latest_20260917_ws/src/mola/mola_input_video/package.xml	localization/mola_input_video/package.xml	file
mola_latest_20260917_ws/src/mola/agents.md	localization/mola_source_metadata/mola/agents.md	file
mola_latest_20260917_ws/src/mola/.vscode/settings.json	localization/mola_source_metadata/mola/.vscode/settings.json	file
mola_latest_20260917_ws/src/mola/.vscode/c_cpp_properties.json	localization/mola_source_metadata/mola/.vscode/c_cpp_properties.json	file
mola_latest_20260917_ws/src/mola/colcon_defaults.yaml	localization/mola_source_metadata/mola/colcon_defaults.yaml	file
mola_latest_20260917_ws/src/mola/.github/workflows/build-ros.yml	localization/mola_source_metadata/mola/.github/workflows/build-ros.yml	file
mola_latest_20260917_ws/src/mola/.github/workflows/check-clang-format.yml	localization/mola_source_metadata/mola/.github/workflows/check-clang-format.yml	file
mola_latest_20260917_ws/src/mola/.github/workflows/check-docs.yml	localization/mola_source_metadata/mola/.github/workflows/check-docs.yml	file
mola_latest_20260917_ws/src/mola/mola_metric_maps/3rdparty/CMakeLists.txt	localization/mola_metric_maps/3rdparty/CMakeLists.txt	file
mola_latest_20260917_ws/src/mola/mola_metric_maps/3rdparty/robin-map/.github/workflows/ci.yml	localization/mola_metric_maps/3rdparty/robin-map/.github/workflows/ci.yml	file
mola_latest_20260917_ws/src/mola/mola_metric_maps/3rdparty/robin-map/doxygen.conf	localization/mola_metric_maps/3rdparty/robin-map/doxygen.conf	file
mola_latest_20260917_ws/src/mola/mola_metric_maps/3rdparty/robin-map/README.md	localization/mola_metric_maps/3rdparty/robin-map/README.md	file
mola_latest_20260917_ws/src/mola/mola_metric_maps/3rdparty/robin-map/tests/main.cpp	localization/mola_metric_maps/3rdparty/robin-map/tests/main.cpp	file
mola_latest_20260917_ws/src/mola/mola_metric_maps/3rdparty/robin-map/tests/robin_map_tests.cpp	localization/mola_metric_maps/3rdparty/robin-map/tests/robin_map_tests.cpp	file
mola_latest_20260917_ws/src/mola/mola_metric_maps/3rdparty/robin-map/tests/policy_tests.cpp	localization/mola_metric_maps/3rdparty/robin-map/tests/policy_tests.cpp	file
mola_latest_20260917_ws/src/mola/mola_metric_maps/3rdparty/robin-map/tests/robin_set_tests.cpp	localization/mola_metric_maps/3rdparty/robin-map/tests/robin_set_tests.cpp	file
mola_latest_20260917_ws/src/mola/mola_metric_maps/3rdparty/robin-map/tests/CMakeLists.txt	localization/mola_metric_maps/3rdparty/robin-map/tests/CMakeLists.txt	file
mola_latest_20260917_ws/src/mola/mola_metric_maps/3rdparty/robin-map/tests/custom_allocator_tests.cpp	localization/mola_metric_maps/3rdparty/robin-map/tests/custom_allocator_tests.cpp	file
mola_latest_20260917_ws/src/mola/mola_metric_maps/3rdparty/robin-map/tests/utils.h	localization/mola_metric_maps/3rdparty/robin-map/tests/utils.h	file
mola_latest_20260917_ws/src/mola/mola_metric_maps/3rdparty/robin-map/CMakeLists.txt	localization/mola_metric_maps/3rdparty/robin-map/CMakeLists.txt	file
mola_latest_20260917_ws/src/mola/mola_metric_maps/3rdparty/robin-map/tsl-robin-map.natvis	localization/mola_metric_maps/3rdparty/robin-map/tsl-robin-map.natvis	file
mola_latest_20260917_ws/src/mola/mola_metric_maps/3rdparty/robin-map/LICENSE	localization/mola_metric_maps/3rdparty/robin-map/LICENSE	file
mola_latest_20260917_ws/src/mola/mola_metric_maps/3rdparty/robin-map/.codecov.yml	localization/mola_metric_maps/3rdparty/robin-map/.codecov.yml	file
mola_latest_20260917_ws/src/mola/mola_metric_maps/3rdparty/robin-map/.clang-format	localization/mola_metric_maps/3rdparty/robin-map/.clang-format	file
mola_latest_20260917_ws/src/mola/mola_metric_maps/3rdparty/robin-map/include/tsl/robin_set.h	localization/mola_metric_maps/3rdparty/robin-map/include/tsl/robin_set.h	file
mola_latest_20260917_ws/src/mola/mola_metric_maps/3rdparty/robin-map/include/tsl/robin_growth_policy.h	localization/mola_metric_maps/3rdparty/robin-map/include/tsl/robin_growth_policy.h	file
mola_latest_20260917_ws/src/mola/mola_metric_maps/3rdparty/robin-map/include/tsl/robin_hash.h	localization/mola_metric_maps/3rdparty/robin-map/include/tsl/robin_hash.h	file
mola_latest_20260917_ws/src/mola/mola_metric_maps/3rdparty/robin-map/include/tsl/robin_map.h	localization/mola_metric_maps/3rdparty/robin-map/include/tsl/robin_map.h	file
mola_latest_20260917_ws/src/mola/mola_metric_maps/3rdparty/robin-map/cmake/tsl-robin-mapConfig.cmake.in	localization/mola_metric_maps/3rdparty/robin-map/cmake/tsl-robin-mapConfig.cmake.in	file
mola_latest_20260917_ws/src/mola/mola_metric_maps/3rdparty/.clang-format	localization/mola_metric_maps/3rdparty/.clang-format	file
mola_latest_20260917_ws/src/mola/mola_metric_maps/src/IncrementalPointCloud.cpp	localization/mola_metric_maps/src/IncrementalPointCloud.cpp	file
mola_latest_20260917_ws/src/mola/mola_metric_maps/src/IncrementalKDTree.cpp	localization/mola_metric_maps/src/IncrementalKDTree.cpp	file
mola_latest_20260917_ws/src/mola/mola_metric_maps/src/IncrementalKDTree.h	localization/mola_metric_maps/src/IncrementalKDTree.h	file
mola_latest_20260917_ws/src/mola/mola_metric_maps/src/OccGrid.cpp	localization/mola_metric_maps/src/OccGrid.cpp	file
mola_latest_20260917_ws/src/mola/mola_metric_maps/src/TSDF.cpp	localization/mola_metric_maps/src/TSDF.cpp	file
mola_latest_20260917_ws/src/mola/mola_metric_maps/src/KeyframePointCloudMap.cpp	localization/mola_metric_maps/src/KeyframePointCloudMap.cpp	file
mola_latest_20260917_ws/src/mola/mola_metric_maps/src/SparseTreesPointCloud.cpp	localization/mola_metric_maps/src/SparseTreesPointCloud.cpp	file
mola_latest_20260917_ws/src/mola/mola_metric_maps/src/register.cpp	localization/mola_metric_maps/src/register.cpp	file
mola_latest_20260917_ws/src/mola/mola_metric_maps/src/IncrementalKDTree_stub.cpp	localization/mola_metric_maps/src/IncrementalKDTree_stub.cpp	file
mola_latest_20260917_ws/src/mola/mola_metric_maps/src/OptionsIniIO.cpp	localization/mola_metric_maps/src/OptionsIniIO.cpp	file
mola_latest_20260917_ws/src/mola/mola_metric_maps/src/HashedVoxelPointCloud.cpp	localization/mola_metric_maps/src/HashedVoxelPointCloud.cpp	file
mola_latest_20260917_ws/src/mola/mola_metric_maps/src/NDT.cpp	localization/mola_metric_maps/src/NDT.cpp	file
mola_latest_20260917_ws/src/mola/mola_metric_maps/src/cov_diagnostics.h	localization/mola_metric_maps/src/cov_diagnostics.h	file
mola_latest_20260917_ws/src/mola/mola_metric_maps/src/SparseVoxelPointCloud.cpp	localization/mola_metric_maps/src/SparseVoxelPointCloud.cpp	file
mola_latest_20260917_ws/src/mola/mola_metric_maps/CHANGELOG.rst	localization/mola_metric_maps/CHANGELOG.rst	file
mola_latest_20260917_ws/src/mola/mola_metric_maps/README.md	localization/mola_metric_maps/README.md	file
mola_latest_20260917_ws/src/mola/mola_metric_maps/tests/test-options-ini-io.cpp	localization/mola_metric_maps/tests/test-options-ini-io.cpp	file
mola_latest_20260917_ws/src/mola/mola_metric_maps/tests/test-mola_metric_maps_incrementalpointcloud.cpp	localization/mola_metric_maps/tests/test-mola_metric_maps_incrementalpointcloud.cpp	file
mola_latest_20260917_ws/src/mola/mola_metric_maps/tests/test-mola_metric_maps_incrementalpointcloud-stress.cpp	localization/mola_metric_maps/tests/test-mola_metric_maps_incrementalpointcloud-stress.cpp	file
mola_latest_20260917_ws/src/mola/mola_metric_maps/tests/test-mola_metric_maps_index3d_hash.cpp	localization/mola_metric_maps/tests/test-mola_metric_maps_index3d_hash.cpp	file
mola_latest_20260917_ws/src/mola/mola_metric_maps/tests/test-occgrid.cpp	localization/mola_metric_maps/tests/test-occgrid.cpp	file
mola_latest_20260917_ws/src/mola/mola_metric_maps/tests/test-mola_metric_maps_tsdf.cpp	localization/mola_metric_maps/tests/test-mola_metric_maps_tsdf.cpp	file
mola_latest_20260917_ws/src/mola/mola_metric_maps/tests/tsan-suppressions.txt	localization/mola_metric_maps/tests/tsan-suppressions.txt	file
mola_latest_20260917_ws/src/mola/mola_metric_maps/tests/test-mola_metric_maps_keyframemap.cpp	localization/mola_metric_maps/tests/test-mola_metric_maps_keyframemap.cpp	file
mola_latest_20260917_ws/src/mola/mola_metric_maps/tests/test-mola_metric_maps_ndt.cpp	localization/mola_metric_maps/tests/test-mola_metric_maps_ndt.cpp	file
mola_latest_20260917_ws/src/mola/mola_metric_maps/tests/test-mola_metric_maps_hashedvoxels.cpp	localization/mola_metric_maps/tests/test-mola_metric_maps_hashedvoxels.cpp	file
mola_latest_20260917_ws/src/mola/mola_metric_maps/tests/test-sparsevoxelpointcloud.cpp	localization/mola_metric_maps/tests/test-sparsevoxelpointcloud.cpp	file
mola_latest_20260917_ws/src/mola/mola_metric_maps/tests/CMakeLists.txt	localization/mola_metric_maps/tests/CMakeLists.txt	file
mola_latest_20260917_ws/src/mola/mola_metric_maps/tests/run-sanitizers.sh	localization/mola_metric_maps/tests/run-sanitizers.sh	file
mola_latest_20260917_ws/src/mola/mola_metric_maps/tests/test-serialization.cpp	localization/mola_metric_maps/tests/test-serialization.cpp	file
mola_latest_20260917_ws/src/mola/mola_metric_maps/tests/README-sanitizers.md	localization/mola_metric_maps/tests/README-sanitizers.md	file
mola_latest_20260917_ws/src/mola/mola_metric_maps/apps/mm-ipc-bake-kdtree/main.cpp	localization/mola_metric_maps/apps/mm-ipc-bake-kdtree/main.cpp	file
mola_latest_20260917_ws/src/mola/mola_metric_maps/apps/mm-ipc-bake-kdtree/CMakeLists.txt	localization/mola_metric_maps/apps/mm-ipc-bake-kdtree/CMakeLists.txt	file
mola_latest_20260917_ws/src/mola/mola_metric_maps/apps/mm-kf-regroup/main.cpp	localization/mola_metric_maps/apps/mm-kf-regroup/main.cpp	file
mola_latest_20260917_ws/src/mola/mola_metric_maps/apps/mm-kf-regroup/CMakeLists.txt	localization/mola_metric_maps/apps/mm-kf-regroup/CMakeLists.txt	file
mola_latest_20260917_ws/src/mola/mola_metric_maps/apps/ini2mm/main.cpp	localization/mola_metric_maps/apps/ini2mm/main.cpp	file
mola_latest_20260917_ws/src/mola/mola_metric_maps/apps/ini2mm/CMakeLists.txt	localization/mola_metric_maps/apps/ini2mm/CMakeLists.txt	file
mola_latest_20260917_ws/src/mola/mola_metric_maps/apps/mm-kf-bake-kdtrees/main.cpp	localization/mola_metric_maps/apps/mm-kf-bake-kdtrees/main.cpp	file
mola_latest_20260917_ws/src/mola/mola_metric_maps/apps/mm-kf-bake-kdtrees/CMakeLists.txt	localization/mola_metric_maps/apps/mm-kf-bake-kdtrees/CMakeLists.txt	file
mola_latest_20260917_ws/src/mola/mola_metric_maps/apps/CMakeLists.txt	localization/mola_metric_maps/apps/CMakeLists.txt	file
mola_latest_20260917_ws/src/mola/mola_metric_maps/apps/mm_cli_utils.h	localization/mola_metric_maps/apps/mm_cli_utils.h	file
mola_latest_20260917_ws/src/mola/mola_metric_maps/apps/mm2ini/main.cpp	localization/mola_metric_maps/apps/mm2ini/main.cpp	file
mola_latest_20260917_ws/src/mola/mola_metric_maps/apps/mm2ini/CMakeLists.txt	localization/mola_metric_maps/apps/mm2ini/CMakeLists.txt	file
mola_latest_20260917_ws/src/mola/mola_metric_maps/apps/kf_cli_utils.h	localization/mola_metric_maps/apps/kf_cli_utils.h	file
mola_latest_20260917_ws/src/mola/mola_metric_maps/CMakeLists.txt	localization/mola_metric_maps/CMakeLists.txt	file
mola_latest_20260917_ws/src/mola/mola_metric_maps/LICENSE	localization/mola_metric_maps/LICENSE	file
mola_latest_20260917_ws/src/mola/mola_metric_maps/include/mola_metric_maps/FixedDenseGrid3D.h	localization/mola_metric_maps/include/mola_metric_maps/FixedDenseGrid3D.h	file
mola_latest_20260917_ws/src/mola/mola_metric_maps/include/mola_metric_maps/OptionsCapable.h	localization/mola_metric_maps/include/mola_metric_maps/OptionsCapable.h	file
mola_latest_20260917_ws/src/mola/mola_metric_maps/include/mola_metric_maps/SparseVoxelPointCloud.h	localization/mola_metric_maps/include/mola_metric_maps/SparseVoxelPointCloud.h	file
mola_latest_20260917_ws/src/mola/mola_metric_maps/include/mola_metric_maps/HashedVoxelPointCloud.h	localization/mola_metric_maps/include/mola_metric_maps/HashedVoxelPointCloud.h	file
mola_latest_20260917_ws/src/mola/mola_metric_maps/include/mola_metric_maps/TSDF.h	localization/mola_metric_maps/include/mola_metric_maps/TSDF.h	file
mola_latest_20260917_ws/src/mola/mola_metric_maps/include/mola_metric_maps/OptionsIniIO.h	localization/mola_metric_maps/include/mola_metric_maps/OptionsIniIO.h	file
mola_latest_20260917_ws/src/mola/mola_metric_maps/include/mola_metric_maps/OccGrid.h	localization/mola_metric_maps/include/mola_metric_maps/OccGrid.h	file
mola_latest_20260917_ws/src/mola/mola_metric_maps/include/mola_metric_maps/index3d_t.h	localization/mola_metric_maps/include/mola_metric_maps/index3d_t.h	file
mola_latest_20260917_ws/src/mola/mola_metric_maps/include/mola_metric_maps/MatchingDistanceProfileCompat.h	localization/mola_metric_maps/include/mola_metric_maps/MatchingDistanceProfileCompat.h	file
mola_latest_20260917_ws/src/mola/mola_metric_maps/include/mola_metric_maps/IncrementalPointCloud.h	localization/mola_metric_maps/include/mola_metric_maps/IncrementalPointCloud.h	file
mola_latest_20260917_ws/src/mola/mola_metric_maps/include/mola_metric_maps/SparseTreesPointCloud.h	localization/mola_metric_maps/include/mola_metric_maps/SparseTreesPointCloud.h	file
mola_latest_20260917_ws/src/mola/mola_metric_maps/include/mola_metric_maps/KeyframePointCloudMap.h	localization/mola_metric_maps/include/mola_metric_maps/KeyframePointCloudMap.h	file
mola_latest_20260917_ws/src/mola/mola_metric_maps/include/mola_metric_maps/NDT.h	localization/mola_metric_maps/include/mola_metric_maps/NDT.h	file
mola_latest_20260917_ws/src/mola/mola_metric_maps/package.xml	localization/mola_metric_maps/package.xml	file
mola_latest_20260917_ws/src/mola/mola_bridge_ros2/src/CallbackTrace.h	localization/mola_bridge_ros2/src/CallbackTrace.h	file
mola_latest_20260917_ws/src/mola/mola_bridge_ros2/src/BridgeROS2.cpp	localization/mola_bridge_ros2/src/BridgeROS2.cpp	file
mola_latest_20260917_ws/src/mola/mola_bridge_ros2/CHANGELOG.rst	localization/mola_bridge_ros2/CHANGELOG.rst	file
mola_latest_20260917_ws/src/mola/mola_bridge_ros2/README.md	localization/mola_bridge_ros2/README.md	file
mola_latest_20260917_ws/src/mola/mola_bridge_ros2/CMakeLists.txt	localization/mola_bridge_ros2/CMakeLists.txt	file
mola_latest_20260917_ws/src/mola/mola_bridge_ros2/LICENSE	localization/mola_bridge_ros2/LICENSE	file
mola_latest_20260917_ws/src/mola/mola_bridge_ros2/include/mola_bridge_ros2/BridgeROS2.h	localization/mola_bridge_ros2/include/mola_bridge_ros2/BridgeROS2.h	file
mola_latest_20260917_ws/src/mola/mola_bridge_ros2/package.xml	localization/mola_bridge_ros2/package.xml	file
mola_latest_20260917_ws/src/mola/mola_traj_tools/src/traj_ypr2tum.cpp	localization/mola_traj_tools/src/traj_ypr2tum.cpp	file
mola_latest_20260917_ws/src/mola/mola_traj_tools/src/traj_tf_right.cpp	localization/mola_traj_tools/src/traj_tf_right.cpp	file
mola_latest_20260917_ws/src/mola/mola_traj_tools/src/traj_tf_left.cpp	localization/mola_traj_tools/src/traj_tf_left.cpp	file
mola_latest_20260917_ws/src/mola/mola_traj_tools/src/traj_tum2ypr.cpp	localization/mola_traj_tools/src/traj_tum2ypr.cpp	file
mola_latest_20260917_ws/src/mola/mola_traj_tools/src/traj_rebase.cpp	localization/mola_traj_tools/src/traj_rebase.cpp	file
mola_latest_20260917_ws/src/mola/mola_traj_tools/CHANGELOG.rst	localization/mola_traj_tools/CHANGELOG.rst	file
mola_latest_20260917_ws/src/mola/mola_traj_tools/README.md	localization/mola_traj_tools/README.md	file
mola_latest_20260917_ws/src/mola/mola_traj_tools/CMakeLists.txt	localization/mola_traj_tools/CMakeLists.txt	file
mola_latest_20260917_ws/src/mola/mola_traj_tools/LICENSE	localization/mola_traj_tools/LICENSE	file
mola_latest_20260917_ws/src/mola/mola_traj_tools/package.xml	localization/mola_traj_tools/package.xml	file
mola_latest_20260917_ws/src/mola/mola_traj_tools/python/ncd-csv2tum	localization/mola_traj_tools/python/ncd-csv2tum	file
mola_latest_20260917_ws/src/mola/mola_msgs/srv/MolaRuntimeParamGet.srv	localization/mola_msgs/srv/MolaRuntimeParamGet.srv	file
mola_latest_20260917_ws/src/mola/mola_msgs/srv/RelocalizeFromStateEstimator.srv	localization/mola_msgs/srv/RelocalizeFromStateEstimator.srv	file
mola_latest_20260917_ws/src/mola/mola_msgs/srv/MapLoad.srv	localization/mola_msgs/srv/MapLoad.srv	file
mola_latest_20260917_ws/src/mola/mola_msgs/srv/MolaRuntimeParamSet.srv	localization/mola_msgs/srv/MolaRuntimeParamSet.srv	file
mola_latest_20260917_ws/src/mola/mola_msgs/srv/MapSave.srv	localization/mola_msgs/srv/MapSave.srv	file
mola_latest_20260917_ws/src/mola/mola_msgs/srv/RelocalizeNearPose.srv	localization/mola_msgs/srv/RelocalizeNearPose.srv	file
mola_latest_20260917_ws/src/mola/mola_msgs/CHANGELOG.rst	localization/mola_msgs/CHANGELOG.rst	file
mola_latest_20260917_ws/src/mola/mola_msgs/CMakeLists.txt	localization/mola_msgs/CMakeLists.txt	file
mola_latest_20260917_ws/src/mola/mola_msgs/LICENSE	localization/mola_msgs/LICENSE	file
mola_latest_20260917_ws/src/mola/mola_msgs/package.xml	localization/mola_msgs/package.xml	file
mola_latest_20260917_ws/src/mola/README.md	localization/mola_source_metadata/mola/README.md	file
mola_latest_20260917_ws/src/mola/mola_kernel/src/interfaces/FrontEndBase.cpp	localization/mola_kernel/src/interfaces/FrontEndBase.cpp	file
mola_latest_20260917_ws/src/mola/mola_kernel/src/interfaces/NavStateFilter.cpp	localization/mola_kernel/src/interfaces/NavStateFilter.cpp	file
mola_latest_20260917_ws/src/mola/mola_kernel/src/interfaces/TransformTreeSource.cpp	localization/mola_kernel/src/interfaces/TransformTreeSource.cpp	file
mola_latest_20260917_ws/src/mola/mola_kernel/src/interfaces/RawDataSourceBase.cpp	localization/mola_kernel/src/interfaces/RawDataSourceBase.cpp	file
mola_latest_20260917_ws/src/mola/mola_kernel/src/interfaces/FilterBase.cpp	localization/mola_kernel/src/interfaces/FilterBase.cpp	file
mola_latest_20260917_ws/src/mola/mola_kernel/src/interfaces/SharedKeyframeMap.cpp	localization/mola_kernel/src/interfaces/SharedKeyframeMap.cpp	file
mola_latest_20260917_ws/src/mola/mola_kernel/src/interfaces/VizInterface.cpp	localization/mola_kernel/src/interfaces/VizInterface.cpp	file
mola_latest_20260917_ws/src/mola/mola_kernel/src/interfaces/MetricChannel.cpp	localization/mola_kernel/src/interfaces/MetricChannel.cpp	file
mola_latest_20260917_ws/src/mola/mola_kernel/src/interfaces/ExecutableBase.cpp	localization/mola_kernel/src/interfaces/ExecutableBase.cpp	file
mola_latest_20260917_ws/src/mola/mola_kernel/src/pretty_print_exception.cpp	localization/mola_kernel/src/pretty_print_exception.cpp	file
mola_latest_20260917_ws/src/mola/mola_kernel/src/register.cpp	localization/mola_kernel/src/register.cpp	file
mola_latest_20260917_ws/src/mola/mola_kernel/src/utils/Synchronizer.cpp	localization/mola_kernel/src/utils/Synchronizer.cpp	file
mola_latest_20260917_ws/src/mola/mola_kernel/src/MinimalModuleContainer.cpp	localization/mola_kernel/src/MinimalModuleContainer.cpp	file
mola_latest_20260917_ws/src/mola/mola_kernel/CHANGELOG.rst	localization/mola_kernel/CHANGELOG.rst	file
mola_latest_20260917_ws/src/mola/mola_kernel/README.md	localization/mola_kernel/README.md	file
mola_latest_20260917_ws/src/mola/mola_kernel/tests/test_diagnostics_provider.cpp	localization/mola_kernel/tests/test_diagnostics_provider.cpp	file
mola_latest_20260917_ws/src/mola/mola_kernel/tests/CMakeLists.txt	localization/mola_kernel/tests/CMakeLists.txt	file
mola_latest_20260917_ws/src/mola/mola_kernel/CMakeLists.txt	localization/mola_kernel/CMakeLists.txt	file
mola_latest_20260917_ws/src/mola/mola_kernel/LICENSE	localization/mola_kernel/LICENSE	file
mola_latest_20260917_ws/src/mola/mola_kernel/include/mola_kernel/interfaces/VizInterface.h	localization/mola_kernel/include/mola_kernel/interfaces/VizInterface.h	file
mola_latest_20260917_ws/src/mola/mola_kernel/include/mola_kernel/interfaces/FilterBase.h	localization/mola_kernel/include/mola_kernel/interfaces/FilterBase.h	file
mola_latest_20260917_ws/src/mola/mola_kernel/include/mola_kernel/interfaces/MetricChannel.h	localization/mola_kernel/include/mola_kernel/interfaces/MetricChannel.h	file
mola_latest_20260917_ws/src/mola/mola_kernel/include/mola_kernel/interfaces/OfflineDatasetSource.h	localization/mola_kernel/include/mola_kernel/interfaces/OfflineDatasetSource.h	file
mola_latest_20260917_ws/src/mola/mola_kernel/include/mola_kernel/interfaces/SharedKeyframeMap.h	localization/mola_kernel/include/mola_kernel/interfaces/SharedKeyframeMap.h	file
mola_latest_20260917_ws/src/mola/mola_kernel/include/mola_kernel/interfaces/TransformTreeSource.h	localization/mola_kernel/include/mola_kernel/interfaces/TransformTreeSource.h	file
mola_latest_20260917_ws/src/mola/mola_kernel/include/mola_kernel/interfaces/ExecutableBase.h	localization/mola_kernel/include/mola_kernel/interfaces/ExecutableBase.h	file
mola_latest_20260917_ws/src/mola/mola_kernel/include/mola_kernel/interfaces/RawDataConsumer.h	localization/mola_kernel/include/mola_kernel/interfaces/RawDataConsumer.h	file
mola_latest_20260917_ws/src/mola/mola_kernel/include/mola_kernel/interfaces/RawDataSourceBase.h	localization/mola_kernel/include/mola_kernel/interfaces/RawDataSourceBase.h	file
mola_latest_20260917_ws/src/mola/mola_kernel/include/mola_kernel/interfaces/MapServer.h	localization/mola_kernel/include/mola_kernel/interfaces/MapServer.h	file
mola_latest_20260917_ws/src/mola/mola_kernel/include/mola_kernel/interfaces/MapSourceBase.h	localization/mola_kernel/include/mola_kernel/interfaces/MapSourceBase.h	file
mola_latest_20260917_ws/src/mola/mola_kernel/include/mola_kernel/interfaces/DiagnosticsProvider.h	localization/mola_kernel/include/mola_kernel/interfaces/DiagnosticsProvider.h	file
mola_latest_20260917_ws/src/mola/mola_kernel/include/mola_kernel/interfaces/FrontEndBase.h	localization/mola_kernel/include/mola_kernel/interfaces/FrontEndBase.h	file
mola_latest_20260917_ws/src/mola/mola_kernel/include/mola_kernel/interfaces/LocalizationSourceBase.h	localization/mola_kernel/include/mola_kernel/interfaces/LocalizationSourceBase.h	file
mola_latest_20260917_ws/src/mola/mola_kernel/include/mola_kernel/interfaces/NavStateFilter.h	localization/mola_kernel/include/mola_kernel/interfaces/NavStateFilter.h	file
mola_latest_20260917_ws/src/mola/mola_kernel/include/mola_kernel/interfaces/Dataset_UI.h	localization/mola_kernel/include/mola_kernel/interfaces/Dataset_UI.h	file
mola_latest_20260917_ws/src/mola/mola_kernel/include/mola_kernel/interfaces/Relocalization.h	localization/mola_kernel/include/mola_kernel/interfaces/Relocalization.h	file
mola_latest_20260917_ws/src/mola/mola_kernel/include/mola_kernel/GuiWidgetDescription.h	localization/mola_kernel/include/mola_kernel/GuiWidgetDescription.h	file
mola_latest_20260917_ws/src/mola/mola_kernel/include/mola_kernel/pretty_print_exception.h	localization/mola_kernel/include/mola_kernel/pretty_print_exception.h	file
mola_latest_20260917_ws/src/mola/mola_kernel/include/mola_kernel/Yaml.h	localization/mola_kernel/include/mola_kernel/Yaml.h	file
mola_latest_20260917_ws/src/mola/mola_kernel/include/mola_kernel/utils/Synchronizer.h	localization/mola_kernel/include/mola_kernel/utils/Synchronizer.h	file
mola_latest_20260917_ws/src/mola/mola_kernel/include/mola_kernel/utils/RegexCache.h	localization/mola_kernel/include/mola_kernel/utils/RegexCache.h	file
mola_latest_20260917_ws/src/mola/mola_kernel/include/mola_kernel/variant_helper.h	localization/mola_kernel/include/mola_kernel/variant_helper.h	file
mola_latest_20260917_ws/src/mola/mola_kernel/include/mola_kernel/id.h	localization/mola_kernel/include/mola_kernel/id.h	file
mola_latest_20260917_ws/src/mola/mola_kernel/include/mola_kernel/assets/mola_icon_64x64.h	localization/mola_kernel/include/mola_kernel/assets/mola_icon_64x64.h	file
mola_latest_20260917_ws/src/mola/mola_kernel/include/mola_kernel/FastAllocator.h	localization/mola_kernel/include/mola_kernel/FastAllocator.h	file
mola_latest_20260917_ws/src/mola/mola_kernel/include/mola_kernel/MinimalModuleContainer.h	localization/mola_kernel/include/mola_kernel/MinimalModuleContainer.h	file
mola_latest_20260917_ws/src/mola/mola_kernel/include/mola_kernel/Georeferencing.h	localization/mola_kernel/include/mola_kernel/Georeferencing.h	file
mola_latest_20260917_ws/src/mola/mola_kernel/include/mola_kernel/version.h	localization/mola_kernel/include/mola_kernel/version.h	file
mola_latest_20260917_ws/src/mola/mola_kernel/package.xml	localization/mola_kernel/package.xml	file
mola_latest_20260917_ws/src/mola/mola_viz/src/MolaViz.cpp	localization/mola_viz/src/MolaViz.cpp	file
mola_latest_20260917_ws/src/mola/mola_viz/CHANGELOG.rst	localization/mola_viz/CHANGELOG.rst	file
mola_latest_20260917_ws/src/mola/mola_viz/README.md	localization/mola_viz/README.md	file
mola_latest_20260917_ws/src/mola/mola_viz/CMakeLists.txt	localization/mola_viz/CMakeLists.txt	file
mola_latest_20260917_ws/src/mola/mola_viz/LICENSE	localization/mola_viz/LICENSE	file
mola_latest_20260917_ws/src/mola/mola_viz/include/mola_viz/MolaViz.h	localization/mola_viz/include/mola_viz/MolaViz.h	file
mola_latest_20260917_ws/src/mola/mola_viz/package.xml	localization/mola_viz/package.xml	file
mola_latest_20260917_ws/src/mola/mola_viz_imgui/3rdparty/implot/implot.cpp	localization/mola_viz_imgui/3rdparty/implot/implot.cpp	file
mola_latest_20260917_ws/src/mola/mola_viz_imgui/3rdparty/implot/.github/workflows/build.yml	localization/mola_viz_imgui/3rdparty/implot/.github/workflows/build.yml	file
mola_latest_20260917_ws/src/mola/mola_viz_imgui/3rdparty/implot/.github/CMakeLists.txt	localization/mola_viz_imgui/3rdparty/implot/.github/CMakeLists.txt	file
mola_latest_20260917_ws/src/mola/mola_viz_imgui/3rdparty/implot/.github/ISSUE_TEMPLATE/feature_request.md	localization/mola_viz_imgui/3rdparty/implot/.github/ISSUE_TEMPLATE/feature_request.md	file
mola_latest_20260917_ws/src/mola/mola_viz_imgui/3rdparty/implot/.github/ISSUE_TEMPLATE/bug_report.md	localization/mola_viz_imgui/3rdparty/implot/.github/ISSUE_TEMPLATE/bug_report.md	file
mola_latest_20260917_ws/src/mola/mola_viz_imgui/3rdparty/implot/.github/ISSUE_TEMPLATE/config.yml	localization/mola_viz_imgui/3rdparty/implot/.github/ISSUE_TEMPLATE/config.yml	file
mola_latest_20260917_ws/src/mola/mola_viz_imgui/3rdparty/implot/.github/example_implot.cpp	localization/mola_viz_imgui/3rdparty/implot/.github/example_implot.cpp	file
mola_latest_20260917_ws/src/mola/mola_viz_imgui/3rdparty/implot/implot_items.cpp	localization/mola_viz_imgui/3rdparty/implot/implot_items.cpp	file
mola_latest_20260917_ws/src/mola/mola_viz_imgui/3rdparty/implot/README.md	localization/mola_viz_imgui/3rdparty/implot/README.md	file
mola_latest_20260917_ws/src/mola/mola_viz_imgui/3rdparty/implot/TODO.md	localization/mola_viz_imgui/3rdparty/implot/TODO.md	file
mola_latest_20260917_ws/src/mola/mola_viz_imgui/3rdparty/implot/example/main.cpp	localization/mola_viz_imgui/3rdparty/implot/example/main.cpp	file
mola_latest_20260917_ws/src/mola/mola_viz_imgui/3rdparty/implot/example/README.md	localization/mola_viz_imgui/3rdparty/implot/example/README.md	file
mola_latest_20260917_ws/src/mola/mola_viz_imgui/3rdparty/implot/example/CMakeLists.txt	localization/mola_viz_imgui/3rdparty/implot/example/CMakeLists.txt	file
mola_latest_20260917_ws/src/mola/mola_viz_imgui/3rdparty/implot/implot_demo.cpp	localization/mola_viz_imgui/3rdparty/implot/implot_demo.cpp	file
mola_latest_20260917_ws/src/mola/mola_viz_imgui/3rdparty/implot/implot.h	localization/mola_viz_imgui/3rdparty/implot/implot.h	file
mola_latest_20260917_ws/src/mola/mola_viz_imgui/3rdparty/implot/LICENSE	localization/mola_viz_imgui/3rdparty/implot/LICENSE	file
mola_latest_20260917_ws/src/mola/mola_viz_imgui/3rdparty/implot/.gitignore	localization/mola_viz_imgui/3rdparty/implot/.gitignore	file
mola_latest_20260917_ws/src/mola/mola_viz_imgui/3rdparty/implot/implot_internal.h	localization/mola_viz_imgui/3rdparty/implot/implot_internal.h	file
mola_latest_20260917_ws/src/mola/mola_viz_imgui/3rdparty/imgui_static/CMakeLists.txt	localization/mola_viz_imgui/3rdparty/imgui_static/CMakeLists.txt	file
mola_latest_20260917_ws/src/mola/mola_viz_imgui/3rdparty/imgui/.github/workflows/static-analysis.yml	localization/mola_viz_imgui/3rdparty/imgui/.github/workflows/static-analysis.yml	file
mola_latest_20260917_ws/src/mola/mola_viz_imgui/3rdparty/imgui/.github/workflows/build_windows_vulkan_libs.ps1	localization/mola_viz_imgui/3rdparty/imgui/.github/workflows/build_windows_vulkan_libs.ps1	file
mola_latest_20260917_ws/src/mola/mola_viz_imgui/3rdparty/imgui/.github/workflows/scheduled.yml	localization/mola_viz_imgui/3rdparty/imgui/.github/workflows/scheduled.yml	file
mola_latest_20260917_ws/src/mola/mola_viz_imgui/3rdparty/imgui/.github/workflows/build.yml	localization/mola_viz_imgui/3rdparty/imgui/.github/workflows/build.yml	file
mola_latest_20260917_ws/src/mola/mola_viz_imgui/3rdparty/imgui/.github/workflows/manual.yml	localization/mola_viz_imgui/3rdparty/imgui/.github/workflows/manual.yml	file
mola_latest_20260917_ws/src/mola/mola_viz_imgui/3rdparty/imgui/.github/pull_request_template.md	localization/mola_viz_imgui/3rdparty/imgui/.github/pull_request_template.md	file
mola_latest_20260917_ws/src/mola/mola_viz_imgui/3rdparty/imgui/.github/FUNDING.yml	localization/mola_viz_imgui/3rdparty/imgui/.github/FUNDING.yml	file
mola_latest_20260917_ws/src/mola/mola_viz_imgui/3rdparty/imgui/.github/ISSUE_TEMPLATE/issue_template.yml	localization/mola_viz_imgui/3rdparty/imgui/.github/ISSUE_TEMPLATE/issue_template.yml	file
mola_latest_20260917_ws/src/mola/mola_viz_imgui/3rdparty/imgui/.github/ISSUE_TEMPLATE/config.yml	localization/mola_viz_imgui/3rdparty/imgui/.github/ISSUE_TEMPLATE/config.yml	file
mola_latest_20260917_ws/src/mola/mola_viz_imgui/3rdparty/imgui/imgui_internal.h	localization/mola_viz_imgui/3rdparty/imgui/imgui_internal.h	file
mola_latest_20260917_ws/src/mola/mola_viz_imgui/3rdparty/imgui/.gitattributes	localization/mola_viz_imgui/3rdparty/imgui/.gitattributes	file
mola_latest_20260917_ws/src/mola/mola_viz_imgui/3rdparty/imgui/imgui.cpp	localization/mola_viz_imgui/3rdparty/imgui/imgui.cpp	file
mola_latest_20260917_ws/src/mola/mola_viz_imgui/3rdparty/imgui/examples/example_sdl2_vulkan/main.cpp	localization/mola_viz_imgui/3rdparty/imgui/examples/example_sdl2_vulkan/main.cpp	file
mola_latest_20260917_ws/src/mola/mola_viz_imgui/3rdparty/imgui/examples/example_sdl2_vulkan/example_sdl2_vulkan.vcxproj	localization/mola_viz_imgui/3rdparty/imgui/examples/example_sdl2_vulkan/example_sdl2_vulkan.vcxproj	file
mola_latest_20260917_ws/src/mola/mola_viz_imgui/3rdparty/imgui/examples/example_sdl2_vulkan/Makefile	localization/mola_viz_imgui/3rdparty/imgui/examples/example_sdl2_vulkan/Makefile	file
mola_latest_20260917_ws/src/mola/mola_viz_imgui/3rdparty/imgui/examples/example_sdl2_vulkan/example_sdl2_vulkan.vcxproj.filters	localization/mola_viz_imgui/3rdparty/imgui/examples/example_sdl2_vulkan/example_sdl2_vulkan.vcxproj.filters	file
mola_latest_20260917_ws/src/mola/mola_viz_imgui/3rdparty/imgui/examples/example_sdl2_vulkan/build_win64.bat	localization/mola_viz_imgui/3rdparty/imgui/examples/example_sdl2_vulkan/build_win64.bat	file
mola_latest_20260917_ws/src/mola/mola_viz_imgui/3rdparty/imgui/examples/example_sdl2_vulkan/build_win32.bat	localization/mola_viz_imgui/3rdparty/imgui/examples/example_sdl2_vulkan/build_win32.bat	file
mola_latest_20260917_ws/src/mola/mola_viz_imgui/3rdparty/imgui/examples/example_win32_directx11/main.cpp	localization/mola_viz_imgui/3rdparty/imgui/examples/example_win32_directx11/main.cpp	file
mola_latest_20260917_ws/src/mola/mola_viz_imgui/3rdparty/imgui/examples/example_win32_directx11/example_win32_directx11.vcxproj.filters	localization/mola_viz_imgui/3rdparty/imgui/examples/example_win32_directx11/example_win32_directx11.vcxproj.filters	file
mola_latest_20260917_ws/src/mola/mola_viz_imgui/3rdparty/imgui/examples/example_win32_directx11/example_win32_directx11.vcxproj	localization/mola_viz_imgui/3rdparty/imgui/examples/example_win32_directx11/example_win32_directx11.vcxproj	file
mola_latest_20260917_ws/src/mola/mola_viz_imgui/3rdparty/imgui/examples/example_win32_directx11/build_win32.bat	localization/mola_viz_imgui/3rdparty/imgui/examples/example_win32_directx11/build_win32.bat	file
mola_latest_20260917_ws/src/mola/mola_viz_imgui/3rdparty/imgui/examples/example_apple_metal/README.md	localization/mola_viz_imgui/3rdparty/imgui/examples/example_apple_metal/README.md	file
mola_latest_20260917_ws/src/mola/mola_viz_imgui/3rdparty/imgui/examples/example_apple_metal/example_apple_metal.xcodeproj/project.pbxproj	localization/mola_viz_imgui/3rdparty/imgui/examples/example_apple_metal/example_apple_metal.xcodeproj/project.pbxproj	file
mola_latest_20260917_ws/src/mola/mola_viz_imgui/3rdparty/imgui/examples/example_apple_metal/Makefile	localization/mola_viz_imgui/3rdparty/imgui/examples/example_apple_metal/Makefile	file
mola_latest_20260917_ws/src/mola/mola_viz_imgui/3rdparty/imgui/examples/example_apple_metal/iOS/LaunchScreen.storyboard	localization/mola_viz_imgui/3rdparty/imgui/examples/example_apple_metal/iOS/LaunchScreen.storyboard	file
mola_latest_20260917_ws/src/mola/mola_viz_imgui/3rdparty/imgui/examples/example_apple_metal/iOS/Info-iOS.plist	localization/mola_viz_imgui/3rdparty/imgui/examples/example_apple_metal/iOS/Info-iOS.plist	file
mola_latest_20260917_ws/src/mola/mola_viz_imgui/3rdparty/imgui/examples/example_apple_metal/main.mm	localization/mola_viz_imgui/3rdparty/imgui/examples/example_apple_metal/main.mm	file
mola_latest_20260917_ws/src/mola/mola_viz_imgui/3rdparty/imgui/examples/example_apple_metal/macOS/MainMenu.storyboard	localization/mola_viz_imgui/3rdparty/imgui/examples/example_apple_metal/macOS/MainMenu.storyboard	file
mola_latest_20260917_ws/src/mola/mola_viz_imgui/3rdparty/imgui/examples/example_apple_metal/macOS/Info-macOS.plist	localization/mola_viz_imgui/3rdparty/imgui/examples/example_apple_metal/macOS/Info-macOS.plist	file
mola_latest_20260917_ws/src/mola/mola_viz_imgui/3rdparty/imgui/examples/example_sdl2_opengl2/main.cpp	localization/mola_viz_imgui/3rdparty/imgui/examples/example_sdl2_opengl2/main.cpp	file
mola_latest_20260917_ws/src/mola/mola_viz_imgui/3rdparty/imgui/examples/example_sdl2_opengl2/example_sdl2_opengl2.vcxproj.filters	localization/mola_viz_imgui/3rdparty/imgui/examples/example_sdl2_opengl2/example_sdl2_opengl2.vcxproj.filters	file
mola_latest_20260917_ws/src/mola/mola_viz_imgui/3rdparty/imgui/examples/example_sdl2_opengl2/README.md	localization/mola_viz_imgui/3rdparty/imgui/examples/example_sdl2_opengl2/README.md	file
mola_latest_20260917_ws/src/mola/mola_viz_imgui/3rdparty/imgui/examples/example_sdl2_opengl2/example_sdl2_opengl2.vcxproj	localization/mola_viz_imgui/3rdparty/imgui/examples/example_sdl2_opengl2/example_sdl2_opengl2.vcxproj	file
mola_latest_20260917_ws/src/mola/mola_viz_imgui/3rdparty/imgui/examples/example_sdl2_opengl2/Makefile	localization/mola_viz_imgui/3rdparty/imgui/examples/example_sdl2_opengl2/Makefile	file
mola_latest_20260917_ws/src/mola/mola_viz_imgui/3rdparty/imgui/examples/example_sdl2_opengl2/build_win32.bat	localization/mola_viz_imgui/3rdparty/imgui/examples/example_sdl2_opengl2/build_win32.bat	file
mola_latest_20260917_ws/src/mola/mola_viz_imgui/3rdparty/imgui/examples/README.txt	localization/mola_viz_imgui/3rdparty/imgui/examples/README.txt	file
mola_latest_20260917_ws/src/mola/mola_viz_imgui/3rdparty/imgui/examples/example_sdl3_directx11/main.cpp	localization/mola_viz_imgui/3rdparty/imgui/examples/example_sdl3_directx11/main.cpp	file
mola_latest_20260917_ws/src/mola/mola_viz_imgui/3rdparty/imgui/examples/example_sdl3_directx11/example_sdl3_directx11.vcxproj	localization/mola_viz_imgui/3rdparty/imgui/examples/example_sdl3_directx11/example_sdl3_directx11.vcxproj	file
mola_latest_20260917_ws/src/mola/mola_viz_imgui/3rdparty/imgui/examples/example_sdl3_directx11/example_sdl3_directx11.vcxproj.filters	localization/mola_viz_imgui/3rdparty/imgui/examples/example_sdl3_directx11/example_sdl3_directx11.vcxproj.filters	file
mola_latest_20260917_ws/src/mola/mola_viz_imgui/3rdparty/imgui/examples/example_sdl3_directx11/build_win32.bat	localization/mola_viz_imgui/3rdparty/imgui/examples/example_sdl3_directx11/build_win32.bat	file
mola_latest_20260917_ws/src/mola/mola_viz_imgui/3rdparty/imgui/examples/example_sdl3_wgpu/main.cpp	localization/mola_viz_imgui/3rdparty/imgui/examples/example_sdl3_wgpu/main.cpp	file
mola_latest_20260917_ws/src/mola/mola_viz_imgui/3rdparty/imgui/examples/example_sdl3_wgpu/README.md	localization/mola_viz_imgui/3rdparty/imgui/examples/example_sdl3_wgpu/README.md	file
mola_latest_20260917_ws/src/mola/mola_viz_imgui/3rdparty/imgui/examples/example_sdl3_wgpu/CMakeLists.txt	localization/mola_viz_imgui/3rdparty/imgui/examples/example_sdl3_wgpu/CMakeLists.txt	file
mola_latest_20260917_ws/src/mola/mola_viz_imgui/3rdparty/imgui/examples/example_sdl3_wgpu/Makefile.emscripten	localization/mola_viz_imgui/3rdparty/imgui/examples/example_sdl3_wgpu/Makefile.emscripten	file
mola_latest_20260917_ws/src/mola/mola_viz_imgui/3rdparty/imgui/examples/example_glfw_wgpu/main.cpp	localization/mola_viz_imgui/3rdparty/imgui/examples/example_glfw_wgpu/main.cpp	file
mola_latest_20260917_ws/src/mola/mola_viz_imgui/3rdparty/imgui/examples/example_glfw_wgpu/README.md	localization/mola_viz_imgui/3rdparty/imgui/examples/example_glfw_wgpu/README.md	file
mola_latest_20260917_ws/src/mola/mola_viz_imgui/3rdparty/imgui/examples/example_glfw_wgpu/CMakeLists.txt	localization/mola_viz_imgui/3rdparty/imgui/examples/example_glfw_wgpu/CMakeLists.txt	file
mola_latest_20260917_ws/src/mola/mola_viz_imgui/3rdparty/imgui/examples/example_glfw_wgpu/Makefile.emscripten	localization/mola_viz_imgui/3rdparty/imgui/examples/example_glfw_wgpu/Makefile.emscripten	file
mola_latest_20260917_ws/src/mola/mola_viz_imgui/3rdparty/imgui/examples/example_apple_opengl2/Makefile	localization/mola_viz_imgui/3rdparty/imgui/examples/example_apple_opengl2/Makefile	file
mola_latest_20260917_ws/src/mola/mola_viz_imgui/3rdparty/imgui/examples/example_apple_opengl2/example_apple_opengl2.xcodeproj/project.pbxproj	localization/mola_viz_imgui/3rdparty/imgui/examples/example_apple_opengl2/example_apple_opengl2.xcodeproj/project.pbxproj	file
mola_latest_20260917_ws/src/mola/mola_viz_imgui/3rdparty/imgui/examples/example_apple_opengl2/main.mm	localization/mola_viz_imgui/3rdparty/imgui/examples/example_apple_opengl2/main.mm	file
mola_latest_20260917_ws/src/mola/mola_viz_imgui/3rdparty/imgui/examples/example_win32_opengl3/main.cpp	localization/mola_viz_imgui/3rdparty/imgui/examples/example_win32_opengl3/main.cpp	file
mola_latest_20260917_ws/src/mola/mola_viz_imgui/3rdparty/imgui/examples/example_win32_opengl3/example_win32_opengl3.vcxproj.filters	localization/mola_viz_imgui/3rdparty/imgui/examples/example_win32_opengl3/example_win32_opengl3.vcxproj.filters	file
mola_latest_20260917_ws/src/mola/mola_viz_imgui/3rdparty/imgui/examples/example_win32_opengl3/example_win32_opengl3.vcxproj	localization/mola_viz_imgui/3rdparty/imgui/examples/example_win32_opengl3/example_win32_opengl3.vcxproj	file
mola_latest_20260917_ws/src/mola/mola_viz_imgui/3rdparty/imgui/examples/example_win32_opengl3/build_mingw.bat	localization/mola_viz_imgui/3rdparty/imgui/examples/example_win32_opengl3/build_mingw.bat	file
mola_latest_20260917_ws/src/mola/mola_viz_imgui/3rdparty/imgui/examples/example_win32_opengl3/build_win32.bat	localization/mola_viz_imgui/3rdparty/imgui/examples/example_win32_opengl3/build_win32.bat	file
mola_latest_20260917_ws/src/mola/mola_viz_imgui/3rdparty/imgui/examples/example_sdl3_metal/Makefile	localization/mola_viz_imgui/3rdparty/imgui/examples/example_sdl3_metal/Makefile	file
mola_latest_20260917_ws/src/mola/mola_viz_imgui/3rdparty/imgui/examples/example_sdl3_metal/main.mm	localization/mola_viz_imgui/3rdparty/imgui/examples/example_sdl3_metal/main.mm	file
mola_latest_20260917_ws/src/mola/mola_viz_imgui/3rdparty/imgui/examples/libs/emscripten/shell_minimal.html	localization/mola_viz_imgui/3rdparty/imgui/examples/libs/emscripten/shell_minimal.html	file
mola_latest_20260917_ws/src/mola/mola_viz_imgui/3rdparty/imgui/examples/libs/emscripten/emscripten_mainloop_stub.h	localization/mola_viz_imgui/3rdparty/imgui/examples/libs/emscripten/emscripten_mainloop_stub.h	file
mola_latest_20260917_ws/src/mola/mola_viz_imgui/3rdparty/imgui/examples/libs/glfw/lib-vc2010-32/glfw3.lib	localization/mola_viz_imgui/3rdparty/imgui/examples/libs/glfw/lib-vc2010-32/glfw3.lib	file
mola_latest_20260917_ws/src/mola/mola_viz_imgui/3rdparty/imgui/examples/libs/glfw/lib-vc2010-64/glfw3.lib	localization/mola_viz_imgui/3rdparty/imgui/examples/libs/glfw/lib-vc2010-64/glfw3.lib	file
mola_latest_20260917_ws/src/mola/mola_viz_imgui/3rdparty/imgui/examples/libs/glfw/COPYING.txt	localization/mola_viz_imgui/3rdparty/imgui/examples/libs/glfw/COPYING.txt	file
mola_latest_20260917_ws/src/mola/mola_viz_imgui/3rdparty/imgui/examples/libs/glfw/include/GLFW/glfw3native.h	localization/mola_viz_imgui/3rdparty/imgui/examples/libs/glfw/include/GLFW/glfw3native.h	file
mola_latest_20260917_ws/src/mola/mola_viz_imgui/3rdparty/imgui/examples/libs/glfw/include/GLFW/glfw3.h	localization/mola_viz_imgui/3rdparty/imgui/examples/libs/glfw/include/GLFW/glfw3.h	file
mola_latest_20260917_ws/src/mola/mola_viz_imgui/3rdparty/imgui/examples/libs/usynergy/uSynergy.c	localization/mola_viz_imgui/3rdparty/imgui/examples/libs/usynergy/uSynergy.c	file
mola_latest_20260917_ws/src/mola/mola_viz_imgui/3rdparty/imgui/examples/libs/usynergy/README.txt	localization/mola_viz_imgui/3rdparty/imgui/examples/libs/usynergy/README.txt	file
mola_latest_20260917_ws/src/mola/mola_viz_imgui/3rdparty/imgui/examples/libs/usynergy/uSynergy.h	localization/mola_viz_imgui/3rdparty/imgui/examples/libs/usynergy/uSynergy.h	file
mola_latest_20260917_ws/src/mola/mola_viz_imgui/3rdparty/imgui/examples/example_sdl3_opengl3/main.cpp	localization/mola_viz_imgui/3rdparty/imgui/examples/example_sdl3_opengl3/main.cpp	file
mola_latest_20260917_ws/src/mola/mola_viz_imgui/3rdparty/imgui/examples/example_sdl3_opengl3/README.md	localization/mola_viz_imgui/3rdparty/imgui/examples/example_sdl3_opengl3/README.md	file
mola_latest_20260917_ws/src/mola/mola_viz_imgui/3rdparty/imgui/examples/example_sdl3_opengl3/example_sdl3_opengl3.vcxproj	localization/mola_viz_imgui/3rdparty/imgui/examples/example_sdl3_opengl3/example_sdl3_opengl3.vcxproj	file
mola_latest_20260917_ws/src/mola/mola_viz_imgui/3rdparty/imgui/examples/example_sdl3_opengl3/Makefile	localization/mola_viz_imgui/3rdparty/imgui/examples/example_sdl3_opengl3/Makefile	file
mola_latest_20260917_ws/src/mola/mola_viz_imgui/3rdparty/imgui/examples/example_sdl3_opengl3/Makefile.emscripten	localization/mola_viz_imgui/3rdparty/imgui/examples/example_sdl3_opengl3/Makefile.emscripten	file
mola_latest_20260917_ws/src/mola/mola_viz_imgui/3rdparty/imgui/examples/example_sdl3_opengl3/example_sdl3_opengl3.vcxproj.filters	localization/mola_viz_imgui/3rdparty/imgui/examples/example_sdl3_opengl3/example_sdl3_opengl3.vcxproj.filters	file
mola_latest_20260917_ws/src/mola/mola_viz_imgui/3rdparty/imgui/examples/example_sdl3_opengl3/build_win64.bat	localization/mola_viz_imgui/3rdparty/imgui/examples/example_sdl3_opengl3/build_win64.bat	file
mola_latest_20260917_ws/src/mola/mola_viz_imgui/3rdparty/imgui/examples/example_sdl3_opengl3/build_win32.bat	localization/mola_viz_imgui/3rdparty/imgui/examples/example_sdl3_opengl3/build_win32.bat	file
mola_latest_20260917_ws/src/mola/mola_viz_imgui/3rdparty/imgui/examples/example_glfw_opengl3/main.cpp	localization/mola_viz_imgui/3rdparty/imgui/examples/example_glfw_opengl3/main.cpp	file
mola_latest_20260917_ws/src/mola/mola_viz_imgui/3rdparty/imgui/examples/example_glfw_opengl3/Makefile	localization/mola_viz_imgui/3rdparty/imgui/examples/example_glfw_opengl3/Makefile	file
mola_latest_20260917_ws/src/mola/mola_viz_imgui/3rdparty/imgui/examples/example_glfw_opengl3/Makefile.emscripten	localization/mola_viz_imgui/3rdparty/imgui/examples/example_glfw_opengl3/Makefile.emscripten	file
mola_latest_20260917_ws/src/mola/mola_viz_imgui/3rdparty/imgui/examples/example_glfw_opengl3/example_glfw_opengl3.vcxproj	localization/mola_viz_imgui/3rdparty/imgui/examples/example_glfw_opengl3/example_glfw_opengl3.vcxproj	file
mola_latest_20260917_ws/src/mola/mola_viz_imgui/3rdparty/imgui/examples/example_glfw_opengl3/example_glfw_opengl3.vcxproj.filters	localization/mola_viz_imgui/3rdparty/imgui/examples/example_glfw_opengl3/example_glfw_opengl3.vcxproj.filters	file
mola_latest_20260917_ws/src/mola/mola_viz_imgui/3rdparty/imgui/examples/example_glfw_opengl3/build_win32.bat	localization/mola_viz_imgui/3rdparty/imgui/examples/example_glfw_opengl3/build_win32.bat	file
mola_latest_20260917_ws/src/mola/mola_viz_imgui/3rdparty/imgui/examples/example_sdl2_opengl3/main.cpp	localization/mola_viz_imgui/3rdparty/imgui/examples/example_sdl2_opengl3/main.cpp	file
mola_latest_20260917_ws/src/mola/mola_viz_imgui/3rdparty/imgui/examples/example_sdl2_opengl3/README.md	localization/mola_viz_imgui/3rdparty/imgui/examples/example_sdl2_opengl3/README.md	file
mola_latest_20260917_ws/src/mola/mola_viz_imgui/3rdparty/imgui/examples/example_sdl2_opengl3/Makefile	localization/mola_viz_imgui/3rdparty/imgui/examples/example_sdl2_opengl3/Makefile	file
mola_latest_20260917_ws/src/mola/mola_viz_imgui/3rdparty/imgui/examples/example_sdl2_opengl3/example_sdl2_opengl3.vcxproj.filters	localization/mola_viz_imgui/3rdparty/imgui/examples/example_sdl2_opengl3/example_sdl2_opengl3.vcxproj.filters	file
mola_latest_20260917_ws/src/mola/mola_viz_imgui/3rdparty/imgui/examples/example_sdl2_opengl3/Makefile.emscripten	localization/mola_viz_imgui/3rdparty/imgui/examples/example_sdl2_opengl3/Makefile.emscripten	file
mola_latest_20260917_ws/src/mola/mola_viz_imgui/3rdparty/imgui/examples/example_sdl2_opengl3/example_sdl2_opengl3.vcxproj	localization/mola_viz_imgui/3rdparty/imgui/examples/example_sdl2_opengl3/example_sdl2_opengl3.vcxproj	file
mola_latest_20260917_ws/src/mola/mola_viz_imgui/3rdparty/imgui/examples/example_sdl2_opengl3/build_win32.bat	localization/mola_viz_imgui/3rdparty/imgui/examples/example_sdl2_opengl3/build_win32.bat	file
mola_latest_20260917_ws/src/mola/mola_viz_imgui/3rdparty/imgui/examples/example_win32_vulkan/main.cpp	localization/mola_viz_imgui/3rdparty/imgui/examples/example_win32_vulkan/main.cpp	file
mola_latest_20260917_ws/src/mola/mola_viz_imgui/3rdparty/imgui/examples/example_win32_vulkan/example_win32_vulkan.vcxproj.filters	localization/mola_viz_imgui/3rdparty/imgui/examples/example_win32_vulkan/example_win32_vulkan.vcxproj.filters	file
mola_latest_20260917_ws/src/mola/mola_viz_imgui/3rdparty/imgui/examples/example_win32_vulkan/example_win32_vulkan.vcxproj	localization/mola_viz_imgui/3rdparty/imgui/examples/example_win32_vulkan/example_win32_vulkan.vcxproj	file
mola_latest_20260917_ws/src/mola/mola_viz_imgui/3rdparty/imgui/examples/example_win32_vulkan/build_win64.bat	localization/mola_viz_imgui/3rdparty/imgui/examples/example_win32_vulkan/build_win64.bat	file
mola_latest_20260917_ws/src/mola/mola_viz_imgui/3rdparty/imgui/examples/example_win32_vulkan/build_win32.bat	localization/mola_viz_imgui/3rdparty/imgui/examples/example_win32_vulkan/build_win32.bat	file
mola_latest_20260917_ws/src/mola/mola_viz_imgui/3rdparty/imgui/examples/example_sdl3_sdlgpu3/main.cpp	localization/mola_viz_imgui/3rdparty/imgui/examples/example_sdl3_sdlgpu3/main.cpp	file
mola_latest_20260917_ws/src/mola/mola_viz_imgui/3rdparty/imgui/examples/example_sdl3_sdlgpu3/example_sdl3_sdlgpu3.vcxproj	localization/mola_viz_imgui/3rdparty/imgui/examples/example_sdl3_sdlgpu3/example_sdl3_sdlgpu3.vcxproj	file
mola_latest_20260917_ws/src/mola/mola_viz_imgui/3rdparty/imgui/examples/example_sdl3_sdlgpu3/Makefile	localization/mola_viz_imgui/3rdparty/imgui/examples/example_sdl3_sdlgpu3/Makefile	file
mola_latest_20260917_ws/src/mola/mola_viz_imgui/3rdparty/imgui/examples/example_sdl3_sdlgpu3/example_sdl3_sdlgpu3.vcxproj.filters	localization/mola_viz_imgui/3rdparty/imgui/examples/example_sdl3_sdlgpu3/example_sdl3_sdlgpu3.vcxproj.filters	file
mola_latest_20260917_ws/src/mola/mola_viz_imgui/3rdparty/imgui/examples/example_sdl3_sdlgpu3/build_win64.bat	localization/mola_viz_imgui/3rdparty/imgui/examples/example_sdl3_sdlgpu3/build_win64.bat	file
mola_latest_20260917_ws/src/mola/mola_viz_imgui/3rdparty/imgui/examples/example_glfw_opengl2/main.cpp	localization/mola_viz_imgui/3rdparty/imgui/examples/example_glfw_opengl2/main.cpp	file
mola_latest_20260917_ws/src/mola/mola_viz_imgui/3rdparty/imgui/examples/example_glfw_opengl2/example_glfw_opengl2.vcxproj.filters	localization/mola_viz_imgui/3rdparty/imgui/examples/example_glfw_opengl2/example_glfw_opengl2.vcxproj.filters	file
mola_latest_20260917_ws/src/mola/mola_viz_imgui/3rdparty/imgui/examples/example_glfw_opengl2/Makefile	localization/mola_viz_imgui/3rdparty/imgui/examples/example_glfw_opengl2/Makefile	file
mola_latest_20260917_ws/src/mola/mola_viz_imgui/3rdparty/imgui/examples/example_glfw_opengl2/example_glfw_opengl2.vcxproj	localization/mola_viz_imgui/3rdparty/imgui/examples/example_glfw_opengl2/example_glfw_opengl2.vcxproj	file
mola_latest_20260917_ws/src/mola/mola_viz_imgui/3rdparty/imgui/examples/example_glfw_opengl2/build_win32.bat	localization/mola_viz_imgui/3rdparty/imgui/examples/example_glfw_opengl2/build_win32.bat	file
mola_latest_20260917_ws/src/mola/mola_viz_imgui/3rdparty/imgui/examples/example_sdl2_sdlrenderer2/main.cpp	localization/mola_viz_imgui/3rdparty/imgui/examples/example_sdl2_sdlrenderer2/main.cpp	file
mola_latest_20260917_ws/src/mola/mola_viz_imgui/3rdparty/imgui/examples/example_sdl2_sdlrenderer2/example_sdl2_sdlrenderer2.vcxproj.filters	localization/mola_viz_imgui/3rdparty/imgui/examples/example_sdl2_sdlrenderer2/example_sdl2_sdlrenderer2.vcxproj.filters	file
mola_latest_20260917_ws/src/mola/mola_viz_imgui/3rdparty/imgui/examples/example_sdl2_sdlrenderer2/README.md	localization/mola_viz_imgui/3rdparty/imgui/examples/example_sdl2_sdlrenderer2/README.md	file
mola_latest_20260917_ws/src/mola/mola_viz_imgui/3rdparty/imgui/examples/example_sdl2_sdlrenderer2/Makefile	localization/mola_viz_imgui/3rdparty/imgui/examples/example_sdl2_sdlrenderer2/Makefile	file
mola_latest_20260917_ws/src/mola/mola_viz_imgui/3rdparty/imgui/examples/example_sdl2_sdlrenderer2/example_sdl2_sdlrenderer2.vcxproj	localization/mola_viz_imgui/3rdparty/imgui/examples/example_sdl2_sdlrenderer2/example_sdl2_sdlrenderer2.vcxproj	file
mola_latest_20260917_ws/src/mola/mola_viz_imgui/3rdparty/imgui/examples/example_sdl2_sdlrenderer2/build_win32.bat	localization/mola_viz_imgui/3rdparty/imgui/examples/example_sdl2_sdlrenderer2/build_win32.bat	file
mola_latest_20260917_ws/src/mola/mola_viz_imgui/3rdparty/imgui/examples/example_glut_opengl2/main.cpp	localization/mola_viz_imgui/3rdparty/imgui/examples/example_glut_opengl2/main.cpp	file
mola_latest_20260917_ws/src/mola/mola_viz_imgui/3rdparty/imgui/examples/example_glut_opengl2/example_glut_opengl2.vcxproj	localization/mola_viz_imgui/3rdparty/imgui/examples/example_glut_opengl2/example_glut_opengl2.vcxproj	file
mola_latest_20260917_ws/src/mola/mola_viz_imgui/3rdparty/imgui/examples/example_glut_opengl2/Makefile	localization/mola_viz_imgui/3rdparty/imgui/examples/example_glut_opengl2/Makefile	file
mola_latest_20260917_ws/src/mola/mola_viz_imgui/3rdparty/imgui/examples/example_glut_opengl2/example_glut_opengl2.vcxproj.filters	localization/mola_viz_imgui/3rdparty/imgui/examples/example_glut_opengl2/example_glut_opengl2.vcxproj.filters	file
mola_latest_20260917_ws/src/mola/mola_viz_imgui/3rdparty/imgui/examples/example_sdl2_metal/Makefile	localization/mola_viz_imgui/3rdparty/imgui/examples/example_sdl2_metal/Makefile	file
mola_latest_20260917_ws/src/mola/mola_viz_imgui/3rdparty/imgui/examples/example_sdl2_metal/main.mm	localization/mola_viz_imgui/3rdparty/imgui/examples/example_sdl2_metal/main.mm	file
mola_latest_20260917_ws/src/mola/mola_viz_imgui/3rdparty/imgui/examples/example_allegro5/main.cpp	localization/mola_viz_imgui/3rdparty/imgui/examples/example_allegro5/main.cpp	file
mola_latest_20260917_ws/src/mola/mola_viz_imgui/3rdparty/imgui/examples/example_allegro5/example_allegro5.vcxproj.filters	localization/mola_viz_imgui/3rdparty/imgui/examples/example_allegro5/example_allegro5.vcxproj.filters	file
mola_latest_20260917_ws/src/mola/mola_viz_imgui/3rdparty/imgui/examples/example_allegro5/README.md	localization/mola_viz_imgui/3rdparty/imgui/examples/example_allegro5/README.md	file
mola_latest_20260917_ws/src/mola/mola_viz_imgui/3rdparty/imgui/examples/example_allegro5/example_allegro5.vcxproj	localization/mola_viz_imgui/3rdparty/imgui/examples/example_allegro5/example_allegro5.vcxproj	file
mola_latest_20260917_ws/src/mola/mola_viz_imgui/3rdparty/imgui/examples/example_allegro5/imconfig_allegro5.h	localization/mola_viz_imgui/3rdparty/imgui/examples/example_allegro5/imconfig_allegro5.h	file
mola_latest_20260917_ws/src/mola/mola_viz_imgui/3rdparty/imgui/examples/example_win32_directx10/main.cpp	localization/mola_viz_imgui/3rdparty/imgui/examples/example_win32_directx10/main.cpp	file
mola_latest_20260917_ws/src/mola/mola_viz_imgui/3rdparty/imgui/examples/example_win32_directx10/example_win32_directx10.vcxproj.filters	localization/mola_viz_imgui/3rdparty/imgui/examples/example_win32_directx10/example_win32_directx10.vcxproj.filters	file
mola_latest_20260917_ws/src/mola/mola_viz_imgui/3rdparty/imgui/examples/example_win32_directx10/example_win32_directx10.vcxproj	localization/mola_viz_imgui/3rdparty/imgui/examples/example_win32_directx10/example_win32_directx10.vcxproj	file
mola_latest_20260917_ws/src/mola/mola_viz_imgui/3rdparty/imgui/examples/example_win32_directx10/build_win32.bat	localization/mola_viz_imgui/3rdparty/imgui/examples/example_win32_directx10/build_win32.bat	file
mola_latest_20260917_ws/src/mola/mola_viz_imgui/3rdparty/imgui/examples/imgui_examples.sln	localization/mola_viz_imgui/3rdparty/imgui/examples/imgui_examples.sln	file
mola_latest_20260917_ws/src/mola/mola_viz_imgui/3rdparty/imgui/examples/example_null/main.cpp	localization/mola_viz_imgui/3rdparty/imgui/examples/example_null/main.cpp	file
mola_latest_20260917_ws/src/mola/mola_viz_imgui/3rdparty/imgui/examples/example_null/Makefile	localization/mola_viz_imgui/3rdparty/imgui/examples/example_null/Makefile	file
mola_latest_20260917_ws/src/mola/mola_viz_imgui/3rdparty/imgui/examples/example_null/example_null.vcxproj	localization/mola_viz_imgui/3rdparty/imgui/examples/example_null/example_null.vcxproj	file
mola_latest_20260917_ws/src/mola/mola_viz_imgui/3rdparty/imgui/examples/example_null/example_null.vcxproj.filters	localization/mola_viz_imgui/3rdparty/imgui/examples/example_null/example_null.vcxproj.filters	file
mola_latest_20260917_ws/src/mola/mola_viz_imgui/3rdparty/imgui/examples/example_null/build_win32.bat	localization/mola_viz_imgui/3rdparty/imgui/examples/example_null/build_win32.bat	file
mola_latest_20260917_ws/src/mola/mola_viz_imgui/3rdparty/imgui/examples/example_sdl3_vulkan/main.cpp	localization/mola_viz_imgui/3rdparty/imgui/examples/example_sdl3_vulkan/main.cpp	file
mola_latest_20260917_ws/src/mola/mola_viz_imgui/3rdparty/imgui/examples/example_sdl3_vulkan/example_sdl3_vulkan.vcxproj	localization/mola_viz_imgui/3rdparty/imgui/examples/example_sdl3_vulkan/example_sdl3_vulkan.vcxproj	file
mola_latest_20260917_ws/src/mola/mola_viz_imgui/3rdparty/imgui/examples/example_sdl3_vulkan/Makefile	localization/mola_viz_imgui/3rdparty/imgui/examples/example_sdl3_vulkan/Makefile	file
mola_latest_20260917_ws/src/mola/mola_viz_imgui/3rdparty/imgui/examples/example_sdl3_vulkan/example_sdl3_vulkan.vcxproj.filters	localization/mola_viz_imgui/3rdparty/imgui/examples/example_sdl3_vulkan/example_sdl3_vulkan.vcxproj.filters	file
mola_latest_20260917_ws/src/mola/mola_viz_imgui/3rdparty/imgui/examples/example_sdl3_vulkan/build_win64.bat	localization/mola_viz_imgui/3rdparty/imgui/examples/example_sdl3_vulkan/build_win64.bat	file
mola_latest_20260917_ws/src/mola/mola_viz_imgui/3rdparty/imgui/examples/example_sdl3_vulkan/build_win32.bat	localization/mola_viz_imgui/3rdparty/imgui/examples/example_sdl3_vulkan/build_win32.bat	file
mola_latest_20260917_ws/src/mola/mola_viz_imgui/3rdparty/imgui/examples/example_glfw_metal/Makefile	localization/mola_viz_imgui/3rdparty/imgui/examples/example_glfw_metal/Makefile	file
mola_latest_20260917_ws/src/mola/mola_viz_imgui/3rdparty/imgui/examples/example_glfw_metal/main.mm	localization/mola_viz_imgui/3rdparty/imgui/examples/example_glfw_metal/main.mm	file
mola_latest_20260917_ws/src/mola/mola_viz_imgui/3rdparty/imgui/examples/example_android_opengl3/main.cpp	localization/mola_viz_imgui/3rdparty/imgui/examples/example_android_opengl3/main.cpp	file
mola_latest_20260917_ws/src/mola/mola_viz_imgui/3rdparty/imgui/examples/example_android_opengl3/android/settings.gradle	localization/mola_viz_imgui/3rdparty/imgui/examples/example_android_opengl3/android/settings.gradle	file
mola_latest_20260917_ws/src/mola/mola_viz_imgui/3rdparty/imgui/examples/example_android_opengl3/android/app/src/main/AndroidManifest.xml	localization/mola_viz_imgui/3rdparty/imgui/examples/example_android_opengl3/android/app/src/main/AndroidManifest.xml	file
mola_latest_20260917_ws/src/mola/mola_viz_imgui/3rdparty/imgui/examples/example_android_opengl3/android/app/src/main/java/MainActivity.kt	localization/mola_viz_imgui/3rdparty/imgui/examples/example_android_opengl3/android/app/src/main/java/MainActivity.kt	file
mola_latest_20260917_ws/src/mola/mola_viz_imgui/3rdparty/imgui/examples/example_android_opengl3/android/app/build.gradle	localization/mola_viz_imgui/3rdparty/imgui/examples/example_android_opengl3/android/app/build.gradle	file
mola_latest_20260917_ws/src/mola/mola_viz_imgui/3rdparty/imgui/examples/example_android_opengl3/android/gradle/libs.versions.toml	localization/mola_viz_imgui/3rdparty/imgui/examples/example_android_opengl3/android/gradle/libs.versions.toml	file
mola_latest_20260917_ws/src/mola/mola_viz_imgui/3rdparty/imgui/examples/example_android_opengl3/android/.gitignore	localization/mola_viz_imgui/3rdparty/imgui/examples/example_android_opengl3/android/.gitignore	file
mola_latest_20260917_ws/src/mola/mola_viz_imgui/3rdparty/imgui/examples/example_android_opengl3/android/build.gradle	localization/mola_viz_imgui/3rdparty/imgui/examples/example_android_opengl3/android/build.gradle	file
mola_latest_20260917_ws/src/mola/mola_viz_imgui/3rdparty/imgui/examples/example_android_opengl3/CMakeLists.txt	localization/mola_viz_imgui/3rdparty/imgui/examples/example_android_opengl3/CMakeLists.txt	file
mola_latest_20260917_ws/src/mola/mola_viz_imgui/3rdparty/imgui/examples/example_sdl3_sdlrenderer3/main.cpp	localization/mola_viz_imgui/3rdparty/imgui/examples/example_sdl3_sdlrenderer3/main.cpp	file
mola_latest_20260917_ws/src/mola/mola_viz_imgui/3rdparty/imgui/examples/example_sdl3_sdlrenderer3/example_sdl3_sdlrenderer3.vcxproj.filters	localization/mola_viz_imgui/3rdparty/imgui/examples/example_sdl3_sdlrenderer3/example_sdl3_sdlrenderer3.vcxproj.filters	file
mola_latest_20260917_ws/src/mola/mola_viz_imgui/3rdparty/imgui/examples/example_sdl3_sdlrenderer3/Makefile	localization/mola_viz_imgui/3rdparty/imgui/examples/example_sdl3_sdlrenderer3/Makefile	file
mola_latest_20260917_ws/src/mola/mola_viz_imgui/3rdparty/imgui/examples/example_sdl3_sdlrenderer3/example_sdl3_sdlrenderer3.vcxproj	localization/mola_viz_imgui/3rdparty/imgui/examples/example_sdl3_sdlrenderer3/example_sdl3_sdlrenderer3.vcxproj	file
mola_latest_20260917_ws/src/mola/mola_viz_imgui/3rdparty/imgui/examples/example_sdl3_sdlrenderer3/build_win32.bat	localization/mola_viz_imgui/3rdparty/imgui/examples/example_sdl3_sdlrenderer3/build_win32.bat	file
mola_latest_20260917_ws/src/mola/mola_viz_imgui/3rdparty/imgui/examples/example_sdl2_wgpu/main.cpp	localization/mola_viz_imgui/3rdparty/imgui/examples/example_sdl2_wgpu/main.cpp	file
mola_latest_20260917_ws/src/mola/mola_viz_imgui/3rdparty/imgui/examples/example_sdl2_wgpu/README.md	localization/mola_viz_imgui/3rdparty/imgui/examples/example_sdl2_wgpu/README.md	file
mola_latest_20260917_ws/src/mola/mola_viz_imgui/3rdparty/imgui/examples/example_sdl2_wgpu/CMakeLists.txt	localization/mola_viz_imgui/3rdparty/imgui/examples/example_sdl2_wgpu/CMakeLists.txt	file
mola_latest_20260917_ws/src/mola/mola_viz_imgui/3rdparty/imgui/examples/example_sdl2_wgpu/Makefile.emscripten	localization/mola_viz_imgui/3rdparty/imgui/examples/example_sdl2_wgpu/Makefile.emscripten	file
mola_latest_20260917_ws/src/mola/mola_viz_imgui/3rdparty/imgui/examples/example_glfw_vulkan/main.cpp	localization/mola_viz_imgui/3rdparty/imgui/examples/example_glfw_vulkan/main.cpp	file
mola_latest_20260917_ws/src/mola/mola_viz_imgui/3rdparty/imgui/examples/example_glfw_vulkan/example_glfw_vulkan.vcxproj.filters	localization/mola_viz_imgui/3rdparty/imgui/examples/example_glfw_vulkan/example_glfw_vulkan.vcxproj.filters	file
mola_latest_20260917_ws/src/mola/mola_viz_imgui/3rdparty/imgui/examples/example_glfw_vulkan/example_glfw_vulkan.vcxproj	localization/mola_viz_imgui/3rdparty/imgui/examples/example_glfw_vulkan/example_glfw_vulkan.vcxproj	file
mola_latest_20260917_ws/src/mola/mola_viz_imgui/3rdparty/imgui/examples/example_glfw_vulkan/Makefile	localization/mola_viz_imgui/3rdparty/imgui/examples/example_glfw_vulkan/Makefile	file
mola_latest_20260917_ws/src/mola/mola_viz_imgui/3rdparty/imgui/examples/example_glfw_vulkan/CMakeLists.txt	localization/mola_viz_imgui/3rdparty/imgui/examples/example_glfw_vulkan/CMakeLists.txt	file
mola_latest_20260917_ws/src/mola/mola_viz_imgui/3rdparty/imgui/examples/example_glfw_vulkan/build_win64.bat	localization/mola_viz_imgui/3rdparty/imgui/examples/example_glfw_vulkan/build_win64.bat	file
mola_latest_20260917_ws/src/mola/mola_viz_imgui/3rdparty/imgui/examples/example_glfw_vulkan/build_win32.bat	localization/mola_viz_imgui/3rdparty/imgui/examples/example_glfw_vulkan/build_win32.bat	file
mola_latest_20260917_ws/src/mola/mola_viz_imgui/3rdparty/imgui/examples/example_win32_directx12/main.cpp	localization/mola_viz_imgui/3rdparty/imgui/examples/example_win32_directx12/main.cpp	file
mola_latest_20260917_ws/src/mola/mola_viz_imgui/3rdparty/imgui/examples/example_win32_directx12/example_win32_directx12.vcxproj.filters	localization/mola_viz_imgui/3rdparty/imgui/examples/example_win32_directx12/example_win32_directx12.vcxproj.filters	file
mola_latest_20260917_ws/src/mola/mola_viz_imgui/3rdparty/imgui/examples/example_win32_directx12/example_win32_directx12.vcxproj	localization/mola_viz_imgui/3rdparty/imgui/examples/example_win32_directx12/example_win32_directx12.vcxproj	file
mola_latest_20260917_ws/src/mola/mola_viz_imgui/3rdparty/imgui/examples/example_win32_directx12/build_win32.bat	localization/mola_viz_imgui/3rdparty/imgui/examples/example_win32_directx12/build_win32.bat	file
mola_latest_20260917_ws/src/mola/mola_viz_imgui/3rdparty/imgui/examples/example_win32_directx9/main.cpp	localization/mola_viz_imgui/3rdparty/imgui/examples/example_win32_directx9/main.cpp	file
mola_latest_20260917_ws/src/mola/mola_viz_imgui/3rdparty/imgui/examples/example_win32_directx9/example_win32_directx9.vcxproj	localization/mola_viz_imgui/3rdparty/imgui/examples/example_win32_directx9/example_win32_directx9.vcxproj	file
mola_latest_20260917_ws/src/mola/mola_viz_imgui/3rdparty/imgui/examples/example_win32_directx9/example_win32_directx9.vcxproj.filters	localization/mola_viz_imgui/3rdparty/imgui/examples/example_win32_directx9/example_win32_directx9.vcxproj.filters	file
mola_latest_20260917_ws/src/mola/mola_viz_imgui/3rdparty/imgui/examples/example_win32_directx9/build_win32.bat	localization/mola_viz_imgui/3rdparty/imgui/examples/example_win32_directx9/build_win32.bat	file
mola_latest_20260917_ws/src/mola/mola_viz_imgui/3rdparty/imgui/examples/example_sdl2_directx11/main.cpp	localization/mola_viz_imgui/3rdparty/imgui/examples/example_sdl2_directx11/main.cpp	file
mola_latest_20260917_ws/src/mola/mola_viz_imgui/3rdparty/imgui/examples/example_sdl2_directx11/example_sdl2_directx11.vcxproj	localization/mola_viz_imgui/3rdparty/imgui/examples/example_sdl2_directx11/example_sdl2_directx11.vcxproj	file
mola_latest_20260917_ws/src/mola/mola_viz_imgui/3rdparty/imgui/examples/example_sdl2_directx11/example_sdl2_directx11.vcxproj.filters	localization/mola_viz_imgui/3rdparty/imgui/examples/example_sdl2_directx11/example_sdl2_directx11.vcxproj.filters	file
mola_latest_20260917_ws/src/mola/mola_viz_imgui/3rdparty/imgui/examples/example_sdl2_directx11/build_win32.bat	localization/mola_viz_imgui/3rdparty/imgui/examples/example_sdl2_directx11/build_win32.bat	file
mola_latest_20260917_ws/src/mola/mola_viz_imgui/3rdparty/imgui/imgui_widgets.cpp	localization/mola_viz_imgui/3rdparty/imgui/imgui_widgets.cpp	file
mola_latest_20260917_ws/src/mola/mola_viz_imgui/3rdparty/imgui/imstb_rectpack.h	localization/mola_viz_imgui/3rdparty/imgui/imstb_rectpack.h	file
mola_latest_20260917_ws/src/mola/mola_viz_imgui/3rdparty/imgui/.editorconfig	localization/mola_viz_imgui/3rdparty/imgui/.editorconfig	file
mola_latest_20260917_ws/src/mola/mola_viz_imgui/3rdparty/imgui/docs/EXAMPLES.md	localization/mola_viz_imgui/3rdparty/imgui/docs/EXAMPLES.md	file
mola_latest_20260917_ws/src/mola/mola_viz_imgui/3rdparty/imgui/docs/CHANGELOG.txt	localization/mola_viz_imgui/3rdparty/imgui/docs/CHANGELOG.txt	file
mola_latest_20260917_ws/src/mola/mola_viz_imgui/3rdparty/imgui/docs/FONTS.md	localization/mola_viz_imgui/3rdparty/imgui/docs/FONTS.md	file
mola_latest_20260917_ws/src/mola/mola_viz_imgui/3rdparty/imgui/docs/TODO.txt	localization/mola_viz_imgui/3rdparty/imgui/docs/TODO.txt	file
mola_latest_20260917_ws/src/mola/mola_viz_imgui/3rdparty/imgui/docs/README.md	localization/mola_viz_imgui/3rdparty/imgui/docs/README.md	file
mola_latest_20260917_ws/src/mola/mola_viz_imgui/3rdparty/imgui/docs/FAQ.md	localization/mola_viz_imgui/3rdparty/imgui/docs/FAQ.md	file
mola_latest_20260917_ws/src/mola/mola_viz_imgui/3rdparty/imgui/docs/CONTRIBUTING.md	localization/mola_viz_imgui/3rdparty/imgui/docs/CONTRIBUTING.md	file
mola_latest_20260917_ws/src/mola/mola_viz_imgui/3rdparty/imgui/docs/BACKENDS.md	localization/mola_viz_imgui/3rdparty/imgui/docs/BACKENDS.md	file
mola_latest_20260917_ws/src/mola/mola_viz_imgui/3rdparty/imgui/backends/imgui_impl_glfw.h	localization/mola_viz_imgui/3rdparty/imgui/backends/imgui_impl_glfw.h	file
mola_latest_20260917_ws/src/mola/mola_viz_imgui/3rdparty/imgui/backends/imgui_impl_dx11.cpp	localization/mola_viz_imgui/3rdparty/imgui/backends/imgui_impl_dx11.cpp	file
mola_latest_20260917_ws/src/mola/mola_viz_imgui/3rdparty/imgui/backends/imgui_impl_vulkan.h	localization/mola_viz_imgui/3rdparty/imgui/backends/imgui_impl_vulkan.h	file
mola_latest_20260917_ws/src/mola/mola_viz_imgui/3rdparty/imgui/backends/imgui_impl_android.h	localization/mola_viz_imgui/3rdparty/imgui/backends/imgui_impl_android.h	file
mola_latest_20260917_ws/src/mola/mola_viz_imgui/3rdparty/imgui/backends/imgui_impl_glut.cpp	localization/mola_viz_imgui/3rdparty/imgui/backends/imgui_impl_glut.cpp	file
mola_latest_20260917_ws/src/mola/mola_viz_imgui/3rdparty/imgui/backends/imgui_impl_opengl3_loader.h	localization/mola_viz_imgui/3rdparty/imgui/backends/imgui_impl_opengl3_loader.h	file
mola_latest_20260917_ws/src/mola/mola_viz_imgui/3rdparty/imgui/backends/imgui_impl_win32.cpp	localization/mola_viz_imgui/3rdparty/imgui/backends/imgui_impl_win32.cpp	file
mola_latest_20260917_ws/src/mola/mola_viz_imgui/3rdparty/imgui/backends/imgui_impl_glut.h	localization/mola_viz_imgui/3rdparty/imgui/backends/imgui_impl_glut.h	file
mola_latest_20260917_ws/src/mola/mola_viz_imgui/3rdparty/imgui/backends/imgui_impl_dx10.h	localization/mola_viz_imgui/3rdparty/imgui/backends/imgui_impl_dx10.h	file
mola_latest_20260917_ws/src/mola/mola_viz_imgui/3rdparty/imgui/backends/imgui_impl_metal.mm	localization/mola_viz_imgui/3rdparty/imgui/backends/imgui_impl_metal.mm	file
mola_latest_20260917_ws/src/mola/mola_viz_imgui/3rdparty/imgui/backends/imgui_impl_opengl3.cpp	localization/mola_viz_imgui/3rdparty/imgui/backends/imgui_impl_opengl3.cpp	file
mola_latest_20260917_ws/src/mola/mola_viz_imgui/3rdparty/imgui/backends/imgui_impl_null.cpp	localization/mola_viz_imgui/3rdparty/imgui/backends/imgui_impl_null.cpp	file
mola_latest_20260917_ws/src/mola/mola_viz_imgui/3rdparty/imgui/backends/imgui_impl_allegro5.h	localization/mola_viz_imgui/3rdparty/imgui/backends/imgui_impl_allegro5.h	file
mola_latest_20260917_ws/src/mola/mola_viz_imgui/3rdparty/imgui/backends/imgui_impl_sdlrenderer3.h	localization/mola_viz_imgui/3rdparty/imgui/backends/imgui_impl_sdlrenderer3.h	file
mola_latest_20260917_ws/src/mola/mola_viz_imgui/3rdparty/imgui/backends/imgui_impl_dx11.h	localization/mola_viz_imgui/3rdparty/imgui/backends/imgui_impl_dx11.h	file
mola_latest_20260917_ws/src/mola/mola_viz_imgui/3rdparty/imgui/backends/imgui_impl_sdl3.h	localization/mola_viz_imgui/3rdparty/imgui/backends/imgui_impl_sdl3.h	file
mola_latest_20260917_ws/src/mola/mola_viz_imgui/3rdparty/imgui/backends/imgui_impl_sdlgpu3.h	localization/mola_viz_imgui/3rdparty/imgui/backends/imgui_impl_sdlgpu3.h	file
mola_latest_20260917_ws/src/mola/mola_viz_imgui/3rdparty/imgui/backends/imgui_impl_sdl3.cpp	localization/mola_viz_imgui/3rdparty/imgui/backends/imgui_impl_sdl3.cpp	file
mola_latest_20260917_ws/src/mola/mola_viz_imgui/3rdparty/imgui/backends/imgui_impl_dx10.cpp	localization/mola_viz_imgui/3rdparty/imgui/backends/imgui_impl_dx10.cpp	file
mola_latest_20260917_ws/src/mola/mola_viz_imgui/3rdparty/imgui/backends/imgui_impl_wgpu.h	localization/mola_viz_imgui/3rdparty/imgui/backends/imgui_impl_wgpu.h	file
mola_latest_20260917_ws/src/mola/mola_viz_imgui/3rdparty/imgui/backends/imgui_impl_dx9.cpp	localization/mola_viz_imgui/3rdparty/imgui/backends/imgui_impl_dx9.cpp	file
mola_latest_20260917_ws/src/mola/mola_viz_imgui/3rdparty/imgui/backends/imgui_impl_null.h	localization/mola_viz_imgui/3rdparty/imgui/backends/imgui_impl_null.h	file
mola_latest_20260917_ws/src/mola/mola_viz_imgui/3rdparty/imgui/backends/imgui_impl_dx9.h	localization/mola_viz_imgui/3rdparty/imgui/backends/imgui_impl_dx9.h	file
mola_latest_20260917_ws/src/mola/mola_viz_imgui/3rdparty/imgui/backends/imgui_impl_sdlrenderer2.cpp	localization/mola_viz_imgui/3rdparty/imgui/backends/imgui_impl_sdlrenderer2.cpp	file
mola_latest_20260917_ws/src/mola/mola_viz_imgui/3rdparty/imgui/backends/imgui_impl_sdlrenderer2.h	localization/mola_viz_imgui/3rdparty/imgui/backends/imgui_impl_sdlrenderer2.h	file
mola_latest_20260917_ws/src/mola/mola_viz_imgui/3rdparty/imgui/backends/imgui_impl_allegro5.cpp	localization/mola_viz_imgui/3rdparty/imgui/backends/imgui_impl_allegro5.cpp	file
mola_latest_20260917_ws/src/mola/mola_viz_imgui/3rdparty/imgui/backends/imgui_impl_vulkan.cpp	localization/mola_viz_imgui/3rdparty/imgui/backends/imgui_impl_vulkan.cpp	file
mola_latest_20260917_ws/src/mola/mola_viz_imgui/3rdparty/imgui/backends/imgui_impl_sdlrenderer3.cpp	localization/mola_viz_imgui/3rdparty/imgui/backends/imgui_impl_sdlrenderer3.cpp	file
mola_latest_20260917_ws/src/mola/mola_viz_imgui/3rdparty/imgui/backends/imgui_impl_osx.mm	localization/mola_viz_imgui/3rdparty/imgui/backends/imgui_impl_osx.mm	file
mola_latest_20260917_ws/src/mola/mola_viz_imgui/3rdparty/imgui/backends/imgui_impl_win32.h	localization/mola_viz_imgui/3rdparty/imgui/backends/imgui_impl_win32.h	file
mola_latest_20260917_ws/src/mola/mola_viz_imgui/3rdparty/imgui/backends/imgui_impl_dx12.h	localization/mola_viz_imgui/3rdparty/imgui/backends/imgui_impl_dx12.h	file
mola_latest_20260917_ws/src/mola/mola_viz_imgui/3rdparty/imgui/backends/imgui_impl_sdl2.h	localization/mola_viz_imgui/3rdparty/imgui/backends/imgui_impl_sdl2.h	file
mola_latest_20260917_ws/src/mola/mola_viz_imgui/3rdparty/imgui/backends/imgui_impl_metal.h	localization/mola_viz_imgui/3rdparty/imgui/backends/imgui_impl_metal.h	file
mola_latest_20260917_ws/src/mola/mola_viz_imgui/3rdparty/imgui/backends/imgui_impl_opengl3.h	localization/mola_viz_imgui/3rdparty/imgui/backends/imgui_impl_opengl3.h	file
mola_latest_20260917_ws/src/mola/mola_viz_imgui/3rdparty/imgui/backends/imgui_impl_sdlgpu3.cpp	localization/mola_viz_imgui/3rdparty/imgui/backends/imgui_impl_sdlgpu3.cpp	file
mola_latest_20260917_ws/src/mola/mola_viz_imgui/3rdparty/imgui/backends/imgui_impl_dx12.cpp	localization/mola_viz_imgui/3rdparty/imgui/backends/imgui_impl_dx12.cpp	file
mola_latest_20260917_ws/src/mola/mola_viz_imgui/3rdparty/imgui/backends/imgui_impl_android.cpp	localization/mola_viz_imgui/3rdparty/imgui/backends/imgui_impl_android.cpp	file
mola_latest_20260917_ws/src/mola/mola_viz_imgui/3rdparty/imgui/backends/imgui_impl_glfw.cpp	localization/mola_viz_imgui/3rdparty/imgui/backends/imgui_impl_glfw.cpp	file
mola_latest_20260917_ws/src/mola/mola_viz_imgui/3rdparty/imgui/backends/imgui_impl_wgpu.cpp	localization/mola_viz_imgui/3rdparty/imgui/backends/imgui_impl_wgpu.cpp	file
mola_latest_20260917_ws/src/mola/mola_viz_imgui/3rdparty/imgui/backends/vulkan/glsl_shader.vert	localization/mola_viz_imgui/3rdparty/imgui/backends/vulkan/glsl_shader.vert	file
mola_latest_20260917_ws/src/mola/mola_viz_imgui/3rdparty/imgui/backends/vulkan/build_instructions.txt	localization/mola_viz_imgui/3rdparty/imgui/backends/vulkan/build_instructions.txt	file
mola_latest_20260917_ws/src/mola/mola_viz_imgui/3rdparty/imgui/backends/vulkan/generate_spv.sh	localization/mola_viz_imgui/3rdparty/imgui/backends/vulkan/generate_spv.sh	file
mola_latest_20260917_ws/src/mola/mola_viz_imgui/3rdparty/imgui/backends/vulkan/glsl_shader.frag	localization/mola_viz_imgui/3rdparty/imgui/backends/vulkan/glsl_shader.frag	file
mola_latest_20260917_ws/src/mola/mola_viz_imgui/3rdparty/imgui/backends/imgui_impl_osx.h	localization/mola_viz_imgui/3rdparty/imgui/backends/imgui_impl_osx.h	file
mola_latest_20260917_ws/src/mola/mola_viz_imgui/3rdparty/imgui/backends/imgui_impl_opengl2.cpp	localization/mola_viz_imgui/3rdparty/imgui/backends/imgui_impl_opengl2.cpp	file
mola_latest_20260917_ws/src/mola/mola_viz_imgui/3rdparty/imgui/backends/imgui_impl_sdl2.cpp	localization/mola_viz_imgui/3rdparty/imgui/backends/imgui_impl_sdl2.cpp	file
mola_latest_20260917_ws/src/mola/mola_viz_imgui/3rdparty/imgui/backends/imgui_impl_opengl2.h	localization/mola_viz_imgui/3rdparty/imgui/backends/imgui_impl_opengl2.h	file
mola_latest_20260917_ws/src/mola/mola_viz_imgui/3rdparty/imgui/backends/sdlgpu3/shader.frag	localization/mola_viz_imgui/3rdparty/imgui/backends/sdlgpu3/shader.frag	file
mola_latest_20260917_ws/src/mola/mola_viz_imgui/3rdparty/imgui/backends/sdlgpu3/build_instructions.txt	localization/mola_viz_imgui/3rdparty/imgui/backends/sdlgpu3/build_instructions.txt	file
mola_latest_20260917_ws/src/mola/mola_viz_imgui/3rdparty/imgui/backends/sdlgpu3/shader.vert	localization/mola_viz_imgui/3rdparty/imgui/backends/sdlgpu3/shader.vert	file
mola_latest_20260917_ws/src/mola/mola_viz_imgui/3rdparty/imgui/backends/imgui_impl_sdlgpu3_shaders.h	localization/mola_viz_imgui/3rdparty/imgui/backends/imgui_impl_sdlgpu3_shaders.h	file
mola_latest_20260917_ws/src/mola/mola_viz_imgui/3rdparty/imgui/imgui_tables.cpp	localization/mola_viz_imgui/3rdparty/imgui/imgui_tables.cpp	file
mola_latest_20260917_ws/src/mola/mola_viz_imgui/3rdparty/imgui/LICENSE.txt	localization/mola_viz_imgui/3rdparty/imgui/LICENSE.txt	file
mola_latest_20260917_ws/src/mola/mola_viz_imgui/3rdparty/imgui/imconfig.h	localization/mola_viz_imgui/3rdparty/imgui/imconfig.h	file
mola_latest_20260917_ws/src/mola/mola_viz_imgui/3rdparty/imgui/.gitignore	localization/mola_viz_imgui/3rdparty/imgui/.gitignore	file
mola_latest_20260917_ws/src/mola/mola_viz_imgui/3rdparty/imgui/imstb_textedit.h	localization/mola_viz_imgui/3rdparty/imgui/imstb_textedit.h	file
mola_latest_20260917_ws/src/mola/mola_viz_imgui/3rdparty/imgui/imgui_demo.cpp	localization/mola_viz_imgui/3rdparty/imgui/imgui_demo.cpp	file
mola_latest_20260917_ws/src/mola/mola_viz_imgui/3rdparty/imgui/imgui.h	localization/mola_viz_imgui/3rdparty/imgui/imgui.h	file
mola_latest_20260917_ws/src/mola/mola_viz_imgui/3rdparty/imgui/imgui_draw.cpp	localization/mola_viz_imgui/3rdparty/imgui/imgui_draw.cpp	file
mola_latest_20260917_ws/src/mola/mola_viz_imgui/3rdparty/imgui/imstb_truetype.h	localization/mola_viz_imgui/3rdparty/imgui/imstb_truetype.h	file
mola_latest_20260917_ws/src/mola/mola_viz_imgui/3rdparty/imgui/misc/cpp/imgui_stdlib.h	localization/mola_viz_imgui/3rdparty/imgui/misc/cpp/imgui_stdlib.h	file
mola_latest_20260917_ws/src/mola/mola_viz_imgui/3rdparty/imgui/misc/cpp/README.txt	localization/mola_viz_imgui/3rdparty/imgui/misc/cpp/README.txt	file
mola_latest_20260917_ws/src/mola/mola_viz_imgui/3rdparty/imgui/misc/cpp/imgui_stdlib.cpp	localization/mola_viz_imgui/3rdparty/imgui/misc/cpp/imgui_stdlib.cpp	file
mola_latest_20260917_ws/src/mola/mola_viz_imgui/3rdparty/imgui/misc/fonts/ProggyTiny.ttf	localization/mola_viz_imgui/3rdparty/imgui/misc/fonts/ProggyTiny.ttf	file
mola_latest_20260917_ws/src/mola/mola_viz_imgui/3rdparty/imgui/misc/fonts/Karla-Regular.ttf	localization/mola_viz_imgui/3rdparty/imgui/misc/fonts/Karla-Regular.ttf	file
mola_latest_20260917_ws/src/mola/mola_viz_imgui/3rdparty/imgui/misc/fonts/ProggyClean.ttf	localization/mola_viz_imgui/3rdparty/imgui/misc/fonts/ProggyClean.ttf	file
mola_latest_20260917_ws/src/mola/mola_viz_imgui/3rdparty/imgui/misc/fonts/DroidSans.ttf	localization/mola_viz_imgui/3rdparty/imgui/misc/fonts/DroidSans.ttf	file
mola_latest_20260917_ws/src/mola/mola_viz_imgui/3rdparty/imgui/misc/fonts/Roboto-Medium.ttf	localization/mola_viz_imgui/3rdparty/imgui/misc/fonts/Roboto-Medium.ttf	file
mola_latest_20260917_ws/src/mola/mola_viz_imgui/3rdparty/imgui/misc/fonts/binary_to_compressed_c.cpp	localization/mola_viz_imgui/3rdparty/imgui/misc/fonts/binary_to_compressed_c.cpp	file
mola_latest_20260917_ws/src/mola/mola_viz_imgui/3rdparty/imgui/misc/fonts/Cousine-Regular.ttf	localization/mola_viz_imgui/3rdparty/imgui/misc/fonts/Cousine-Regular.ttf	file
mola_latest_20260917_ws/src/mola/mola_viz_imgui/3rdparty/imgui/misc/README.txt	localization/mola_viz_imgui/3rdparty/imgui/misc/README.txt	file
mola_latest_20260917_ws/src/mola/mola_viz_imgui/3rdparty/imgui/misc/debuggers/imgui_lldb.py	localization/mola_viz_imgui/3rdparty/imgui/misc/debuggers/imgui_lldb.py	file
mola_latest_20260917_ws/src/mola/mola_viz_imgui/3rdparty/imgui/misc/debuggers/imgui.natvis	localization/mola_viz_imgui/3rdparty/imgui/misc/debuggers/imgui.natvis	file
mola_latest_20260917_ws/src/mola/mola_viz_imgui/3rdparty/imgui/misc/debuggers/README.txt	localization/mola_viz_imgui/3rdparty/imgui/misc/debuggers/README.txt	file
mola_latest_20260917_ws/src/mola/mola_viz_imgui/3rdparty/imgui/misc/debuggers/imgui.gdb	localization/mola_viz_imgui/3rdparty/imgui/misc/debuggers/imgui.gdb	file
mola_latest_20260917_ws/src/mola/mola_viz_imgui/3rdparty/imgui/misc/debuggers/imgui.natstepfilter	localization/mola_viz_imgui/3rdparty/imgui/misc/debuggers/imgui.natstepfilter	file
mola_latest_20260917_ws/src/mola/mola_viz_imgui/3rdparty/imgui/misc/freetype/imgui_freetype.h	localization/mola_viz_imgui/3rdparty/imgui/misc/freetype/imgui_freetype.h	file
mola_latest_20260917_ws/src/mola/mola_viz_imgui/3rdparty/imgui/misc/freetype/README.md	localization/mola_viz_imgui/3rdparty/imgui/misc/freetype/README.md	file
mola_latest_20260917_ws/src/mola/mola_viz_imgui/3rdparty/imgui/misc/freetype/imgui_freetype.cpp	localization/mola_viz_imgui/3rdparty/imgui/misc/freetype/imgui_freetype.cpp	file
mola_latest_20260917_ws/src/mola/mola_viz_imgui/3rdparty/imgui/misc/single_file/imgui_single_file.h	localization/mola_viz_imgui/3rdparty/imgui/misc/single_file/imgui_single_file.h	file
mola_latest_20260917_ws/src/mola/mola_viz_imgui/3rdparty/.clang-format	localization/mola_viz_imgui/3rdparty/.clang-format	file
mola_latest_20260917_ws/src/mola/mola_viz_imgui/src/MolaVizImGui_handlers.cpp	localization/mola_viz_imgui/src/MolaVizImGui_handlers.cpp	file
mola_latest_20260917_ws/src/mola/mola_viz_imgui/src/MolaVizImGui_widgets.cpp	localization/mola_viz_imgui/src/MolaVizImGui_widgets.cpp	file
mola_latest_20260917_ws/src/mola/mola_viz_imgui/src/MetricsRegistry.h	localization/mola_viz_imgui/src/MetricsRegistry.h	file
mola_latest_20260917_ws/src/mola/mola_viz_imgui/src/MolaVizImGui.cpp	localization/mola_viz_imgui/src/MolaVizImGui.cpp	file
mola_latest_20260917_ws/src/mola/mola_viz_imgui/src/ConsoleLogSink.cpp	localization/mola_viz_imgui/src/ConsoleLogSink.cpp	file
mola_latest_20260917_ws/src/mola/mola_viz_imgui/src/MolaVizImGuiCore.cpp	localization/mola_viz_imgui/src/MolaVizImGuiCore.cpp	file
mola_latest_20260917_ws/src/mola/mola_viz_imgui/src/MetricsRegistry.cpp	localization/mola_viz_imgui/src/MetricsRegistry.cpp	file
mola_latest_20260917_ws/src/mola/mola_viz_imgui/CHANGELOG.rst	localization/mola_viz_imgui/CHANGELOG.rst	file
mola_latest_20260917_ws/src/mola/mola_viz_imgui/README.md	localization/mola_viz_imgui/README.md	file
mola_latest_20260917_ws/src/mola/mola_viz_imgui/CMakeLists.txt	localization/mola_viz_imgui/CMakeLists.txt	file
mola_latest_20260917_ws/src/mola/mola_viz_imgui/LICENSE	localization/mola_viz_imgui/LICENSE	file
mola_latest_20260917_ws/src/mola/mola_viz_imgui/include/mola_viz_imgui/MolaVizImGui.h	localization/mola_viz_imgui/include/mola_viz_imgui/MolaVizImGui.h	file
mola_latest_20260917_ws/src/mola/mola_viz_imgui/include/mola_viz_imgui/MolaVizImGuiCore.h	localization/mola_viz_imgui/include/mola_viz_imgui/MolaVizImGuiCore.h	file
mola_latest_20260917_ws/src/mola/mola_viz_imgui/package.xml	localization/mola_viz_imgui/package.xml	file
mola_latest_20260917_ws/src/mola/mola_input_lidar_bin_dataset/src/BinFileDataset.cpp	localization/mola_input_lidar_bin_dataset/src/BinFileDataset.cpp	file
mola_latest_20260917_ws/src/mola/mola_input_lidar_bin_dataset/CHANGELOG.rst	localization/mola_input_lidar_bin_dataset/CHANGELOG.rst	file
mola_latest_20260917_ws/src/mola/mola_input_lidar_bin_dataset/README.md	localization/mola_input_lidar_bin_dataset/README.md	file
mola_latest_20260917_ws/src/mola/mola_input_lidar_bin_dataset/CMakeLists.txt	localization/mola_input_lidar_bin_dataset/CMakeLists.txt	file
mola_latest_20260917_ws/src/mola/mola_input_lidar_bin_dataset/LICENSE	localization/mola_input_lidar_bin_dataset/LICENSE	file
mola_latest_20260917_ws/src/mola/mola_input_lidar_bin_dataset/include/mola_input_lidar_bin_dataset/BinFileDataset.h	localization/mola_input_lidar_bin_dataset/include/mola_input_lidar_bin_dataset/BinFileDataset.h	file
mola_latest_20260917_ws/src/mola/mola_input_lidar_bin_dataset/package.xml	localization/mola_input_lidar_bin_dataset/package.xml	file
mola_latest_20260917_ws/src/mola/mola_input_rosbag2/src/Rosbag2Dataset.cpp	localization/mola_input_rosbag2/src/Rosbag2Dataset.cpp	file
mola_latest_20260917_ws/src/mola/mola_input_rosbag2/CHANGELOG.rst	localization/mola_input_rosbag2/CHANGELOG.rst	file
mola_latest_20260917_ws/src/mola/mola_input_rosbag2/README.md	localization/mola_input_rosbag2/README.md	file
mola_latest_20260917_ws/src/mola/mola_input_rosbag2/CMakeLists.txt	localization/mola_input_rosbag2/CMakeLists.txt	file
mola_latest_20260917_ws/src/mola/mola_input_rosbag2/LICENSE	localization/mola_input_rosbag2/LICENSE	file
mola_latest_20260917_ws/src/mola/mola_input_rosbag2/include/mola_input_rosbag2/Rosbag2Dataset.h	localization/mola_input_rosbag2/include/mola_input_rosbag2/Rosbag2Dataset.h	file
mola_latest_20260917_ws/src/mola/mola_input_rosbag2/package.xml	localization/mola_input_rosbag2/package.xml	file
mola_latest_20260917_ws/src/mola/docs/source/sm2mm_pipelines.rst	localization/mola_source_metadata/mola/docs/source/sm2mm_pipelines.rst	file
mola_latest_20260917_ws/src/mola/docs/source/concept-mola-architecture.rst	localization/mola_source_metadata/mola/docs/source/concept-mola-architecture.rst	file
mola_latest_20260917_ws/src/mola/docs/source/bibliography.rst	localization/mola_source_metadata/mola/docs/source/bibliography.rst	file
mola_latest_20260917_ws/src/mola/docs/source/geo-referencing.rst	localization/mola_source_metadata/mola/docs/source/geo-referencing.rst	file
mola_latest_20260917_ws/src/mola/docs/source/solutions.rst	localization/mola_source_metadata/mola/docs/source/solutions.rst	file
mola_latest_20260917_ws/src/mola/docs/source/app_mm2las.rst	localization/mola_source_metadata/mola/docs/source/app_mm2las.rst	file
mola_latest_20260917_ws/src/mola/docs/source/mola-slam-representations.png	localization/mola_source_metadata/mola/docs/source/mola-slam-representations.png	file
mola_latest_20260917_ws/src/mola/docs/source/app_icp-log-viewer.rst	localization/mola_source_metadata/mola/docs/source/app_icp-log-viewer.rst	file
mola_latest_20260917_ws/src/mola/docs/source/module-mola-yaml.rst	localization/mola_source_metadata/mola/docs/source/module-mola-yaml.rst	file
mola_latest_20260917_ws/src/mola/docs/source/app_sm2mm.rst	localization/mola_source_metadata/mola/docs/source/app_sm2mm.rst	file
mola_latest_20260917_ws/src/mola/docs/source/mp2p_icp_optimal-transformations.rst	localization/mola_source_metadata/mola/docs/source/mp2p_icp_optimal-transformations.rst	file
mola_latest_20260917_ws/src/mola/docs/source/concept-module-directories-paths.rst	localization/mola_source_metadata/mola/docs/source/concept-module-directories-paths.rst	file
mola_latest_20260917_ws/src/mola/docs/source/mola_lidar_odometry.rst	localization/mola_source_metadata/mola/docs/source/mola_lidar_odometry.rst	file
mola_latest_20260917_ws/src/mola/docs/source/app_mm2grid.rst	localization/mola_source_metadata/mola/docs/source/app_mm2grid.rst	file
mola_latest_20260917_ws/src/mola/docs/source/tutorials.rst	localization/mola_source_metadata/mola/docs/source/tutorials.rst	file
mola_latest_20260917_ws/src/mola/docs/source/troubleshooting.rst	localization/mola_source_metadata/mola/docs/source/troubleshooting.rst	file
mola_latest_20260917_ws/src/mola/docs/source/mp2p_icp_applications.rst	localization/mola_source_metadata/mola/docs/source/mp2p_icp_applications.rst	file
mola_latest_20260917_ws/src/mola/docs/source/mola_state_estimators.rst	localization/mola_source_metadata/mola/docs/source/mola_state_estimators.rst	file
mola_latest_20260917_ws/src/mola/docs/source/app_txt2mm.rst	localization/mola_source_metadata/mola/docs/source/app_txt2mm.rst	file
mola_latest_20260917_ws/src/mola/docs/source/ros2api.rst	localization/mola_source_metadata/mola/docs/source/ros2api.rst	file
mola_latest_20260917_ws/src/mola/docs/source/concept-slam-configuration-file.rst	localization/mola_source_metadata/mola/docs/source/concept-slam-configuration-file.rst	file
mola_latest_20260917_ws/src/mola/docs/source/mp2p_icp_basics.rst	localization/mola_source_metadata/mola/docs/source/mp2p_icp_basics.rst	file
mola_latest_20260917_ws/src/mola/docs/source/tutorial-mola-cmake-commands.rst	localization/mola_source_metadata/mola/docs/source/tutorial-mola-cmake-commands.rst	file
mola_latest_20260917_ws/src/mola/docs/source/app_mm-info.rst	localization/mola_source_metadata/mola/docs/source/app_mm-info.rst	file
mola_latest_20260917_ws/src/mola/docs/source/doxyrest-frames/common/item.lua	localization/mola_source_metadata/mola/docs/source/doxyrest-frames/common/item.lua	file
mola_latest_20260917_ws/src/mola/docs/source/doxyrest-frames/common/doc.lua	localization/mola_source_metadata/mola/docs/source/doxyrest-frames/common/doc.lua	file
mola_latest_20260917_ws/src/mola/docs/source/doxyrest-frames/common/index_main.rst.in	localization/mola_source_metadata/mola/docs/source/doxyrest-frames/common/index_main.rst.in	file
mola_latest_20260917_ws/src/mola/docs/source/doxyrest-frames/common/crefdb_items.py.in	localization/mola_source_metadata/mola/docs/source/doxyrest-frames/common/crefdb_items.py.in	file
mola_latest_20260917_ws/src/mola/docs/source/doxyrest-frames/common/table.lua	localization/mola_source_metadata/mola/docs/source/doxyrest-frames/common/table.lua	file
mola_latest_20260917_ws/src/mola/docs/source/doxyrest-frames/common/details.rst.in	localization/mola_source_metadata/mola/docs/source/doxyrest-frames/common/details.rst.in	file
mola_latest_20260917_ws/src/mola/docs/source/doxyrest-frames/common/group.rst.in	localization/mola_source_metadata/mola/docs/source/doxyrest-frames/common/group.rst.in	file
mola_latest_20260917_ws/src/mola/docs/source/doxyrest-frames/common/page.rst.in	localization/mola_source_metadata/mola/docs/source/doxyrest-frames/common/page.rst.in	file
mola_latest_20260917_ws/src/mola/docs/source/doxyrest-frames/common/crefdb_groups.py.in	localization/mola_source_metadata/mola/docs/source/doxyrest-frames/common/crefdb_groups.py.in	file
mola_latest_20260917_ws/src/mola/docs/source/doxyrest-frames/common/string.lua	localization/mola_source_metadata/mola/docs/source/doxyrest-frames/common/string.lua	file
mola_latest_20260917_ws/src/mola/docs/source/doxyrest-frames/common/toc.lua	localization/mola_source_metadata/mola/docs/source/doxyrest-frames/common/toc.lua	file
mola_latest_20260917_ws/src/mola/docs/source/doxyrest-frames/common/footnotes.rst.in	localization/mola_source_metadata/mola/docs/source/doxyrest-frames/common/footnotes.rst.in	file
mola_latest_20260917_ws/src/mola/docs/source/doxyrest-frames/cfamily/class.rst.in	localization/mola_source_metadata/mola/docs/source/doxyrest-frames/cfamily/class.rst.in	file
mola_latest_20260917_ws/src/mola/docs/source/doxyrest-frames/cfamily/details_aliases.rst.in	localization/mola_source_metadata/mola/docs/source/doxyrest-frames/cfamily/details_aliases.rst.in	file
mola_latest_20260917_ws/src/mola/docs/source/doxyrest-frames/cfamily/overview_aliases.rst.in	localization/mola_source_metadata/mola/docs/source/doxyrest-frames/cfamily/overview_aliases.rst.in	file
mola_latest_20260917_ws/src/mola/docs/source/doxyrest-frames/cfamily/details_defines.rst.in	localization/mola_source_metadata/mola/docs/source/doxyrest-frames/cfamily/details_defines.rst.in	file
mola_latest_20260917_ws/src/mola/docs/source/doxyrest-frames/cfamily/namespace.rst.in	localization/mola_source_metadata/mola/docs/source/doxyrest-frames/cfamily/namespace.rst.in	file
mola_latest_20260917_ws/src/mola/docs/source/doxyrest-frames/cfamily/overview_classes.rst.in	localization/mola_source_metadata/mola/docs/source/doxyrest-frames/cfamily/overview_classes.rst.in	file
mola_latest_20260917_ws/src/mola/docs/source/doxyrest-frames/cfamily/utils.lua	localization/mola_source_metadata/mola/docs/source/doxyrest-frames/cfamily/utils.lua	file
mola_latest_20260917_ws/src/mola/docs/source/doxyrest-frames/cfamily/crefdb_members.py.in	localization/mola_source_metadata/mola/docs/source/doxyrest-frames/cfamily/crefdb_members.py.in	file
mola_latest_20260917_ws/src/mola/docs/source/doxyrest-frames/cfamily/crefdb_items.py.in	localization/mola_source_metadata/mola/docs/source/doxyrest-frames/cfamily/crefdb_items.py.in	file
mola_latest_20260917_ws/src/mola/docs/source/doxyrest-frames/cfamily/overview_compound.rst.in	localization/mola_source_metadata/mola/docs/source/doxyrest-frames/cfamily/overview_compound.rst.in	file
mola_latest_20260917_ws/src/mola/docs/source/doxyrest-frames/cfamily/overview_common.rst.in	localization/mola_source_metadata/mola/docs/source/doxyrest-frames/cfamily/overview_common.rst.in	file
mola_latest_20260917_ws/src/mola/docs/source/doxyrest-frames/cfamily/details_functions.rst.in	localization/mola_source_metadata/mola/docs/source/doxyrest-frames/cfamily/details_functions.rst.in	file
mola_latest_20260917_ws/src/mola/docs/source/doxyrest-frames/cfamily/details_properties.rst.in	localization/mola_source_metadata/mola/docs/source/doxyrest-frames/cfamily/details_properties.rst.in	file
mola_latest_20260917_ws/src/mola/docs/source/doxyrest-frames/cfamily/details_unnamed_enum_values.rst.in	localization/mola_source_metadata/mola/docs/source/doxyrest-frames/cfamily/details_unnamed_enum_values.rst.in	file
mola_latest_20260917_ws/src/mola/docs/source/doxyrest-frames/cfamily/overview_namespaces.rst.in	localization/mola_source_metadata/mola/docs/source/doxyrest-frames/cfamily/overview_namespaces.rst.in	file
mola_latest_20260917_ws/src/mola/docs/source/doxyrest-frames/cfamily/enum.rst.in	localization/mola_source_metadata/mola/docs/source/doxyrest-frames/cfamily/enum.rst.in	file
mola_latest_20260917_ws/src/mola/docs/source/doxyrest-frames/cfamily/scope_namespace.rst.in	localization/mola_source_metadata/mola/docs/source/doxyrest-frames/cfamily/scope_namespace.rst.in	file
mola_latest_20260917_ws/src/mola/docs/source/doxyrest-frames/cfamily/overview_members.rst.in	localization/mola_source_metadata/mola/docs/source/doxyrest-frames/cfamily/overview_members.rst.in	file
mola_latest_20260917_ws/src/mola/docs/source/doxyrest-frames/cfamily/overview_events.rst.in	localization/mola_source_metadata/mola/docs/source/doxyrest-frames/cfamily/overview_events.rst.in	file
mola_latest_20260917_ws/src/mola/docs/source/doxyrest-frames/cfamily/overview_typedefs.rst.in	localization/mola_source_metadata/mola/docs/source/doxyrest-frames/cfamily/overview_typedefs.rst.in	file
mola_latest_20260917_ws/src/mola/docs/source/doxyrest-frames/cfamily/global.rst.in	localization/mola_source_metadata/mola/docs/source/doxyrest-frames/cfamily/global.rst.in	file
mola_latest_20260917_ws/src/mola/docs/source/doxyrest-frames/cfamily/overview_variables.rst.in	localization/mola_source_metadata/mola/docs/source/doxyrest-frames/cfamily/overview_variables.rst.in	file
mola_latest_20260917_ws/src/mola/docs/source/doxyrest-frames/cfamily/index.rst.in	localization/mola_source_metadata/mola/docs/source/doxyrest-frames/cfamily/index.rst.in	file
mola_latest_20260917_ws/src/mola/docs/source/doxyrest-frames/cfamily/details_construction.rst.in	localization/mola_source_metadata/mola/docs/source/doxyrest-frames/cfamily/details_construction.rst.in	file
mola_latest_20260917_ws/src/mola/docs/source/doxyrest-frames/cfamily/details_typedefs.rst.in	localization/mola_source_metadata/mola/docs/source/doxyrest-frames/cfamily/details_typedefs.rst.in	file
mola_latest_20260917_ws/src/mola/docs/source/doxyrest-frames/cfamily/scope_class.rst.in	localization/mola_source_metadata/mola/docs/source/doxyrest-frames/cfamily/scope_class.rst.in	file
mola_latest_20260917_ws/src/mola/docs/source/doxyrest-frames/cfamily/overview_functions.rst.in	localization/mola_source_metadata/mola/docs/source/doxyrest-frames/cfamily/overview_functions.rst.in	file
mola_latest_20260917_ws/src/mola/docs/source/doxyrest-frames/cfamily/compound.rst.in	localization/mola_source_metadata/mola/docs/source/doxyrest-frames/cfamily/compound.rst.in	file
mola_latest_20260917_ws/src/mola/docs/source/doxyrest-frames/cfamily/details_events.rst.in	localization/mola_source_metadata/mola/docs/source/doxyrest-frames/cfamily/details_events.rst.in	file
mola_latest_20260917_ws/src/mola/docs/source/doxyrest-frames/cfamily/crefdb.py.in	localization/mola_source_metadata/mola/docs/source/doxyrest-frames/cfamily/crefdb.py.in	file
mola_latest_20260917_ws/src/mola/docs/source/doxyrest-frames/cfamily/overview_enums.rst.in	localization/mola_source_metadata/mola/docs/source/doxyrest-frames/cfamily/overview_enums.rst.in	file
mola_latest_20260917_ws/src/mola/docs/source/doxyrest-frames/cfamily/overview_construction.rst.in	localization/mola_source_metadata/mola/docs/source/doxyrest-frames/cfamily/overview_construction.rst.in	file
mola_latest_20260917_ws/src/mola/docs/source/doxyrest-frames/cfamily/example.rst.in	localization/mola_source_metadata/mola/docs/source/doxyrest-frames/cfamily/example.rst.in	file
mola_latest_20260917_ws/src/mola/docs/source/doxyrest-frames/cfamily/overview_properties.rst.in	localization/mola_source_metadata/mola/docs/source/doxyrest-frames/cfamily/overview_properties.rst.in	file
mola_latest_20260917_ws/src/mola/docs/source/doxyrest-frames/cfamily/overview_defines.rst.in	localization/mola_source_metadata/mola/docs/source/doxyrest-frames/cfamily/overview_defines.rst.in	file
mola_latest_20260917_ws/src/mola/docs/source/doxyrest-frames/cfamily/crefdb_enums.py.in	localization/mola_source_metadata/mola/docs/source/doxyrest-frames/cfamily/crefdb_enums.py.in	file
mola_latest_20260917_ws/src/mola/docs/source/doxyrest-frames/cfamily/details_variables.rst.in	localization/mola_source_metadata/mola/docs/source/doxyrest-frames/cfamily/details_variables.rst.in	file
mola_latest_20260917_ws/src/mola/docs/source/_static/css/mola_cookbook.css	localization/mola_source_metadata/mola/docs/source/_static/css/mola_cookbook.css	file
mola_latest_20260917_ws/src/mola/docs/source/_static/js/mola_cookbook.js	localization/mola_source_metadata/mola/docs/source/_static/js/mola_cookbook.js	file
mola_latest_20260917_ws/src/mola/docs/source/tutorial-ouster-mapping-lc.rst	localization/mola_source_metadata/mola/docs/source/tutorial-ouster-mapping-lc.rst	file
mola_latest_20260917_ws/src/mola/docs/source/mola_mapper.rst	localization/mola_source_metadata/mola/docs/source/mola_mapper.rst	file
mola_latest_20260917_ws/src/mola/docs/source/tutorial-mulran-replay-to-ros2.rst	localization/mola_source_metadata/mola/docs/source/tutorial-mulran-replay-to-ros2.rst	file
mola_latest_20260917_ws/src/mola/docs/source/imgs/mola_tutorial_building_maps_warehouse_rawlog.png	localization/mola_source_metadata/mola/docs/source/imgs/mola_tutorial_building_maps_warehouse_rawlog.png	file
mola_latest_20260917_ws/src/mola/docs/source/imgs/odometry_inputs_outputs.png	localization/mola_source_metadata/mola/docs/source/imgs/odometry_inputs_outputs.png	file
mola_latest_20260917_ws/src/mola/docs/source/imgs/mola_tutorial_building_maps_warehouse_keyframes.png	localization/mola_source_metadata/mola/docs/source/imgs/mola_tutorial_building_maps_warehouse_keyframes.png	file
mola_latest_20260917_ws/src/mola/docs/source/imgs/mola-slam-logo.png	localization/mola_source_metadata/mola/docs/source/imgs/mola-slam-logo.png	file
mola_latest_20260917_ws/src/mola/docs/source/imgs/mola-architecture.png	localization/mola_source_metadata/mola/docs/source/imgs/mola-architecture.png	file
mola_latest_20260917_ws/src/mola/docs/source/your-own-rosbag.rst	localization/mola_source_metadata/mola/docs/source/your-own-rosbag.rst	file
mola_latest_20260917_ws/src/mola/docs/source/gui-vs-cli.rst	localization/mola_source_metadata/mola/docs/source/gui-vs-cli.rst	file
mola_latest_20260917_ws/src/mola/docs/source/app_mm-filter.rst	localization/mola_source_metadata/mola/docs/source/app_mm-filter.rst	file
mola_latest_20260917_ws/src/mola/docs/source/mola_mapper_ros2_node.rst	localization/mola_source_metadata/mola/docs/source/mola_mapper_ros2_node.rst	file
mola_latest_20260917_ws/src/mola/docs/source/module-mola-launcher.rst	localization/mola_source_metadata/mola/docs/source/module-mola-launcher.rst	file
mola_latest_20260917_ws/src/mola/docs/source/Doxyfile	localization/mola_source_metadata/mola/docs/source/Doxyfile	file
mola_latest_20260917_ws/src/mola/docs/source/module-mp2p-icp.rst	localization/mola_source_metadata/mola/docs/source/module-mp2p-icp.rst	file
mola_latest_20260917_ws/src/mola/docs/source/tutorial-ouster-lio.rst	localization/mola_source_metadata/mola/docs/source/tutorial-ouster-lio.rst	file
mola_latest_20260917_ws/src/mola/docs/source/map-tools.rst	localization/mola_source_metadata/mola/docs/source/map-tools.rst	file
mola_latest_20260917_ws/src/mola/docs/source/dataset-conversions.rst	localization/mola_source_metadata/mola/docs/source/dataset-conversions.rst	file
mola_latest_20260917_ws/src/mola/docs/source/tutorial-mola-lo-map-and-localize.rst	localization/mola_source_metadata/mola/docs/source/tutorial-mola-lo-map-and-localize.rst	file
mola_latest_20260917_ws/src/mola/docs/source/app_kitti2mm.rst	localization/mola_source_metadata/mola/docs/source/app_kitti2mm.rst	file
mola_latest_20260917_ws/src/mola/docs/source/mola_ros2_configurations.rst	localization/mola_source_metadata/mola/docs/source/mola_ros2_configurations.rst	file
mola_latest_20260917_ws/src/mola/docs/source/app_sm-cli.rst	localization/mola_source_metadata/mola/docs/source/app_sm-cli.rst	file
mola_latest_20260917_ws/src/mola/docs/source/changelog.rst	localization/mola_source_metadata/mola/docs/source/changelog.rst	file
mola_latest_20260917_ws/src/mola/docs/source/_templates/sourcelink.html	localization/mola_source_metadata/mola/docs/source/_templates/sourcelink.html	file
mola_latest_20260917_ws/src/mola/docs/source/_templates/search.html	localization/mola_source_metadata/mola/docs/source/_templates/search.html	file
mola_latest_20260917_ws/src/mola/docs/source/_templates/layout.html	localization/mola_source_metadata/mola/docs/source/_templates/layout.html	file
mola_latest_20260917_ws/src/mola/docs/source/mola_lo_apps.rst	localization/mola_source_metadata/mola/docs/source/mola_lo_apps.rst	file
mola_latest_20260917_ws/src/mola/docs/source/mola_lo_pipelines.rst	localization/mola_source_metadata/mola/docs/source/mola_lo_pipelines.rst	file
mola_latest_20260917_ws/src/mola/docs/source/quickstart.rst	localization/mola_source_metadata/mola/docs/source/quickstart.rst	file
mola_latest_20260917_ws/src/mola/docs/source/pricing.rst	localization/mola_source_metadata/mola/docs/source/pricing.rst	file
mola_latest_20260917_ws/src/mola/docs/source/building-maps.rst	localization/mola_source_metadata/mola/docs/source/building-maps.rst	file
mola_latest_20260917_ws/src/mola/docs/source/wrappers_3rd_party.rst	localization/mola_source_metadata/mola/docs/source/wrappers_3rd_party.rst	file
mola_latest_20260917_ws/src/mola/docs/source/localization.rst	localization/mola_source_metadata/mola/docs/source/localization.rst	file
mola_latest_20260917_ws/src/mola/docs/source/.gitignore	localization/mola_source_metadata/mola/docs/source/.gitignore	file
mola_latest_20260917_ws/src/mola/docs/source/doxygen-layout.xml	localization/mola_source_metadata/mola/docs/source/doxygen-layout.xml	file
mola_latest_20260917_ws/src/mola/docs/source/concept-state-vector.rst	localization/mola_source_metadata/mola/docs/source/concept-state-vector.rst	file
mola_latest_20260917_ws/src/mola/docs/source/refs.bib	localization/mola_source_metadata/mola/docs/source/refs.bib	file
mola_latest_20260917_ws/src/mola/docs/source/app_mm-viewer.rst	localization/mola_source_metadata/mola/docs/source/app_mm-viewer.rst	file
mola_latest_20260917_ws/src/mola/docs/source/app_mm2ply.rst	localization/mola_source_metadata/mola/docs/source/app_mm2ply.rst	file
mola_latest_20260917_ws/src/mola/docs/source/app_icp-run.rst	localization/mola_source_metadata/mola/docs/source/app_icp-run.rst	file
mola_latest_20260917_ws/src/mola/docs/source/tutorial-mola-main-cli-tools.rst	localization/mola_source_metadata/mola/docs/source/tutorial-mola-main-cli-tools.rst	file
mola_latest_20260917_ws/src/mola/docs/source/index.rst	localization/mola_source_metadata/mola/docs/source/index.rst	file
mola_latest_20260917_ws/src/mola/docs/source/templ.rst.in	localization/mola_source_metadata/mola/docs/source/templ.rst.in	file
mola_latest_20260917_ws/src/mola/docs/source/doxyrest-config.lua	localization/mola_source_metadata/mola/docs/source/doxyrest-config.lua	file
mola_latest_20260917_ws/src/mola/docs/source/app_mm-georef.rst	localization/mola_source_metadata/mola/docs/source/app_mm-georef.rst	file
mola_latest_20260917_ws/src/mola/docs/source/modules.rst	localization/mola_source_metadata/mola/docs/source/modules.rst	file
mola_latest_20260917_ws/src/mola/docs/source/mp2p_icp_filters.rst	localization/mola_source_metadata/mola/docs/source/mp2p_icp_filters.rst	file
mola_latest_20260917_ws/src/mola/docs/source/conf.py	localization/mola_source_metadata/mola/docs/source/conf.py	file
mola_latest_20260917_ws/src/mola/docs/source/supported-sensors.rst	localization/mola_source_metadata/mola/docs/source/supported-sensors.rst	file
mola_latest_20260917_ws/src/mola/docs/source/mola_architecture.rst	localization/mola_source_metadata/mola/docs/source/mola_architecture.rst	file
mola_latest_20260917_ws/src/mola/docs/source/app_mm2txt.rst	localization/mola_source_metadata/mola/docs/source/app_mm2txt.rst	file
mola_latest_20260917_ws/src/mola/docs/source/mola_lo_diagnostics.rst	localization/mola_source_metadata/mola/docs/source/mola_lo_diagnostics.rst	file
mola_latest_20260917_ws/src/mola/docs/source/why-mola.rst	localization/mola_source_metadata/mola/docs/source/why-mola.rst	file
mola_latest_20260917_ws/src/mola/docs/source/concept-simulation-real-time.rst	localization/mola_source_metadata/mola/docs/source/concept-simulation-real-time.rst	file
mola_latest_20260917_ws/src/mola/docs/COLCON_IGNORE	localization/mola_source_metadata/mola/docs/COLCON_IGNORE	file
mola_latest_20260917_ws/src/mola/docs/ci/doxyrest_shim/cpplexer.py	localization/mola_source_metadata/mola/docs/ci/doxyrest_shim/cpplexer.py	file
mola_latest_20260917_ws/src/mola/docs/ci/doxyrest_shim/doxyrest.py	localization/mola_source_metadata/mola/docs/ci/doxyrest_shim/doxyrest.py	file
mola_latest_20260917_ws/src/mola/docs/ci/check-docs-warnings.sh	localization/mola_source_metadata/mola/docs/ci/check-docs-warnings.sh	file
mola_latest_20260917_ws/src/mola/docs/README.md	localization/mola_source_metadata/mola/docs/README.md	file
mola_latest_20260917_ws/src/mola/docs/generate_dataset_pages.py	localization/mola_source_metadata/mola/docs/generate_dataset_pages.py	file
mola_latest_20260917_ws/src/mola/docs/Makefile	localization/mola_source_metadata/mola/docs/Makefile	file
mola_latest_20260917_ws/src/mola/docs/.gitignore	localization/mola_source_metadata/mola/docs/.gitignore	file
mola_latest_20260917_ws/src/mola/docs/remote-static-files.sh	localization/mola_source_metadata/mola/docs/remote-static-files.sh	file
mola_latest_20260917_ws/src/mola/docs/requirements.txt	localization/mola_source_metadata/mola/docs/requirements.txt	file
mola_latest_20260917_ws/src/mola/mola/CHANGELOG.rst	localization/mola/CHANGELOG.rst	file
mola_latest_20260917_ws/src/mola/mola/CMakeLists.txt	localization/mola/CMakeLists.txt	file
mola_latest_20260917_ws/src/mola/mola/LICENSE	localization/mola/LICENSE	file
mola_latest_20260917_ws/src/mola/mola/README.rst	localization/mola/README.rst	file
mola_latest_20260917_ws/src/mola/mola/package.xml	localization/mola/package.xml	file
mola_latest_20260917_ws/src/mola/mola_input_rawlog/src/RawlogDataset.cpp	localization/mola_input_rawlog/src/RawlogDataset.cpp	file
mola_latest_20260917_ws/src/mola/mola_input_rawlog/CHANGELOG.rst	localization/mola_input_rawlog/CHANGELOG.rst	file
mola_latest_20260917_ws/src/mola/mola_input_rawlog/README.md	localization/mola_input_rawlog/README.md	file
mola_latest_20260917_ws/src/mola/mola_input_rawlog/CMakeLists.txt	localization/mola_input_rawlog/CMakeLists.txt	file
mola_latest_20260917_ws/src/mola/mola_input_rawlog/LICENSE	localization/mola_input_rawlog/LICENSE	file
mola_latest_20260917_ws/src/mola/mola_input_rawlog/include/mola_input_rawlog/RawlogDataset.h	localization/mola_input_rawlog/include/mola_input_rawlog/RawlogDataset.h	file
mola_latest_20260917_ws/src/mola/mola_input_rawlog/package.xml	localization/mola_input_rawlog/package.xml	file
mola_latest_20260917_ws/src/mola/mola_pose_list/src/HashedSetSE3.cpp	localization/mola_pose_list/src/HashedSetSE3.cpp	file
mola_latest_20260917_ws/src/mola/mola_pose_list/src/SearchablePoseList.cpp	localization/mola_pose_list/src/SearchablePoseList.cpp	file
mola_latest_20260917_ws/src/mola/mola_pose_list/CHANGELOG.rst	localization/mola_pose_list/CHANGELOG.rst	file
mola_latest_20260917_ws/src/mola/mola_pose_list/README.md	localization/mola_pose_list/README.md	file
mola_latest_20260917_ws/src/mola/mola_pose_list/tests/test-searchable-pose-list.cpp	localization/mola_pose_list/tests/test-searchable-pose-list.cpp	file
mola_latest_20260917_ws/src/mola/mola_pose_list/tests/CMakeLists.txt	localization/mola_pose_list/tests/CMakeLists.txt	file
mola_latest_20260917_ws/src/mola/mola_pose_list/CMakeLists.txt	localization/mola_pose_list/CMakeLists.txt	file
mola_latest_20260917_ws/src/mola/mola_pose_list/LICENSE	localization/mola_pose_list/LICENSE	file
mola_latest_20260917_ws/src/mola/mola_pose_list/include/mola_pose_list/HashedSetSE3.h	localization/mola_pose_list/include/mola_pose_list/HashedSetSE3.h	file
mola_latest_20260917_ws/src/mola/mola_pose_list/include/mola_pose_list/index_se3_t.h	localization/mola_pose_list/include/mola_pose_list/index_se3_t.h	file
mola_latest_20260917_ws/src/mola/mola_pose_list/include/mola_pose_list/SearchablePoseList.h	localization/mola_pose_list/include/mola_pose_list/SearchablePoseList.h	file
mola_latest_20260917_ws/src/mola/mola_pose_list/package.xml	localization/mola_pose_list/package.xml	file
mola_latest_20260917_ws/src/mola/mola_relocalization/src/find_best_poses_se2.cpp	localization/mola_relocalization/src/find_best_poses_se2.cpp	file
mola_latest_20260917_ws/src/mola/mola_relocalization/src/RelocalizationICP_SE2.cpp	localization/mola_relocalization/src/RelocalizationICP_SE2.cpp	file
mola_latest_20260917_ws/src/mola/mola_relocalization/src/RelocalizationLikelihood_SE2.cpp	localization/mola_relocalization/src/RelocalizationLikelihood_SE2.cpp	file
mola_latest_20260917_ws/src/mola/mola_relocalization/CHANGELOG.rst	localization/mola_relocalization/CHANGELOG.rst	file
mola_latest_20260917_ws/src/mola/mola_relocalization/README.md	localization/mola_relocalization/README.md	file
mola_latest_20260917_ws/src/mola/mola_relocalization/tests/test-relocalization-se2-kitti.cpp	localization/mola_relocalization/tests/test-relocalization-se2-kitti.cpp	file
mola_latest_20260917_ws/src/mola/mola_relocalization/tests/CMakeLists.txt	localization/mola_relocalization/tests/CMakeLists.txt	file
mola_latest_20260917_ws/src/mola/mola_relocalization/CMakeLists.txt	localization/mola_relocalization/CMakeLists.txt	file
mola_latest_20260917_ws/src/mola/mola_relocalization/LICENSE	localization/mola_relocalization/LICENSE	file
mola_latest_20260917_ws/src/mola/mola_relocalization/include/mola_relocalization/relocalization.h	localization/mola_relocalization/include/mola_relocalization/relocalization.h	file
mola_latest_20260917_ws/src/mola/mola_relocalization/package.xml	localization/mola_relocalization/package.xml	file
mola_latest_20260917_ws/src/mola/cla/individual-cla.md	localization/mola_source_metadata/mola/cla/individual-cla.md	file
mola_latest_20260917_ws/src/mola/mola_demos/ros2-launchs/ros-mulran-pf-localization.launch.py	localization/mola_demos/ros2-launchs/ros-mulran-pf-localization.launch.py	file
mola_latest_20260917_ws/src/mola/mola_demos/ros2-launchs/ros-mulran-play.launch.py	localization/mola_demos/ros2-launchs/ros-mulran-play.launch.py	file
mola_latest_20260917_ws/src/mola/mola_demos/ros2-launchs/ros-kitti-play.launch.py	localization/mola_demos/ros2-launchs/ros-kitti-play.launch.py	file
mola_latest_20260917_ws/src/mola/mola_demos/CHANGELOG.rst	localization/mola_demos/CHANGELOG.rst	file
mola_latest_20260917_ws/src/mola/mola_demos/README.md	localization/mola_demos/README.md	file
mola_latest_20260917_ws/src/mola/mola_demos/demos/fake_sensor_publisher.py	localization/mola_demos/demos/fake_sensor_publisher.py	file
mola_latest_20260917_ws/src/mola/mola_demos/mola-cli-launchs/kitti_just_replay.yaml	localization/mola_demos/mola-cli-launchs/kitti_just_replay.yaml	file
mola_latest_20260917_ws/src/mola/mola_demos/mola-cli-launchs/rawlog_just_replay.yaml	localization/mola_demos/mola-cli-launchs/rawlog_just_replay.yaml	file
mola_latest_20260917_ws/src/mola/mola_demos/mola-cli-launchs/work-in-progress/kitti_stereo.yml	localization/mola_demos/mola-cli-launchs/work-in-progress/kitti_stereo.yml	file
mola_latest_20260917_ws/src/mola/mola_demos/mola-cli-launchs/work-in-progress/kitti_monocular.yml	localization/mola_demos/mola-cli-launchs/work-in-progress/kitti_monocular.yml	file
mola_latest_20260917_ws/src/mola/mola_demos/mola-cli-launchs/work-in-progress/euroc_stereo.yml	localization/mola_demos/mola-cli-launchs/work-in-progress/euroc_stereo.yml	file
mola_latest_20260917_ws/src/mola/mola_demos/mola-cli-launchs/work-in-progress/euroc_monocular.yml	localization/mola_demos/mola-cli-launchs/work-in-progress/euroc_monocular.yml	file
mola_latest_20260917_ws/src/mola/mola_demos/mola-cli-launchs/work-in-progress/pose_graph_g2o_file.yaml	localization/mola_demos/mola-cli-launchs/work-in-progress/pose_graph_g2o_file.yaml	file
mola_latest_20260917_ws/src/mola/mola_demos/mola-cli-launchs/work-in-progress/rawlog_odom_and_lidar.yaml	localization/mola_demos/mola-cli-launchs/work-in-progress/rawlog_odom_and_lidar.yaml	file
mola_latest_20260917_ws/src/mola/mola_demos/mola-cli-launchs/mulran_just_replay_to_ros2.yaml	localization/mola_demos/mola-cli-launchs/mulran_just_replay_to_ros2.yaml	file
mola_latest_20260917_ws/src/mola/mola_demos/mola-cli-launchs/mulran_just_replay.yaml	localization/mola_demos/mola-cli-launchs/mulran_just_replay.yaml	file
mola_latest_20260917_ws/src/mola/mola_demos/mola-cli-launchs/lidar_bin_directory_just_replay.yaml	localization/mola_demos/mola-cli-launchs/lidar_bin_directory_just_replay.yaml	file
mola_latest_20260917_ws/src/mola/mola_demos/mola-cli-launchs/image_directory_just_replay.yaml	localization/mola_demos/mola-cli-launchs/image_directory_just_replay.yaml	file
mola_latest_20260917_ws/src/mola/mola_demos/mola-cli-launchs/paris_luco_just_replay.yaml	localization/mola_demos/mola-cli-launchs/paris_luco_just_replay.yaml	file
mola_latest_20260917_ws/src/mola/mola_demos/mola-cli-launchs/ros2_ouster_just_view.yaml	localization/mola_demos/mola-cli-launchs/ros2_ouster_just_view.yaml	file
mola_latest_20260917_ws/src/mola/mola_demos/mola-cli-launchs/kitti_just_replay_to_ros2.yaml	localization/mola_demos/mola-cli-launchs/kitti_just_replay_to_ros2.yaml	file
mola_latest_20260917_ws/src/mola/mola_demos/mola-cli-launchs/live_velodyne_just_view.yaml	localization/mola_demos/mola-cli-launchs/live_velodyne_just_view.yaml	file
mola_latest_20260917_ws/src/mola/mola_demos/mola-cli-launchs/rosbag2_pointcloud_just_view.yaml	localization/mola_demos/mola-cli-launchs/rosbag2_pointcloud_just_view.yaml	file
mola_latest_20260917_ws/src/mola/mola_demos/mola-cli-launchs/kitti360_just_replay.yaml	localization/mola_demos/mola-cli-launchs/kitti360_just_replay.yaml	file
mola_latest_20260917_ws/src/mola/mola_demos/mola-cli-launchs/euroc_stereo_just_replay.yaml	localization/mola_demos/mola-cli-launchs/euroc_stereo_just_replay.yaml	file
mola_latest_20260917_ws/src/mola/mola_demos/mola-cli-launchs/video_file_source_just_replay.yaml	localization/mola_demos/mola-cli-launchs/video_file_source_just_replay.yaml	file
mola_latest_20260917_ws/src/mola/mola_demos/mola-cli-launchs/video_camera_source_just_replay.yaml	localization/mola_demos/mola-cli-launchs/video_camera_source_just_replay.yaml	file
mola_latest_20260917_ws/src/mola/mola_demos/rviz2/kitti.rviz	localization/mola_demos/rviz2/kitti.rviz	file
mola_latest_20260917_ws/src/mola/mola_demos/rviz2/mulran.rviz	localization/mola_demos/rviz2/mulran.rviz	file
mola_latest_20260917_ws/src/mola/mola_demos/CMakeLists.txt	localization/mola_demos/CMakeLists.txt	file
mola_latest_20260917_ws/src/mola/mola_demos/LICENSE	localization/mola_demos/LICENSE	file
mola_latest_20260917_ws/src/mola/mola_demos/ros2-params/point-cloud-pipeline.yaml	localization/mola_demos/ros2-params/point-cloud-pipeline.yaml	file
mola_latest_20260917_ws/src/mola/mola_demos/ros2-params/mrpt-pf.yaml	localization/mola_demos/ros2-params/mrpt-pf.yaml	file
mola_latest_20260917_ws/src/mola/mola_demos/package.xml	localization/mola_demos/package.xml	file
mola_latest_20260917_ws/src/mola/LICENSE	localization/mola_source_metadata/mola/LICENSE	file
mola_latest_20260917_ws/src/mola/.gitignore	localization/mola_source_metadata/mola/.gitignore	file
mola_latest_20260917_ws/src/mola/mola_launcher/src/MolaLauncherApp.cpp	localization/mola_launcher/src/MolaLauncherApp.cpp	file
mola_latest_20260917_ws/src/mola/mola_launcher/src/MolaDLL_Loader.h	localization/mola_launcher/src/MolaDLL_Loader.h	file
mola_latest_20260917_ws/src/mola/mola_launcher/src/MolaDLL_Loader.cpp	localization/mola_launcher/src/MolaDLL_Loader.cpp	file
mola_latest_20260917_ws/src/mola/mola_launcher/CHANGELOG.rst	localization/mola_launcher/CHANGELOG.rst	file
mola_latest_20260917_ws/src/mola/mola_launcher/README.md	localization/mola_launcher/README.md	file
mola_latest_20260917_ws/src/mola/mola_launcher/apps/mola-dir.cpp	localization/mola_launcher/apps/mola-dir.cpp	file
mola_latest_20260917_ws/src/mola/mola_launcher/apps/mola-cli.cpp	localization/mola_launcher/apps/mola-cli.cpp	file
mola_latest_20260917_ws/src/mola/mola_launcher/apps/CMakeLists.txt	localization/mola_launcher/apps/CMakeLists.txt	file
mola_latest_20260917_ws/src/mola/mola_launcher/apps/mola-yaml-parser.cpp	localization/mola_launcher/apps/mola-yaml-parser.cpp	file
mola_latest_20260917_ws/src/mola/mola_launcher/CMakeLists.txt	localization/mola_launcher/CMakeLists.txt	file
mola_latest_20260917_ws/src/mola/mola_launcher/LICENSE	localization/mola_launcher/LICENSE	file
mola_latest_20260917_ws/src/mola/mola_launcher/scripts/mola-cli-completion.bash	localization/mola_launcher/scripts/mola-cli-completion.bash	file
mola_latest_20260917_ws/src/mola/mola_launcher/include/mola_launcher/MolaLauncherApp.h	localization/mola_launcher/include/mola_launcher/MolaLauncherApp.h	file
mola_latest_20260917_ws/src/mola/mola_launcher/cmake/FindFilesystem.cmake	localization/mola_launcher/cmake/FindFilesystem.cmake	file
mola_latest_20260917_ws/src/mola/mola_launcher/package.xml	localization/mola_launcher/package.xml	file
mola_latest_20260917_ws/src/mola/CONTRIBUTING.md	localization/mola_source_metadata/mola/CONTRIBUTING.md	file
mola_latest_20260917_ws/src/mola/mola_yaml/src/yaml_helpers.cpp	localization/mola_yaml/src/yaml_helpers.cpp	file
mola_latest_20260917_ws/src/mola/mola_yaml/CHANGELOG.rst	localization/mola_yaml/CHANGELOG.rst	file
mola_latest_20260917_ws/src/mola/mola_yaml/README.md	localization/mola_yaml/README.md	file
mola_latest_20260917_ws/src/mola/mola_yaml/tests/test_define_nested.yaml	localization/mola_yaml/tests/test_define_nested.yaml	file
mola_latest_20260917_ws/src/mola/mola_yaml/tests/test_include3.yaml	localization/mola_yaml/tests/test_include3.yaml	file
mola_latest_20260917_ws/src/mola/mola_yaml/tests/test_include1.yaml	localization/mola_yaml/tests/test_include1.yaml	file
mola_latest_20260917_ws/src/mola/mola_yaml/tests/test2.yaml	localization/mola_yaml/tests/test2.yaml	file
mola_latest_20260917_ws/src/mola/mola_yaml/tests/test_define_base.yaml	localization/mola_yaml/tests/test_define_base.yaml	file
mola_latest_20260917_ws/src/mola/mola_yaml/tests/test_include2.yaml	localization/mola_yaml/tests/test_include2.yaml	file
mola_latest_20260917_ws/src/mola/mola_yaml/tests/d1/d2/test4.yaml	localization/mola_yaml/tests/d1/d2/test4.yaml	file
mola_latest_20260917_ws/src/mola/mola_yaml/tests/d1/test3.yaml	localization/mola_yaml/tests/d1/test3.yaml	file
mola_latest_20260917_ws/src/mola/mola_yaml/tests/d1/test3b.yaml	localization/mola_yaml/tests/d1/test3b.yaml	file
mola_latest_20260917_ws/src/mola/mola_yaml/tests/test_import_o2.yaml	localization/mola_yaml/tests/test_import_o2.yaml	file
mola_latest_20260917_ws/src/mola/mola_yaml/tests/CMakeLists.txt	localization/mola_yaml/tests/CMakeLists.txt	file
mola_latest_20260917_ws/src/mola/mola_yaml/tests/test1.yaml	localization/mola_yaml/tests/test1.yaml	file
mola_latest_20260917_ws/src/mola/mola_yaml/tests/test_import_base.yaml	localization/mola_yaml/tests/test_import_base.yaml	file
mola_latest_20260917_ws/src/mola/mola_yaml/tests/test-yaml-parser.cpp	localization/mola_yaml/tests/test-yaml-parser.cpp	file
mola_latest_20260917_ws/src/mola/mola_yaml/tests/test_define_chain_middle.yaml	localization/mola_yaml/tests/test_define_chain_middle.yaml	file
mola_latest_20260917_ws/src/mola/mola_yaml/tests/test_import_top.yaml	localization/mola_yaml/tests/test_import_top.yaml	file
mola_latest_20260917_ws/src/mola/mola_yaml/CMakeLists.txt	localization/mola_yaml/CMakeLists.txt	file
mola_latest_20260917_ws/src/mola/mola_yaml/LICENSE	localization/mola_yaml/LICENSE	file
mola_latest_20260917_ws/src/mola/mola_yaml/include/mola_yaml/yaml_helpers.h	localization/mola_yaml/include/mola_yaml/yaml_helpers.h	file
mola_latest_20260917_ws/src/mola/mola_yaml/include/mola_yaml/macro_helpers.h	localization/mola_yaml/include/mola_yaml/macro_helpers.h	file
mola_latest_20260917_ws/src/mola/mola_yaml/cmake/FindFilesystem.cmake	localization/mola_yaml/cmake/FindFilesystem.cmake	file
mola_latest_20260917_ws/src/mola/mola_yaml/package.xml	localization/mola_yaml/package.xml	file
mola_latest_20260917_ws/src/mola/scripts/generate_statuses_table.py	localization/mola_source_metadata/mola/scripts/generate_statuses_table.py	file
mola_latest_20260917_ws/src/mola/scripts/formatter.sh	localization/mola_source_metadata/mola/scripts/formatter.sh	file
mola_latest_20260917_ws/src/mola/.gitmodules	localization/mola_source_metadata/mola/.gitmodules	file
mola_latest_20260917_ws/src/mola/.clang-format	localization/mola_source_metadata/mola/.clang-format	file
mola_latest_20260917_ws/src/mola/.clang-tidy	localization/mola_source_metadata/mola/.clang-tidy	file
mola_latest_20260917_ws/src/mp2p_icp/mp2p_icp_viz/3rdparty/imgui_static/CMakeLists.txt	localization/mp2p_icp_viz/3rdparty/imgui_static/CMakeLists.txt	file
mola_latest_20260917_ws/src/mp2p_icp/mp2p_icp_viz/3rdparty/imgui/.github/workflows/static-analysis.yml	localization/mp2p_icp_viz/3rdparty/imgui/.github/workflows/static-analysis.yml	file
mola_latest_20260917_ws/src/mp2p_icp/mp2p_icp_viz/3rdparty/imgui/.github/workflows/build_windows_vulkan_libs.ps1	localization/mp2p_icp_viz/3rdparty/imgui/.github/workflows/build_windows_vulkan_libs.ps1	file
mola_latest_20260917_ws/src/mp2p_icp/mp2p_icp_viz/3rdparty/imgui/.github/workflows/scheduled.yml	localization/mp2p_icp_viz/3rdparty/imgui/.github/workflows/scheduled.yml	file
mola_latest_20260917_ws/src/mp2p_icp/mp2p_icp_viz/3rdparty/imgui/.github/workflows/build.yml	localization/mp2p_icp_viz/3rdparty/imgui/.github/workflows/build.yml	file
mola_latest_20260917_ws/src/mp2p_icp/mp2p_icp_viz/3rdparty/imgui/.github/workflows/manual.yml	localization/mp2p_icp_viz/3rdparty/imgui/.github/workflows/manual.yml	file
mola_latest_20260917_ws/src/mp2p_icp/mp2p_icp_viz/3rdparty/imgui/.github/pull_request_template.md	localization/mp2p_icp_viz/3rdparty/imgui/.github/pull_request_template.md	file
mola_latest_20260917_ws/src/mp2p_icp/mp2p_icp_viz/3rdparty/imgui/.github/FUNDING.yml	localization/mp2p_icp_viz/3rdparty/imgui/.github/FUNDING.yml	file
mola_latest_20260917_ws/src/mp2p_icp/mp2p_icp_viz/3rdparty/imgui/.github/ISSUE_TEMPLATE/issue_template.yml	localization/mp2p_icp_viz/3rdparty/imgui/.github/ISSUE_TEMPLATE/issue_template.yml	file
mola_latest_20260917_ws/src/mp2p_icp/mp2p_icp_viz/3rdparty/imgui/.github/ISSUE_TEMPLATE/config.yml	localization/mp2p_icp_viz/3rdparty/imgui/.github/ISSUE_TEMPLATE/config.yml	file
mola_latest_20260917_ws/src/mp2p_icp/mp2p_icp_viz/3rdparty/imgui/imgui_internal.h	localization/mp2p_icp_viz/3rdparty/imgui/imgui_internal.h	file
mola_latest_20260917_ws/src/mp2p_icp/mp2p_icp_viz/3rdparty/imgui/.gitattributes	localization/mp2p_icp_viz/3rdparty/imgui/.gitattributes	file
mola_latest_20260917_ws/src/mp2p_icp/mp2p_icp_viz/3rdparty/imgui/imgui.cpp	localization/mp2p_icp_viz/3rdparty/imgui/imgui.cpp	file
mola_latest_20260917_ws/src/mp2p_icp/mp2p_icp_viz/3rdparty/imgui/examples/example_sdl2_vulkan/main.cpp	localization/mp2p_icp_viz/3rdparty/imgui/examples/example_sdl2_vulkan/main.cpp	file
mola_latest_20260917_ws/src/mp2p_icp/mp2p_icp_viz/3rdparty/imgui/examples/example_sdl2_vulkan/example_sdl2_vulkan.vcxproj	localization/mp2p_icp_viz/3rdparty/imgui/examples/example_sdl2_vulkan/example_sdl2_vulkan.vcxproj	file
mola_latest_20260917_ws/src/mp2p_icp/mp2p_icp_viz/3rdparty/imgui/examples/example_sdl2_vulkan/Makefile	localization/mp2p_icp_viz/3rdparty/imgui/examples/example_sdl2_vulkan/Makefile	file
mola_latest_20260917_ws/src/mp2p_icp/mp2p_icp_viz/3rdparty/imgui/examples/example_sdl2_vulkan/example_sdl2_vulkan.vcxproj.filters	localization/mp2p_icp_viz/3rdparty/imgui/examples/example_sdl2_vulkan/example_sdl2_vulkan.vcxproj.filters	file
mola_latest_20260917_ws/src/mp2p_icp/mp2p_icp_viz/3rdparty/imgui/examples/example_sdl2_vulkan/build_win64.bat	localization/mp2p_icp_viz/3rdparty/imgui/examples/example_sdl2_vulkan/build_win64.bat	file
mola_latest_20260917_ws/src/mp2p_icp/mp2p_icp_viz/3rdparty/imgui/examples/example_sdl2_vulkan/build_win32.bat	localization/mp2p_icp_viz/3rdparty/imgui/examples/example_sdl2_vulkan/build_win32.bat	file
mola_latest_20260917_ws/src/mp2p_icp/mp2p_icp_viz/3rdparty/imgui/examples/example_win32_directx11/main.cpp	localization/mp2p_icp_viz/3rdparty/imgui/examples/example_win32_directx11/main.cpp	file
mola_latest_20260917_ws/src/mp2p_icp/mp2p_icp_viz/3rdparty/imgui/examples/example_win32_directx11/example_win32_directx11.vcxproj.filters	localization/mp2p_icp_viz/3rdparty/imgui/examples/example_win32_directx11/example_win32_directx11.vcxproj.filters	file
mola_latest_20260917_ws/src/mp2p_icp/mp2p_icp_viz/3rdparty/imgui/examples/example_win32_directx11/example_win32_directx11.vcxproj	localization/mp2p_icp_viz/3rdparty/imgui/examples/example_win32_directx11/example_win32_directx11.vcxproj	file
mola_latest_20260917_ws/src/mp2p_icp/mp2p_icp_viz/3rdparty/imgui/examples/example_win32_directx11/build_win32.bat	localization/mp2p_icp_viz/3rdparty/imgui/examples/example_win32_directx11/build_win32.bat	file
mola_latest_20260917_ws/src/mp2p_icp/mp2p_icp_viz/3rdparty/imgui/examples/example_apple_metal4/README.md	localization/mp2p_icp_viz/3rdparty/imgui/examples/example_apple_metal4/README.md	file
mola_latest_20260917_ws/src/mp2p_icp/mp2p_icp_viz/3rdparty/imgui/examples/example_apple_metal4/Makefile	localization/mp2p_icp_viz/3rdparty/imgui/examples/example_apple_metal4/Makefile	file
mola_latest_20260917_ws/src/mp2p_icp/mp2p_icp_viz/3rdparty/imgui/examples/example_apple_metal4/iOS/LaunchScreen.storyboard	localization/mp2p_icp_viz/3rdparty/imgui/examples/example_apple_metal4/iOS/LaunchScreen.storyboard	file
mola_latest_20260917_ws/src/mp2p_icp/mp2p_icp_viz/3rdparty/imgui/examples/example_apple_metal4/iOS/Info-iOS.plist	localization/mp2p_icp_viz/3rdparty/imgui/examples/example_apple_metal4/iOS/Info-iOS.plist	file
mola_latest_20260917_ws/src/mp2p_icp/mp2p_icp_viz/3rdparty/imgui/examples/example_apple_metal4/main.mm	localization/mp2p_icp_viz/3rdparty/imgui/examples/example_apple_metal4/main.mm	file
mola_latest_20260917_ws/src/mp2p_icp/mp2p_icp_viz/3rdparty/imgui/examples/example_apple_metal4/example_apple_metal4.xcodeproj/project.pbxproj	localization/mp2p_icp_viz/3rdparty/imgui/examples/example_apple_metal4/example_apple_metal4.xcodeproj/project.pbxproj	file
mola_latest_20260917_ws/src/mp2p_icp/mp2p_icp_viz/3rdparty/imgui/examples/example_apple_metal4/macOS/MainMenu.storyboard	localization/mp2p_icp_viz/3rdparty/imgui/examples/example_apple_metal4/macOS/MainMenu.storyboard	file
mola_latest_20260917_ws/src/mp2p_icp/mp2p_icp_viz/3rdparty/imgui/examples/example_apple_metal4/macOS/Info-macOS.plist	localization/mp2p_icp_viz/3rdparty/imgui/examples/example_apple_metal4/macOS/Info-macOS.plist	file
mola_latest_20260917_ws/src/mp2p_icp/mp2p_icp_viz/3rdparty/imgui/examples/example_apple_metal/README.md	localization/mp2p_icp_viz/3rdparty/imgui/examples/example_apple_metal/README.md	file
mola_latest_20260917_ws/src/mp2p_icp/mp2p_icp_viz/3rdparty/imgui/examples/example_apple_metal/example_apple_metal.xcodeproj/project.pbxproj	localization/mp2p_icp_viz/3rdparty/imgui/examples/example_apple_metal/example_apple_metal.xcodeproj/project.pbxproj	file
mola_latest_20260917_ws/src/mp2p_icp/mp2p_icp_viz/3rdparty/imgui/examples/example_apple_metal/Makefile	localization/mp2p_icp_viz/3rdparty/imgui/examples/example_apple_metal/Makefile	file
mola_latest_20260917_ws/src/mp2p_icp/mp2p_icp_viz/3rdparty/imgui/examples/example_apple_metal/iOS/LaunchScreen.storyboard	localization/mp2p_icp_viz/3rdparty/imgui/examples/example_apple_metal/iOS/LaunchScreen.storyboard	file
mola_latest_20260917_ws/src/mp2p_icp/mp2p_icp_viz/3rdparty/imgui/examples/example_apple_metal/iOS/Info-iOS.plist	localization/mp2p_icp_viz/3rdparty/imgui/examples/example_apple_metal/iOS/Info-iOS.plist	file
mola_latest_20260917_ws/src/mp2p_icp/mp2p_icp_viz/3rdparty/imgui/examples/example_apple_metal/main.mm	localization/mp2p_icp_viz/3rdparty/imgui/examples/example_apple_metal/main.mm	file
mola_latest_20260917_ws/src/mp2p_icp/mp2p_icp_viz/3rdparty/imgui/examples/example_apple_metal/macOS/MainMenu.storyboard	localization/mp2p_icp_viz/3rdparty/imgui/examples/example_apple_metal/macOS/MainMenu.storyboard	file
mola_latest_20260917_ws/src/mp2p_icp/mp2p_icp_viz/3rdparty/imgui/examples/example_apple_metal/macOS/Info-macOS.plist	localization/mp2p_icp_viz/3rdparty/imgui/examples/example_apple_metal/macOS/Info-macOS.plist	file
mola_latest_20260917_ws/src/mp2p_icp/mp2p_icp_viz/3rdparty/imgui/examples/example_sdl2_opengl2/main.cpp	localization/mp2p_icp_viz/3rdparty/imgui/examples/example_sdl2_opengl2/main.cpp	file
mola_latest_20260917_ws/src/mp2p_icp/mp2p_icp_viz/3rdparty/imgui/examples/example_sdl2_opengl2/example_sdl2_opengl2.vcxproj.filters	localization/mp2p_icp_viz/3rdparty/imgui/examples/example_sdl2_opengl2/example_sdl2_opengl2.vcxproj.filters	file
mola_latest_20260917_ws/src/mp2p_icp/mp2p_icp_viz/3rdparty/imgui/examples/example_sdl2_opengl2/README.md	localization/mp2p_icp_viz/3rdparty/imgui/examples/example_sdl2_opengl2/README.md	file
mola_latest_20260917_ws/src/mp2p_icp/mp2p_icp_viz/3rdparty/imgui/examples/example_sdl2_opengl2/example_sdl2_opengl2.vcxproj	localization/mp2p_icp_viz/3rdparty/imgui/examples/example_sdl2_opengl2/example_sdl2_opengl2.vcxproj	file
mola_latest_20260917_ws/src/mp2p_icp/mp2p_icp_viz/3rdparty/imgui/examples/example_sdl2_opengl2/Makefile	localization/mp2p_icp_viz/3rdparty/imgui/examples/example_sdl2_opengl2/Makefile	file
mola_latest_20260917_ws/src/mp2p_icp/mp2p_icp_viz/3rdparty/imgui/examples/example_sdl2_opengl2/build_win32.bat	localization/mp2p_icp_viz/3rdparty/imgui/examples/example_sdl2_opengl2/build_win32.bat	file
mola_latest_20260917_ws/src/mp2p_icp/mp2p_icp_viz/3rdparty/imgui/examples/README.txt	localization/mp2p_icp_viz/3rdparty/imgui/examples/README.txt	file
mola_latest_20260917_ws/src/mp2p_icp/mp2p_icp_viz/3rdparty/imgui/examples/example_sdl3_directx11/main.cpp	localization/mp2p_icp_viz/3rdparty/imgui/examples/example_sdl3_directx11/main.cpp	file
mola_latest_20260917_ws/src/mp2p_icp/mp2p_icp_viz/3rdparty/imgui/examples/example_sdl3_directx11/example_sdl3_directx11.vcxproj	localization/mp2p_icp_viz/3rdparty/imgui/examples/example_sdl3_directx11/example_sdl3_directx11.vcxproj	file
mola_latest_20260917_ws/src/mp2p_icp/mp2p_icp_viz/3rdparty/imgui/examples/example_sdl3_directx11/example_sdl3_directx11.vcxproj.filters	localization/mp2p_icp_viz/3rdparty/imgui/examples/example_sdl3_directx11/example_sdl3_directx11.vcxproj.filters	file
mola_latest_20260917_ws/src/mp2p_icp/mp2p_icp_viz/3rdparty/imgui/examples/example_sdl3_directx11/build_win32.bat	localization/mp2p_icp_viz/3rdparty/imgui/examples/example_sdl3_directx11/build_win32.bat	file
mola_latest_20260917_ws/src/mp2p_icp/mp2p_icp_viz/3rdparty/imgui/examples/example_sdl3_wgpu/main.cpp	localization/mp2p_icp_viz/3rdparty/imgui/examples/example_sdl3_wgpu/main.cpp	file
mola_latest_20260917_ws/src/mp2p_icp/mp2p_icp_viz/3rdparty/imgui/examples/example_sdl3_wgpu/README.md	localization/mp2p_icp_viz/3rdparty/imgui/examples/example_sdl3_wgpu/README.md	file
mola_latest_20260917_ws/src/mp2p_icp/mp2p_icp_viz/3rdparty/imgui/examples/example_sdl3_wgpu/CMakeLists.txt	localization/mp2p_icp_viz/3rdparty/imgui/examples/example_sdl3_wgpu/CMakeLists.txt	file
mola_latest_20260917_ws/src/mp2p_icp/mp2p_icp_viz/3rdparty/imgui/examples/example_sdl3_wgpu/Makefile.emscripten	localization/mp2p_icp_viz/3rdparty/imgui/examples/example_sdl3_wgpu/Makefile.emscripten	file
mola_latest_20260917_ws/src/mp2p_icp/mp2p_icp_viz/3rdparty/imgui/examples/example_glfw_wgpu/main.cpp	localization/mp2p_icp_viz/3rdparty/imgui/examples/example_glfw_wgpu/main.cpp	file
mola_latest_20260917_ws/src/mp2p_icp/mp2p_icp_viz/3rdparty/imgui/examples/example_glfw_wgpu/README.md	localization/mp2p_icp_viz/3rdparty/imgui/examples/example_glfw_wgpu/README.md	file
mola_latest_20260917_ws/src/mp2p_icp/mp2p_icp_viz/3rdparty/imgui/examples/example_glfw_wgpu/CMakeLists.txt	localization/mp2p_icp_viz/3rdparty/imgui/examples/example_glfw_wgpu/CMakeLists.txt	file
mola_latest_20260917_ws/src/mp2p_icp/mp2p_icp_viz/3rdparty/imgui/examples/example_glfw_wgpu/Makefile.emscripten	localization/mp2p_icp_viz/3rdparty/imgui/examples/example_glfw_wgpu/Makefile.emscripten	file
mola_latest_20260917_ws/src/mp2p_icp/mp2p_icp_viz/3rdparty/imgui/examples/example_apple_opengl2/Makefile	localization/mp2p_icp_viz/3rdparty/imgui/examples/example_apple_opengl2/Makefile	file
mola_latest_20260917_ws/src/mp2p_icp/mp2p_icp_viz/3rdparty/imgui/examples/example_apple_opengl2/example_apple_opengl2.xcodeproj/project.pbxproj	localization/mp2p_icp_viz/3rdparty/imgui/examples/example_apple_opengl2/example_apple_opengl2.xcodeproj/project.pbxproj	file
mola_latest_20260917_ws/src/mp2p_icp/mp2p_icp_viz/3rdparty/imgui/examples/example_apple_opengl2/main.mm	localization/mp2p_icp_viz/3rdparty/imgui/examples/example_apple_opengl2/main.mm	file
mola_latest_20260917_ws/src/mp2p_icp/mp2p_icp_viz/3rdparty/imgui/examples/example_win32_opengl3/main.cpp	localization/mp2p_icp_viz/3rdparty/imgui/examples/example_win32_opengl3/main.cpp	file
mola_latest_20260917_ws/src/mp2p_icp/mp2p_icp_viz/3rdparty/imgui/examples/example_win32_opengl3/example_win32_opengl3.vcxproj.filters	localization/mp2p_icp_viz/3rdparty/imgui/examples/example_win32_opengl3/example_win32_opengl3.vcxproj.filters	file
mola_latest_20260917_ws/src/mp2p_icp/mp2p_icp_viz/3rdparty/imgui/examples/example_win32_opengl3/example_win32_opengl3.vcxproj	localization/mp2p_icp_viz/3rdparty/imgui/examples/example_win32_opengl3/example_win32_opengl3.vcxproj	file
mola_latest_20260917_ws/src/mp2p_icp/mp2p_icp_viz/3rdparty/imgui/examples/example_win32_opengl3/build_mingw.bat	localization/mp2p_icp_viz/3rdparty/imgui/examples/example_win32_opengl3/build_mingw.bat	file
mola_latest_20260917_ws/src/mp2p_icp/mp2p_icp_viz/3rdparty/imgui/examples/example_win32_opengl3/build_win32.bat	localization/mp2p_icp_viz/3rdparty/imgui/examples/example_win32_opengl3/build_win32.bat	file
mola_latest_20260917_ws/src/mp2p_icp/mp2p_icp_viz/3rdparty/imgui/examples/example_sdl3_metal/Makefile	localization/mp2p_icp_viz/3rdparty/imgui/examples/example_sdl3_metal/Makefile	file
mola_latest_20260917_ws/src/mp2p_icp/mp2p_icp_viz/3rdparty/imgui/examples/example_sdl3_metal/main.mm	localization/mp2p_icp_viz/3rdparty/imgui/examples/example_sdl3_metal/main.mm	file
mola_latest_20260917_ws/src/mp2p_icp/mp2p_icp_viz/3rdparty/imgui/examples/libs/emscripten/shell_minimal.html	localization/mp2p_icp_viz/3rdparty/imgui/examples/libs/emscripten/shell_minimal.html	file
mola_latest_20260917_ws/src/mp2p_icp/mp2p_icp_viz/3rdparty/imgui/examples/libs/emscripten/emscripten_mainloop_stub.h	localization/mp2p_icp_viz/3rdparty/imgui/examples/libs/emscripten/emscripten_mainloop_stub.h	file
mola_latest_20260917_ws/src/mp2p_icp/mp2p_icp_viz/3rdparty/imgui/examples/libs/glfw/lib-vc2010-32/glfw3.lib	localization/mp2p_icp_viz/3rdparty/imgui/examples/libs/glfw/lib-vc2010-32/glfw3.lib	file
mola_latest_20260917_ws/src/mp2p_icp/mp2p_icp_viz/3rdparty/imgui/examples/libs/glfw/lib-vc2010-64/glfw3.lib	localization/mp2p_icp_viz/3rdparty/imgui/examples/libs/glfw/lib-vc2010-64/glfw3.lib	file
mola_latest_20260917_ws/src/mp2p_icp/mp2p_icp_viz/3rdparty/imgui/examples/libs/glfw/COPYING.txt	localization/mp2p_icp_viz/3rdparty/imgui/examples/libs/glfw/COPYING.txt	file
mola_latest_20260917_ws/src/mp2p_icp/mp2p_icp_viz/3rdparty/imgui/examples/libs/glfw/include/GLFW/glfw3native.h	localization/mp2p_icp_viz/3rdparty/imgui/examples/libs/glfw/include/GLFW/glfw3native.h	file
mola_latest_20260917_ws/src/mp2p_icp/mp2p_icp_viz/3rdparty/imgui/examples/libs/glfw/include/GLFW/glfw3.h	localization/mp2p_icp_viz/3rdparty/imgui/examples/libs/glfw/include/GLFW/glfw3.h	file
mola_latest_20260917_ws/src/mp2p_icp/mp2p_icp_viz/3rdparty/imgui/examples/libs/usynergy/uSynergy.c	localization/mp2p_icp_viz/3rdparty/imgui/examples/libs/usynergy/uSynergy.c	file
mola_latest_20260917_ws/src/mp2p_icp/mp2p_icp_viz/3rdparty/imgui/examples/libs/usynergy/README.txt	localization/mp2p_icp_viz/3rdparty/imgui/examples/libs/usynergy/README.txt	file
mola_latest_20260917_ws/src/mp2p_icp/mp2p_icp_viz/3rdparty/imgui/examples/libs/usynergy/uSynergy.h	localization/mp2p_icp_viz/3rdparty/imgui/examples/libs/usynergy/uSynergy.h	file
mola_latest_20260917_ws/src/mp2p_icp/mp2p_icp_viz/3rdparty/imgui/examples/example_sdl3_opengl3/main.cpp	localization/mp2p_icp_viz/3rdparty/imgui/examples/example_sdl3_opengl3/main.cpp	file
mola_latest_20260917_ws/src/mp2p_icp/mp2p_icp_viz/3rdparty/imgui/examples/example_sdl3_opengl3/README.md	localization/mp2p_icp_viz/3rdparty/imgui/examples/example_sdl3_opengl3/README.md	file
mola_latest_20260917_ws/src/mp2p_icp/mp2p_icp_viz/3rdparty/imgui/examples/example_sdl3_opengl3/example_sdl3_opengl3.vcxproj	localization/mp2p_icp_viz/3rdparty/imgui/examples/example_sdl3_opengl3/example_sdl3_opengl3.vcxproj	file
mola_latest_20260917_ws/src/mp2p_icp/mp2p_icp_viz/3rdparty/imgui/examples/example_sdl3_opengl3/Makefile	localization/mp2p_icp_viz/3rdparty/imgui/examples/example_sdl3_opengl3/Makefile	file
mola_latest_20260917_ws/src/mp2p_icp/mp2p_icp_viz/3rdparty/imgui/examples/example_sdl3_opengl3/Makefile.emscripten	localization/mp2p_icp_viz/3rdparty/imgui/examples/example_sdl3_opengl3/Makefile.emscripten	file
mola_latest_20260917_ws/src/mp2p_icp/mp2p_icp_viz/3rdparty/imgui/examples/example_sdl3_opengl3/example_sdl3_opengl3.vcxproj.filters	localization/mp2p_icp_viz/3rdparty/imgui/examples/example_sdl3_opengl3/example_sdl3_opengl3.vcxproj.filters	file
mola_latest_20260917_ws/src/mp2p_icp/mp2p_icp_viz/3rdparty/imgui/examples/example_sdl3_opengl3/build_win64.bat	localization/mp2p_icp_viz/3rdparty/imgui/examples/example_sdl3_opengl3/build_win64.bat	file
mola_latest_20260917_ws/src/mp2p_icp/mp2p_icp_viz/3rdparty/imgui/examples/example_sdl3_opengl3/build_win32.bat	localization/mp2p_icp_viz/3rdparty/imgui/examples/example_sdl3_opengl3/build_win32.bat	file
mola_latest_20260917_ws/src/mp2p_icp/mp2p_icp_viz/3rdparty/imgui/examples/example_sdl3_metal4/Makefile	localization/mp2p_icp_viz/3rdparty/imgui/examples/example_sdl3_metal4/Makefile	file
mola_latest_20260917_ws/src/mp2p_icp/mp2p_icp_viz/3rdparty/imgui/examples/example_sdl3_metal4/main.mm	localization/mp2p_icp_viz/3rdparty/imgui/examples/example_sdl3_metal4/main.mm	file
mola_latest_20260917_ws/src/mp2p_icp/mp2p_icp_viz/3rdparty/imgui/examples/example_glfw_opengl3/main.cpp	localization/mp2p_icp_viz/3rdparty/imgui/examples/example_glfw_opengl3/main.cpp	file
mola_latest_20260917_ws/src/mp2p_icp/mp2p_icp_viz/3rdparty/imgui/examples/example_glfw_opengl3/Makefile	localization/mp2p_icp_viz/3rdparty/imgui/examples/example_glfw_opengl3/Makefile	file
mola_latest_20260917_ws/src/mp2p_icp/mp2p_icp_viz/3rdparty/imgui/examples/example_glfw_opengl3/Makefile.emscripten	localization/mp2p_icp_viz/3rdparty/imgui/examples/example_glfw_opengl3/Makefile.emscripten	file
mola_latest_20260917_ws/src/mp2p_icp/mp2p_icp_viz/3rdparty/imgui/examples/example_glfw_opengl3/example_glfw_opengl3.vcxproj	localization/mp2p_icp_viz/3rdparty/imgui/examples/example_glfw_opengl3/example_glfw_opengl3.vcxproj	file
mola_latest_20260917_ws/src/mp2p_icp/mp2p_icp_viz/3rdparty/imgui/examples/example_glfw_opengl3/example_glfw_opengl3.vcxproj.filters	localization/mp2p_icp_viz/3rdparty/imgui/examples/example_glfw_opengl3/example_glfw_opengl3.vcxproj.filters	file
mola_latest_20260917_ws/src/mp2p_icp/mp2p_icp_viz/3rdparty/imgui/examples/example_glfw_opengl3/build_win32.bat	localization/mp2p_icp_viz/3rdparty/imgui/examples/example_glfw_opengl3/build_win32.bat	file
mola_latest_20260917_ws/src/mp2p_icp/mp2p_icp_viz/3rdparty/imgui/examples/example_sdl2_opengl3/main.cpp	localization/mp2p_icp_viz/3rdparty/imgui/examples/example_sdl2_opengl3/main.cpp	file
mola_latest_20260917_ws/src/mp2p_icp/mp2p_icp_viz/3rdparty/imgui/examples/example_sdl2_opengl3/README.md	localization/mp2p_icp_viz/3rdparty/imgui/examples/example_sdl2_opengl3/README.md	file
mola_latest_20260917_ws/src/mp2p_icp/mp2p_icp_viz/3rdparty/imgui/examples/example_sdl2_opengl3/Makefile	localization/mp2p_icp_viz/3rdparty/imgui/examples/example_sdl2_opengl3/Makefile	file
mola_latest_20260917_ws/src/mp2p_icp/mp2p_icp_viz/3rdparty/imgui/examples/example_sdl2_opengl3/example_sdl2_opengl3.vcxproj.filters	localization/mp2p_icp_viz/3rdparty/imgui/examples/example_sdl2_opengl3/example_sdl2_opengl3.vcxproj.filters	file
mola_latest_20260917_ws/src/mp2p_icp/mp2p_icp_viz/3rdparty/imgui/examples/example_sdl2_opengl3/Makefile.emscripten	localization/mp2p_icp_viz/3rdparty/imgui/examples/example_sdl2_opengl3/Makefile.emscripten	file
mola_latest_20260917_ws/src/mp2p_icp/mp2p_icp_viz/3rdparty/imgui/examples/example_sdl2_opengl3/example_sdl2_opengl3.vcxproj	localization/mp2p_icp_viz/3rdparty/imgui/examples/example_sdl2_opengl3/example_sdl2_opengl3.vcxproj	file
mola_latest_20260917_ws/src/mp2p_icp/mp2p_icp_viz/3rdparty/imgui/examples/example_sdl2_opengl3/build_win32.bat	localization/mp2p_icp_viz/3rdparty/imgui/examples/example_sdl2_opengl3/build_win32.bat	file
mola_latest_20260917_ws/src/mp2p_icp/mp2p_icp_viz/3rdparty/imgui/examples/example_win32_vulkan/main.cpp	localization/mp2p_icp_viz/3rdparty/imgui/examples/example_win32_vulkan/main.cpp	file
mola_latest_20260917_ws/src/mp2p_icp/mp2p_icp_viz/3rdparty/imgui/examples/example_win32_vulkan/example_win32_vulkan.vcxproj.filters	localization/mp2p_icp_viz/3rdparty/imgui/examples/example_win32_vulkan/example_win32_vulkan.vcxproj.filters	file
mola_latest_20260917_ws/src/mp2p_icp/mp2p_icp_viz/3rdparty/imgui/examples/example_win32_vulkan/example_win32_vulkan.vcxproj	localization/mp2p_icp_viz/3rdparty/imgui/examples/example_win32_vulkan/example_win32_vulkan.vcxproj	file
mola_latest_20260917_ws/src/mp2p_icp/mp2p_icp_viz/3rdparty/imgui/examples/example_win32_vulkan/build_win64.bat	localization/mp2p_icp_viz/3rdparty/imgui/examples/example_win32_vulkan/build_win64.bat	file
mola_latest_20260917_ws/src/mp2p_icp/mp2p_icp_viz/3rdparty/imgui/examples/example_win32_vulkan/build_win32.bat	localization/mp2p_icp_viz/3rdparty/imgui/examples/example_win32_vulkan/build_win32.bat	file
mola_latest_20260917_ws/src/mp2p_icp/mp2p_icp_viz/3rdparty/imgui/examples/example_sdl3_sdlgpu3/main.cpp	localization/mp2p_icp_viz/3rdparty/imgui/examples/example_sdl3_sdlgpu3/main.cpp	file
mola_latest_20260917_ws/src/mp2p_icp/mp2p_icp_viz/3rdparty/imgui/examples/example_sdl3_sdlgpu3/example_sdl3_sdlgpu3.vcxproj	localization/mp2p_icp_viz/3rdparty/imgui/examples/example_sdl3_sdlgpu3/example_sdl3_sdlgpu3.vcxproj	file
mola_latest_20260917_ws/src/mp2p_icp/mp2p_icp_viz/3rdparty/imgui/examples/example_sdl3_sdlgpu3/Makefile	localization/mp2p_icp_viz/3rdparty/imgui/examples/example_sdl3_sdlgpu3/Makefile	file
mola_latest_20260917_ws/src/mp2p_icp/mp2p_icp_viz/3rdparty/imgui/examples/example_sdl3_sdlgpu3/example_sdl3_sdlgpu3.vcxproj.filters	localization/mp2p_icp_viz/3rdparty/imgui/examples/example_sdl3_sdlgpu3/example_sdl3_sdlgpu3.vcxproj.filters	file
mola_latest_20260917_ws/src/mp2p_icp/mp2p_icp_viz/3rdparty/imgui/examples/example_sdl3_sdlgpu3/build_win64.bat	localization/mp2p_icp_viz/3rdparty/imgui/examples/example_sdl3_sdlgpu3/build_win64.bat	file
mola_latest_20260917_ws/src/mp2p_icp/mp2p_icp_viz/3rdparty/imgui/examples/example_glfw_opengl2/main.cpp	localization/mp2p_icp_viz/3rdparty/imgui/examples/example_glfw_opengl2/main.cpp	file
mola_latest_20260917_ws/src/mp2p_icp/mp2p_icp_viz/3rdparty/imgui/examples/example_glfw_opengl2/example_glfw_opengl2.vcxproj.filters	localization/mp2p_icp_viz/3rdparty/imgui/examples/example_glfw_opengl2/example_glfw_opengl2.vcxproj.filters	file
mola_latest_20260917_ws/src/mp2p_icp/mp2p_icp_viz/3rdparty/imgui/examples/example_glfw_opengl2/Makefile	localization/mp2p_icp_viz/3rdparty/imgui/examples/example_glfw_opengl2/Makefile	file
mola_latest_20260917_ws/src/mp2p_icp/mp2p_icp_viz/3rdparty/imgui/examples/example_glfw_opengl2/example_glfw_opengl2.vcxproj	localization/mp2p_icp_viz/3rdparty/imgui/examples/example_glfw_opengl2/example_glfw_opengl2.vcxproj	file
mola_latest_20260917_ws/src/mp2p_icp/mp2p_icp_viz/3rdparty/imgui/examples/example_glfw_opengl2/build_win32.bat	localization/mp2p_icp_viz/3rdparty/imgui/examples/example_glfw_opengl2/build_win32.bat	file
mola_latest_20260917_ws/src/mp2p_icp/mp2p_icp_viz/3rdparty/imgui/examples/example_sdl2_sdlrenderer2/main.cpp	localization/mp2p_icp_viz/3rdparty/imgui/examples/example_sdl2_sdlrenderer2/main.cpp	file
mola_latest_20260917_ws/src/mp2p_icp/mp2p_icp_viz/3rdparty/imgui/examples/example_sdl2_sdlrenderer2/example_sdl2_sdlrenderer2.vcxproj.filters	localization/mp2p_icp_viz/3rdparty/imgui/examples/example_sdl2_sdlrenderer2/example_sdl2_sdlrenderer2.vcxproj.filters	file
mola_latest_20260917_ws/src/mp2p_icp/mp2p_icp_viz/3rdparty/imgui/examples/example_sdl2_sdlrenderer2/README.md	localization/mp2p_icp_viz/3rdparty/imgui/examples/example_sdl2_sdlrenderer2/README.md	file
mola_latest_20260917_ws/src/mp2p_icp/mp2p_icp_viz/3rdparty/imgui/examples/example_sdl2_sdlrenderer2/Makefile	localization/mp2p_icp_viz/3rdparty/imgui/examples/example_sdl2_sdlrenderer2/Makefile	file
mola_latest_20260917_ws/src/mp2p_icp/mp2p_icp_viz/3rdparty/imgui/examples/example_sdl2_sdlrenderer2/example_sdl2_sdlrenderer2.vcxproj	localization/mp2p_icp_viz/3rdparty/imgui/examples/example_sdl2_sdlrenderer2/example_sdl2_sdlrenderer2.vcxproj	file
mola_latest_20260917_ws/src/mp2p_icp/mp2p_icp_viz/3rdparty/imgui/examples/example_sdl2_sdlrenderer2/build_win32.bat	localization/mp2p_icp_viz/3rdparty/imgui/examples/example_sdl2_sdlrenderer2/build_win32.bat	file
mola_latest_20260917_ws/src/mp2p_icp/mp2p_icp_viz/3rdparty/imgui/examples/example_glut_opengl2/main.cpp	localization/mp2p_icp_viz/3rdparty/imgui/examples/example_glut_opengl2/main.cpp	file
mola_latest_20260917_ws/src/mp2p_icp/mp2p_icp_viz/3rdparty/imgui/examples/example_glut_opengl2/example_glut_opengl2.vcxproj	localization/mp2p_icp_viz/3rdparty/imgui/examples/example_glut_opengl2/example_glut_opengl2.vcxproj	file
mola_latest_20260917_ws/src/mp2p_icp/mp2p_icp_viz/3rdparty/imgui/examples/example_glut_opengl2/Makefile	localization/mp2p_icp_viz/3rdparty/imgui/examples/example_glut_opengl2/Makefile	file
mola_latest_20260917_ws/src/mp2p_icp/mp2p_icp_viz/3rdparty/imgui/examples/example_glut_opengl2/example_glut_opengl2.vcxproj.filters	localization/mp2p_icp_viz/3rdparty/imgui/examples/example_glut_opengl2/example_glut_opengl2.vcxproj.filters	file
mola_latest_20260917_ws/src/mp2p_icp/mp2p_icp_viz/3rdparty/imgui/examples/example_sdl2_metal/Makefile	localization/mp2p_icp_viz/3rdparty/imgui/examples/example_sdl2_metal/Makefile	file
mola_latest_20260917_ws/src/mp2p_icp/mp2p_icp_viz/3rdparty/imgui/examples/example_sdl2_metal/main.mm	localization/mp2p_icp_viz/3rdparty/imgui/examples/example_sdl2_metal/main.mm	file
mola_latest_20260917_ws/src/mp2p_icp/mp2p_icp_viz/3rdparty/imgui/examples/example_allegro5/main.cpp	localization/mp2p_icp_viz/3rdparty/imgui/examples/example_allegro5/main.cpp	file
mola_latest_20260917_ws/src/mp2p_icp/mp2p_icp_viz/3rdparty/imgui/examples/example_allegro5/example_allegro5.vcxproj.filters	localization/mp2p_icp_viz/3rdparty/imgui/examples/example_allegro5/example_allegro5.vcxproj.filters	file
mola_latest_20260917_ws/src/mp2p_icp/mp2p_icp_viz/3rdparty/imgui/examples/example_allegro5/README.md	localization/mp2p_icp_viz/3rdparty/imgui/examples/example_allegro5/README.md	file
mola_latest_20260917_ws/src/mp2p_icp/mp2p_icp_viz/3rdparty/imgui/examples/example_allegro5/example_allegro5.vcxproj	localization/mp2p_icp_viz/3rdparty/imgui/examples/example_allegro5/example_allegro5.vcxproj	file
mola_latest_20260917_ws/src/mp2p_icp/mp2p_icp_viz/3rdparty/imgui/examples/example_allegro5/imconfig_allegro5.h	localization/mp2p_icp_viz/3rdparty/imgui/examples/example_allegro5/imconfig_allegro5.h	file
mola_latest_20260917_ws/src/mp2p_icp/mp2p_icp_viz/3rdparty/imgui/examples/example_win32_directx10/main.cpp	localization/mp2p_icp_viz/3rdparty/imgui/examples/example_win32_directx10/main.cpp	file
mola_latest_20260917_ws/src/mp2p_icp/mp2p_icp_viz/3rdparty/imgui/examples/example_win32_directx10/example_win32_directx10.vcxproj.filters	localization/mp2p_icp_viz/3rdparty/imgui/examples/example_win32_directx10/example_win32_directx10.vcxproj.filters	file
mola_latest_20260917_ws/src/mp2p_icp/mp2p_icp_viz/3rdparty/imgui/examples/example_win32_directx10/example_win32_directx10.vcxproj	localization/mp2p_icp_viz/3rdparty/imgui/examples/example_win32_directx10/example_win32_directx10.vcxproj	file
mola_latest_20260917_ws/src/mp2p_icp/mp2p_icp_viz/3rdparty/imgui/examples/example_win32_directx10/build_win32.bat	localization/mp2p_icp_viz/3rdparty/imgui/examples/example_win32_directx10/build_win32.bat	file
mola_latest_20260917_ws/src/mp2p_icp/mp2p_icp_viz/3rdparty/imgui/examples/imgui_examples.sln	localization/mp2p_icp_viz/3rdparty/imgui/examples/imgui_examples.sln	file
mola_latest_20260917_ws/src/mp2p_icp/mp2p_icp_viz/3rdparty/imgui/examples/example_null/main.cpp	localization/mp2p_icp_viz/3rdparty/imgui/examples/example_null/main.cpp	file
mola_latest_20260917_ws/src/mp2p_icp/mp2p_icp_viz/3rdparty/imgui/examples/example_null/Makefile	localization/mp2p_icp_viz/3rdparty/imgui/examples/example_null/Makefile	file
mola_latest_20260917_ws/src/mp2p_icp/mp2p_icp_viz/3rdparty/imgui/examples/example_null/example_null.vcxproj	localization/mp2p_icp_viz/3rdparty/imgui/examples/example_null/example_null.vcxproj	file
mola_latest_20260917_ws/src/mp2p_icp/mp2p_icp_viz/3rdparty/imgui/examples/example_null/example_null.vcxproj.filters	localization/mp2p_icp_viz/3rdparty/imgui/examples/example_null/example_null.vcxproj.filters	file
mola_latest_20260917_ws/src/mp2p_icp/mp2p_icp_viz/3rdparty/imgui/examples/example_null/build_win32.bat	localization/mp2p_icp_viz/3rdparty/imgui/examples/example_null/build_win32.bat	file
mola_latest_20260917_ws/src/mp2p_icp/mp2p_icp_viz/3rdparty/imgui/examples/example_sdl3_vulkan/main.cpp	localization/mp2p_icp_viz/3rdparty/imgui/examples/example_sdl3_vulkan/main.cpp	file
mola_latest_20260917_ws/src/mp2p_icp/mp2p_icp_viz/3rdparty/imgui/examples/example_sdl3_vulkan/example_sdl3_vulkan.vcxproj	localization/mp2p_icp_viz/3rdparty/imgui/examples/example_sdl3_vulkan/example_sdl3_vulkan.vcxproj	file
mola_latest_20260917_ws/src/mp2p_icp/mp2p_icp_viz/3rdparty/imgui/examples/example_sdl3_vulkan/Makefile	localization/mp2p_icp_viz/3rdparty/imgui/examples/example_sdl3_vulkan/Makefile	file
mola_latest_20260917_ws/src/mp2p_icp/mp2p_icp_viz/3rdparty/imgui/examples/example_sdl3_vulkan/example_sdl3_vulkan.vcxproj.filters	localization/mp2p_icp_viz/3rdparty/imgui/examples/example_sdl3_vulkan/example_sdl3_vulkan.vcxproj.filters	file
mola_latest_20260917_ws/src/mp2p_icp/mp2p_icp_viz/3rdparty/imgui/examples/example_sdl3_vulkan/build_win64.bat	localization/mp2p_icp_viz/3rdparty/imgui/examples/example_sdl3_vulkan/build_win64.bat	file
mola_latest_20260917_ws/src/mp2p_icp/mp2p_icp_viz/3rdparty/imgui/examples/example_sdl3_vulkan/build_win32.bat	localization/mp2p_icp_viz/3rdparty/imgui/examples/example_sdl3_vulkan/build_win32.bat	file
mola_latest_20260917_ws/src/mp2p_icp/mp2p_icp_viz/3rdparty/imgui/examples/example_glfw_metal/Makefile	localization/mp2p_icp_viz/3rdparty/imgui/examples/example_glfw_metal/Makefile	file
mola_latest_20260917_ws/src/mp2p_icp/mp2p_icp_viz/3rdparty/imgui/examples/example_glfw_metal/main.mm	localization/mp2p_icp_viz/3rdparty/imgui/examples/example_glfw_metal/main.mm	file
mola_latest_20260917_ws/src/mp2p_icp/mp2p_icp_viz/3rdparty/imgui/examples/example_android_opengl3/main.cpp	localization/mp2p_icp_viz/3rdparty/imgui/examples/example_android_opengl3/main.cpp	file
mola_latest_20260917_ws/src/mp2p_icp/mp2p_icp_viz/3rdparty/imgui/examples/example_android_opengl3/android/settings.gradle	localization/mp2p_icp_viz/3rdparty/imgui/examples/example_android_opengl3/android/settings.gradle	file
mola_latest_20260917_ws/src/mp2p_icp/mp2p_icp_viz/3rdparty/imgui/examples/example_android_opengl3/android/app/src/main/AndroidManifest.xml	localization/mp2p_icp_viz/3rdparty/imgui/examples/example_android_opengl3/android/app/src/main/AndroidManifest.xml	file
mola_latest_20260917_ws/src/mp2p_icp/mp2p_icp_viz/3rdparty/imgui/examples/example_android_opengl3/android/app/src/main/java/MainActivity.kt	localization/mp2p_icp_viz/3rdparty/imgui/examples/example_android_opengl3/android/app/src/main/java/MainActivity.kt	file
mola_latest_20260917_ws/src/mp2p_icp/mp2p_icp_viz/3rdparty/imgui/examples/example_android_opengl3/android/app/build.gradle	localization/mp2p_icp_viz/3rdparty/imgui/examples/example_android_opengl3/android/app/build.gradle	file
mola_latest_20260917_ws/src/mp2p_icp/mp2p_icp_viz/3rdparty/imgui/examples/example_android_opengl3/android/gradle/libs.versions.toml	localization/mp2p_icp_viz/3rdparty/imgui/examples/example_android_opengl3/android/gradle/libs.versions.toml	file
mola_latest_20260917_ws/src/mp2p_icp/mp2p_icp_viz/3rdparty/imgui/examples/example_android_opengl3/android/.gitignore	localization/mp2p_icp_viz/3rdparty/imgui/examples/example_android_opengl3/android/.gitignore	file
mola_latest_20260917_ws/src/mp2p_icp/mp2p_icp_viz/3rdparty/imgui/examples/example_android_opengl3/android/build.gradle	localization/mp2p_icp_viz/3rdparty/imgui/examples/example_android_opengl3/android/build.gradle	file
mola_latest_20260917_ws/src/mp2p_icp/mp2p_icp_viz/3rdparty/imgui/examples/example_android_opengl3/CMakeLists.txt	localization/mp2p_icp_viz/3rdparty/imgui/examples/example_android_opengl3/CMakeLists.txt	file
mola_latest_20260917_ws/src/mp2p_icp/mp2p_icp_viz/3rdparty/imgui/examples/example_sdl3_sdlrenderer3/main.cpp	localization/mp2p_icp_viz/3rdparty/imgui/examples/example_sdl3_sdlrenderer3/main.cpp	file
mola_latest_20260917_ws/src/mp2p_icp/mp2p_icp_viz/3rdparty/imgui/examples/example_sdl3_sdlrenderer3/example_sdl3_sdlrenderer3.vcxproj.filters	localization/mp2p_icp_viz/3rdparty/imgui/examples/example_sdl3_sdlrenderer3/example_sdl3_sdlrenderer3.vcxproj.filters	file
mola_latest_20260917_ws/src/mp2p_icp/mp2p_icp_viz/3rdparty/imgui/examples/example_sdl3_sdlrenderer3/Makefile	localization/mp2p_icp_viz/3rdparty/imgui/examples/example_sdl3_sdlrenderer3/Makefile	file
mola_latest_20260917_ws/src/mp2p_icp/mp2p_icp_viz/3rdparty/imgui/examples/example_sdl3_sdlrenderer3/example_sdl3_sdlrenderer3.vcxproj	localization/mp2p_icp_viz/3rdparty/imgui/examples/example_sdl3_sdlrenderer3/example_sdl3_sdlrenderer3.vcxproj	file
mola_latest_20260917_ws/src/mp2p_icp/mp2p_icp_viz/3rdparty/imgui/examples/example_sdl3_sdlrenderer3/build_win32.bat	localization/mp2p_icp_viz/3rdparty/imgui/examples/example_sdl3_sdlrenderer3/build_win32.bat	file
mola_latest_20260917_ws/src/mp2p_icp/mp2p_icp_viz/3rdparty/imgui/examples/example_sdl2_wgpu/main.cpp	localization/mp2p_icp_viz/3rdparty/imgui/examples/example_sdl2_wgpu/main.cpp	file
mola_latest_20260917_ws/src/mp2p_icp/mp2p_icp_viz/3rdparty/imgui/examples/example_sdl2_wgpu/README.md	localization/mp2p_icp_viz/3rdparty/imgui/examples/example_sdl2_wgpu/README.md	file
mola_latest_20260917_ws/src/mp2p_icp/mp2p_icp_viz/3rdparty/imgui/examples/example_sdl2_wgpu/CMakeLists.txt	localization/mp2p_icp_viz/3rdparty/imgui/examples/example_sdl2_wgpu/CMakeLists.txt	file
mola_latest_20260917_ws/src/mp2p_icp/mp2p_icp_viz/3rdparty/imgui/examples/example_sdl2_wgpu/Makefile.emscripten	localization/mp2p_icp_viz/3rdparty/imgui/examples/example_sdl2_wgpu/Makefile.emscripten	file
mola_latest_20260917_ws/src/mp2p_icp/mp2p_icp_viz/3rdparty/imgui/examples/example_glfw_vulkan/main.cpp	localization/mp2p_icp_viz/3rdparty/imgui/examples/example_glfw_vulkan/main.cpp	file
mola_latest_20260917_ws/src/mp2p_icp/mp2p_icp_viz/3rdparty/imgui/examples/example_glfw_vulkan/example_glfw_vulkan.vcxproj.filters	localization/mp2p_icp_viz/3rdparty/imgui/examples/example_glfw_vulkan/example_glfw_vulkan.vcxproj.filters	file
mola_latest_20260917_ws/src/mp2p_icp/mp2p_icp_viz/3rdparty/imgui/examples/example_glfw_vulkan/example_glfw_vulkan.vcxproj	localization/mp2p_icp_viz/3rdparty/imgui/examples/example_glfw_vulkan/example_glfw_vulkan.vcxproj	file
mola_latest_20260917_ws/src/mp2p_icp/mp2p_icp_viz/3rdparty/imgui/examples/example_glfw_vulkan/Makefile	localization/mp2p_icp_viz/3rdparty/imgui/examples/example_glfw_vulkan/Makefile	file
mola_latest_20260917_ws/src/mp2p_icp/mp2p_icp_viz/3rdparty/imgui/examples/example_glfw_vulkan/CMakeLists.txt	localization/mp2p_icp_viz/3rdparty/imgui/examples/example_glfw_vulkan/CMakeLists.txt	file
mola_latest_20260917_ws/src/mp2p_icp/mp2p_icp_viz/3rdparty/imgui/examples/example_glfw_vulkan/build_win64.bat	localization/mp2p_icp_viz/3rdparty/imgui/examples/example_glfw_vulkan/build_win64.bat	file
mola_latest_20260917_ws/src/mp2p_icp/mp2p_icp_viz/3rdparty/imgui/examples/example_glfw_vulkan/build_win32.bat	localization/mp2p_icp_viz/3rdparty/imgui/examples/example_glfw_vulkan/build_win32.bat	file
mola_latest_20260917_ws/src/mp2p_icp/mp2p_icp_viz/3rdparty/imgui/examples/example_win32_directx12/main.cpp	localization/mp2p_icp_viz/3rdparty/imgui/examples/example_win32_directx12/main.cpp	file
mola_latest_20260917_ws/src/mp2p_icp/mp2p_icp_viz/3rdparty/imgui/examples/example_win32_directx12/example_win32_directx12.vcxproj.filters	localization/mp2p_icp_viz/3rdparty/imgui/examples/example_win32_directx12/example_win32_directx12.vcxproj.filters	file
mola_latest_20260917_ws/src/mp2p_icp/mp2p_icp_viz/3rdparty/imgui/examples/example_win32_directx12/example_win32_directx12.vcxproj	localization/mp2p_icp_viz/3rdparty/imgui/examples/example_win32_directx12/example_win32_directx12.vcxproj	file
mola_latest_20260917_ws/src/mp2p_icp/mp2p_icp_viz/3rdparty/imgui/examples/example_win32_directx12/build_win32.bat	localization/mp2p_icp_viz/3rdparty/imgui/examples/example_win32_directx12/build_win32.bat	file
mola_latest_20260917_ws/src/mp2p_icp/mp2p_icp_viz/3rdparty/imgui/examples/example_win32_directx9/main.cpp	localization/mp2p_icp_viz/3rdparty/imgui/examples/example_win32_directx9/main.cpp	file
mola_latest_20260917_ws/src/mp2p_icp/mp2p_icp_viz/3rdparty/imgui/examples/example_win32_directx9/example_win32_directx9.vcxproj	localization/mp2p_icp_viz/3rdparty/imgui/examples/example_win32_directx9/example_win32_directx9.vcxproj	file
mola_latest_20260917_ws/src/mp2p_icp/mp2p_icp_viz/3rdparty/imgui/examples/example_win32_directx9/example_win32_directx9.vcxproj.filters	localization/mp2p_icp_viz/3rdparty/imgui/examples/example_win32_directx9/example_win32_directx9.vcxproj.filters	file
mola_latest_20260917_ws/src/mp2p_icp/mp2p_icp_viz/3rdparty/imgui/examples/example_win32_directx9/build_win32.bat	localization/mp2p_icp_viz/3rdparty/imgui/examples/example_win32_directx9/build_win32.bat	file
mola_latest_20260917_ws/src/mp2p_icp/mp2p_icp_viz/3rdparty/imgui/examples/example_sdl2_directx11/main.cpp	localization/mp2p_icp_viz/3rdparty/imgui/examples/example_sdl2_directx11/main.cpp	file
mola_latest_20260917_ws/src/mp2p_icp/mp2p_icp_viz/3rdparty/imgui/examples/example_sdl2_directx11/example_sdl2_directx11.vcxproj	localization/mp2p_icp_viz/3rdparty/imgui/examples/example_sdl2_directx11/example_sdl2_directx11.vcxproj	file
mola_latest_20260917_ws/src/mp2p_icp/mp2p_icp_viz/3rdparty/imgui/examples/example_sdl2_directx11/example_sdl2_directx11.vcxproj.filters	localization/mp2p_icp_viz/3rdparty/imgui/examples/example_sdl2_directx11/example_sdl2_directx11.vcxproj.filters	file
mola_latest_20260917_ws/src/mp2p_icp/mp2p_icp_viz/3rdparty/imgui/examples/example_sdl2_directx11/build_win32.bat	localization/mp2p_icp_viz/3rdparty/imgui/examples/example_sdl2_directx11/build_win32.bat	file
mola_latest_20260917_ws/src/mp2p_icp/mp2p_icp_viz/3rdparty/imgui/imgui_widgets.cpp	localization/mp2p_icp_viz/3rdparty/imgui/imgui_widgets.cpp	file
mola_latest_20260917_ws/src/mp2p_icp/mp2p_icp_viz/3rdparty/imgui/imstb_rectpack.h	localization/mp2p_icp_viz/3rdparty/imgui/imstb_rectpack.h	file
mola_latest_20260917_ws/src/mp2p_icp/mp2p_icp_viz/3rdparty/imgui/.editorconfig	localization/mp2p_icp_viz/3rdparty/imgui/.editorconfig	file
mola_latest_20260917_ws/src/mp2p_icp/mp2p_icp_viz/3rdparty/imgui/docs/EXAMPLES.md	localization/mp2p_icp_viz/3rdparty/imgui/docs/EXAMPLES.md	file
mola_latest_20260917_ws/src/mp2p_icp/mp2p_icp_viz/3rdparty/imgui/docs/CHANGELOG.txt	localization/mp2p_icp_viz/3rdparty/imgui/docs/CHANGELOG.txt	file
mola_latest_20260917_ws/src/mp2p_icp/mp2p_icp_viz/3rdparty/imgui/docs/FONTS.md	localization/mp2p_icp_viz/3rdparty/imgui/docs/FONTS.md	file
mola_latest_20260917_ws/src/mp2p_icp/mp2p_icp_viz/3rdparty/imgui/docs/TODO.txt	localization/mp2p_icp_viz/3rdparty/imgui/docs/TODO.txt	file
mola_latest_20260917_ws/src/mp2p_icp/mp2p_icp_viz/3rdparty/imgui/docs/README.md	localization/mp2p_icp_viz/3rdparty/imgui/docs/README.md	file
mola_latest_20260917_ws/src/mp2p_icp/mp2p_icp_viz/3rdparty/imgui/docs/FAQ.md	localization/mp2p_icp_viz/3rdparty/imgui/docs/FAQ.md	file
mola_latest_20260917_ws/src/mp2p_icp/mp2p_icp_viz/3rdparty/imgui/docs/CONTRIBUTING.md	localization/mp2p_icp_viz/3rdparty/imgui/docs/CONTRIBUTING.md	file
mola_latest_20260917_ws/src/mp2p_icp/mp2p_icp_viz/3rdparty/imgui/docs/SECURITY.md	localization/mp2p_icp_viz/3rdparty/imgui/docs/SECURITY.md	file
mola_latest_20260917_ws/src/mp2p_icp/mp2p_icp_viz/3rdparty/imgui/docs/BACKENDS.md	localization/mp2p_icp_viz/3rdparty/imgui/docs/BACKENDS.md	file
mola_latest_20260917_ws/src/mp2p_icp/mp2p_icp_viz/3rdparty/imgui/backends/imgui_impl_metal4.mm	localization/mp2p_icp_viz/3rdparty/imgui/backends/imgui_impl_metal4.mm	file
mola_latest_20260917_ws/src/mp2p_icp/mp2p_icp_viz/3rdparty/imgui/backends/imgui_impl_glfw.h	localization/mp2p_icp_viz/3rdparty/imgui/backends/imgui_impl_glfw.h	file
mola_latest_20260917_ws/src/mp2p_icp/mp2p_icp_viz/3rdparty/imgui/backends/imgui_impl_dx11.cpp	localization/mp2p_icp_viz/3rdparty/imgui/backends/imgui_impl_dx11.cpp	file
mola_latest_20260917_ws/src/mp2p_icp/mp2p_icp_viz/3rdparty/imgui/backends/imgui_impl_vulkan.h	localization/mp2p_icp_viz/3rdparty/imgui/backends/imgui_impl_vulkan.h	file
mola_latest_20260917_ws/src/mp2p_icp/mp2p_icp_viz/3rdparty/imgui/backends/imgui_impl_android.h	localization/mp2p_icp_viz/3rdparty/imgui/backends/imgui_impl_android.h	file
mola_latest_20260917_ws/src/mp2p_icp/mp2p_icp_viz/3rdparty/imgui/backends/imgui_impl_glut.cpp	localization/mp2p_icp_viz/3rdparty/imgui/backends/imgui_impl_glut.cpp	file
mola_latest_20260917_ws/src/mp2p_icp/mp2p_icp_viz/3rdparty/imgui/backends/imgui_impl_opengl3_loader.h	localization/mp2p_icp_viz/3rdparty/imgui/backends/imgui_impl_opengl3_loader.h	file
mola_latest_20260917_ws/src/mp2p_icp/mp2p_icp_viz/3rdparty/imgui/backends/imgui_impl_win32.cpp	localization/mp2p_icp_viz/3rdparty/imgui/backends/imgui_impl_win32.cpp	file
mola_latest_20260917_ws/src/mp2p_icp/mp2p_icp_viz/3rdparty/imgui/backends/imgui_impl_glut.h	localization/mp2p_icp_viz/3rdparty/imgui/backends/imgui_impl_glut.h	file
mola_latest_20260917_ws/src/mp2p_icp/mp2p_icp_viz/3rdparty/imgui/backends/imgui_impl_dx10.h	localization/mp2p_icp_viz/3rdparty/imgui/backends/imgui_impl_dx10.h	file
mola_latest_20260917_ws/src/mp2p_icp/mp2p_icp_viz/3rdparty/imgui/backends/imgui_impl_metal.mm	localization/mp2p_icp_viz/3rdparty/imgui/backends/imgui_impl_metal.mm	file
mola_latest_20260917_ws/src/mp2p_icp/mp2p_icp_viz/3rdparty/imgui/backends/imgui_impl_opengl3.cpp	localization/mp2p_icp_viz/3rdparty/imgui/backends/imgui_impl_opengl3.cpp	file
mola_latest_20260917_ws/src/mp2p_icp/mp2p_icp_viz/3rdparty/imgui/backends/imgui_impl_null.cpp	localization/mp2p_icp_viz/3rdparty/imgui/backends/imgui_impl_null.cpp	file
mola_latest_20260917_ws/src/mp2p_icp/mp2p_icp_viz/3rdparty/imgui/backends/imgui_impl_allegro5.h	localization/mp2p_icp_viz/3rdparty/imgui/backends/imgui_impl_allegro5.h	file
mola_latest_20260917_ws/src/mp2p_icp/mp2p_icp_viz/3rdparty/imgui/backends/imgui_impl_sdlrenderer3.h	localization/mp2p_icp_viz/3rdparty/imgui/backends/imgui_impl_sdlrenderer3.h	file
mola_latest_20260917_ws/src/mp2p_icp/mp2p_icp_viz/3rdparty/imgui/backends/imgui_impl_dx11.h	localization/mp2p_icp_viz/3rdparty/imgui/backends/imgui_impl_dx11.h	file
mola_latest_20260917_ws/src/mp2p_icp/mp2p_icp_viz/3rdparty/imgui/backends/imgui_impl_sdl3.h	localization/mp2p_icp_viz/3rdparty/imgui/backends/imgui_impl_sdl3.h	file
mola_latest_20260917_ws/src/mp2p_icp/mp2p_icp_viz/3rdparty/imgui/backends/imgui_impl_sdlgpu3.h	localization/mp2p_icp_viz/3rdparty/imgui/backends/imgui_impl_sdlgpu3.h	file
mola_latest_20260917_ws/src/mp2p_icp/mp2p_icp_viz/3rdparty/imgui/backends/imgui_impl_sdl3.cpp	localization/mp2p_icp_viz/3rdparty/imgui/backends/imgui_impl_sdl3.cpp	file
mola_latest_20260917_ws/src/mp2p_icp/mp2p_icp_viz/3rdparty/imgui/backends/imgui_impl_dx10.cpp	localization/mp2p_icp_viz/3rdparty/imgui/backends/imgui_impl_dx10.cpp	file
mola_latest_20260917_ws/src/mp2p_icp/mp2p_icp_viz/3rdparty/imgui/backends/imgui_impl_wgpu.h	localization/mp2p_icp_viz/3rdparty/imgui/backends/imgui_impl_wgpu.h	file
mola_latest_20260917_ws/src/mp2p_icp/mp2p_icp_viz/3rdparty/imgui/backends/imgui_impl_dx9.cpp	localization/mp2p_icp_viz/3rdparty/imgui/backends/imgui_impl_dx9.cpp	file
mola_latest_20260917_ws/src/mp2p_icp/mp2p_icp_viz/3rdparty/imgui/backends/imgui_impl_null.h	localization/mp2p_icp_viz/3rdparty/imgui/backends/imgui_impl_null.h	file
mola_latest_20260917_ws/src/mp2p_icp/mp2p_icp_viz/3rdparty/imgui/backends/imgui_impl_dx9.h	localization/mp2p_icp_viz/3rdparty/imgui/backends/imgui_impl_dx9.h	file
mola_latest_20260917_ws/src/mp2p_icp/mp2p_icp_viz/3rdparty/imgui/backends/imgui_impl_sdlrenderer2.cpp	localization/mp2p_icp_viz/3rdparty/imgui/backends/imgui_impl_sdlrenderer2.cpp	file
mola_latest_20260917_ws/src/mp2p_icp/mp2p_icp_viz/3rdparty/imgui/backends/imgui_impl_sdlrenderer2.h	localization/mp2p_icp_viz/3rdparty/imgui/backends/imgui_impl_sdlrenderer2.h	file
mola_latest_20260917_ws/src/mp2p_icp/mp2p_icp_viz/3rdparty/imgui/backends/imgui_impl_allegro5.cpp	localization/mp2p_icp_viz/3rdparty/imgui/backends/imgui_impl_allegro5.cpp	file
mola_latest_20260917_ws/src/mp2p_icp/mp2p_icp_viz/3rdparty/imgui/backends/imgui_impl_vulkan.cpp	localization/mp2p_icp_viz/3rdparty/imgui/backends/imgui_impl_vulkan.cpp	file
mola_latest_20260917_ws/src/mp2p_icp/mp2p_icp_viz/3rdparty/imgui/backends/imgui_impl_sdlrenderer3.cpp	localization/mp2p_icp_viz/3rdparty/imgui/backends/imgui_impl_sdlrenderer3.cpp	file
mola_latest_20260917_ws/src/mp2p_icp/mp2p_icp_viz/3rdparty/imgui/backends/imgui_impl_osx.mm	localization/mp2p_icp_viz/3rdparty/imgui/backends/imgui_impl_osx.mm	file
mola_latest_20260917_ws/src/mp2p_icp/mp2p_icp_viz/3rdparty/imgui/backends/imgui_impl_win32.h	localization/mp2p_icp_viz/3rdparty/imgui/backends/imgui_impl_win32.h	file
mola_latest_20260917_ws/src/mp2p_icp/mp2p_icp_viz/3rdparty/imgui/backends/imgui_impl_dx12.h	localization/mp2p_icp_viz/3rdparty/imgui/backends/imgui_impl_dx12.h	file
mola_latest_20260917_ws/src/mp2p_icp/mp2p_icp_viz/3rdparty/imgui/backends/imgui_impl_sdl2.h	localization/mp2p_icp_viz/3rdparty/imgui/backends/imgui_impl_sdl2.h	file
mola_latest_20260917_ws/src/mp2p_icp/mp2p_icp_viz/3rdparty/imgui/backends/imgui_impl_metal.h	localization/mp2p_icp_viz/3rdparty/imgui/backends/imgui_impl_metal.h	file
mola_latest_20260917_ws/src/mp2p_icp/mp2p_icp_viz/3rdparty/imgui/backends/imgui_impl_opengl3.h	localization/mp2p_icp_viz/3rdparty/imgui/backends/imgui_impl_opengl3.h	file
mola_latest_20260917_ws/src/mp2p_icp/mp2p_icp_viz/3rdparty/imgui/backends/imgui_impl_sdlgpu3.cpp	localization/mp2p_icp_viz/3rdparty/imgui/backends/imgui_impl_sdlgpu3.cpp	file
mola_latest_20260917_ws/src/mp2p_icp/mp2p_icp_viz/3rdparty/imgui/backends/imgui_impl_dx12.cpp	localization/mp2p_icp_viz/3rdparty/imgui/backends/imgui_impl_dx12.cpp	file
mola_latest_20260917_ws/src/mp2p_icp/mp2p_icp_viz/3rdparty/imgui/backends/imgui_impl_metal4.h	localization/mp2p_icp_viz/3rdparty/imgui/backends/imgui_impl_metal4.h	file
mola_latest_20260917_ws/src/mp2p_icp/mp2p_icp_viz/3rdparty/imgui/backends/imgui_impl_android.cpp	localization/mp2p_icp_viz/3rdparty/imgui/backends/imgui_impl_android.cpp	file
mola_latest_20260917_ws/src/mp2p_icp/mp2p_icp_viz/3rdparty/imgui/backends/imgui_impl_glfw.cpp	localization/mp2p_icp_viz/3rdparty/imgui/backends/imgui_impl_glfw.cpp	file
mola_latest_20260917_ws/src/mp2p_icp/mp2p_icp_viz/3rdparty/imgui/backends/imgui_impl_wgpu.cpp	localization/mp2p_icp_viz/3rdparty/imgui/backends/imgui_impl_wgpu.cpp	file
mola_latest_20260917_ws/src/mp2p_icp/mp2p_icp_viz/3rdparty/imgui/backends/vulkan/glsl_shader.vert	localization/mp2p_icp_viz/3rdparty/imgui/backends/vulkan/glsl_shader.vert	file
mola_latest_20260917_ws/src/mp2p_icp/mp2p_icp_viz/3rdparty/imgui/backends/vulkan/build_instructions.txt	localization/mp2p_icp_viz/3rdparty/imgui/backends/vulkan/build_instructions.txt	file
mola_latest_20260917_ws/src/mp2p_icp/mp2p_icp_viz/3rdparty/imgui/backends/vulkan/generate_spv.sh	localization/mp2p_icp_viz/3rdparty/imgui/backends/vulkan/generate_spv.sh	file
mola_latest_20260917_ws/src/mp2p_icp/mp2p_icp_viz/3rdparty/imgui/backends/vulkan/glsl_shader.frag	localization/mp2p_icp_viz/3rdparty/imgui/backends/vulkan/glsl_shader.frag	file
mola_latest_20260917_ws/src/mp2p_icp/mp2p_icp_viz/3rdparty/imgui/backends/imgui_impl_osx.h	localization/mp2p_icp_viz/3rdparty/imgui/backends/imgui_impl_osx.h	file
mola_latest_20260917_ws/src/mp2p_icp/mp2p_icp_viz/3rdparty/imgui/backends/imgui_impl_opengl2.cpp	localization/mp2p_icp_viz/3rdparty/imgui/backends/imgui_impl_opengl2.cpp	file
mola_latest_20260917_ws/src/mp2p_icp/mp2p_icp_viz/3rdparty/imgui/backends/imgui_impl_sdl2.cpp	localization/mp2p_icp_viz/3rdparty/imgui/backends/imgui_impl_sdl2.cpp	file
mola_latest_20260917_ws/src/mp2p_icp/mp2p_icp_viz/3rdparty/imgui/backends/imgui_impl_opengl2.h	localization/mp2p_icp_viz/3rdparty/imgui/backends/imgui_impl_opengl2.h	file
mola_latest_20260917_ws/src/mp2p_icp/mp2p_icp_viz/3rdparty/imgui/backends/sdlgpu3/shader.frag	localization/mp2p_icp_viz/3rdparty/imgui/backends/sdlgpu3/shader.frag	file
mola_latest_20260917_ws/src/mp2p_icp/mp2p_icp_viz/3rdparty/imgui/backends/sdlgpu3/build_instructions.txt	localization/mp2p_icp_viz/3rdparty/imgui/backends/sdlgpu3/build_instructions.txt	file
mola_latest_20260917_ws/src/mp2p_icp/mp2p_icp_viz/3rdparty/imgui/backends/sdlgpu3/shader.vert	localization/mp2p_icp_viz/3rdparty/imgui/backends/sdlgpu3/shader.vert	file
mola_latest_20260917_ws/src/mp2p_icp/mp2p_icp_viz/3rdparty/imgui/backends/imgui_impl_sdlgpu3_shaders.h	localization/mp2p_icp_viz/3rdparty/imgui/backends/imgui_impl_sdlgpu3_shaders.h	file
mola_latest_20260917_ws/src/mp2p_icp/mp2p_icp_viz/3rdparty/imgui/imgui_tables.cpp	localization/mp2p_icp_viz/3rdparty/imgui/imgui_tables.cpp	file
mola_latest_20260917_ws/src/mp2p_icp/mp2p_icp_viz/3rdparty/imgui/LICENSE.txt	localization/mp2p_icp_viz/3rdparty/imgui/LICENSE.txt	file
mola_latest_20260917_ws/src/mp2p_icp/mp2p_icp_viz/3rdparty/imgui/imconfig.h	localization/mp2p_icp_viz/3rdparty/imgui/imconfig.h	file
mola_latest_20260917_ws/src/mp2p_icp/mp2p_icp_viz/3rdparty/imgui/.gitignore	localization/mp2p_icp_viz/3rdparty/imgui/.gitignore	file
mola_latest_20260917_ws/src/mp2p_icp/mp2p_icp_viz/3rdparty/imgui/imstb_textedit.h	localization/mp2p_icp_viz/3rdparty/imgui/imstb_textedit.h	file
mola_latest_20260917_ws/src/mp2p_icp/mp2p_icp_viz/3rdparty/imgui/imgui_demo.cpp	localization/mp2p_icp_viz/3rdparty/imgui/imgui_demo.cpp	file
mola_latest_20260917_ws/src/mp2p_icp/mp2p_icp_viz/3rdparty/imgui/imgui.h	localization/mp2p_icp_viz/3rdparty/imgui/imgui.h	file
mola_latest_20260917_ws/src/mp2p_icp/mp2p_icp_viz/3rdparty/imgui/imgui_draw.cpp	localization/mp2p_icp_viz/3rdparty/imgui/imgui_draw.cpp	file
mola_latest_20260917_ws/src/mp2p_icp/mp2p_icp_viz/3rdparty/imgui/imstb_truetype.h	localization/mp2p_icp_viz/3rdparty/imgui/imstb_truetype.h	file
mola_latest_20260917_ws/src/mp2p_icp/mp2p_icp_viz/3rdparty/imgui/misc/cpp/imgui_stdlib.h	localization/mp2p_icp_viz/3rdparty/imgui/misc/cpp/imgui_stdlib.h	file
mola_latest_20260917_ws/src/mp2p_icp/mp2p_icp_viz/3rdparty/imgui/misc/cpp/README.txt	localization/mp2p_icp_viz/3rdparty/imgui/misc/cpp/README.txt	file
mola_latest_20260917_ws/src/mp2p_icp/mp2p_icp_viz/3rdparty/imgui/misc/cpp/imgui_stdlib.cpp	localization/mp2p_icp_viz/3rdparty/imgui/misc/cpp/imgui_stdlib.cpp	file
mola_latest_20260917_ws/src/mp2p_icp/mp2p_icp_viz/3rdparty/imgui/misc/fonts/ProggyTiny.ttf	localization/mp2p_icp_viz/3rdparty/imgui/misc/fonts/ProggyTiny.ttf	file
mola_latest_20260917_ws/src/mp2p_icp/mp2p_icp_viz/3rdparty/imgui/misc/fonts/Karla-Regular.ttf	localization/mp2p_icp_viz/3rdparty/imgui/misc/fonts/Karla-Regular.ttf	file
mola_latest_20260917_ws/src/mp2p_icp/mp2p_icp_viz/3rdparty/imgui/misc/fonts/ProggyClean.ttf	localization/mp2p_icp_viz/3rdparty/imgui/misc/fonts/ProggyClean.ttf	file
mola_latest_20260917_ws/src/mp2p_icp/mp2p_icp_viz/3rdparty/imgui/misc/fonts/DroidSans.ttf	localization/mp2p_icp_viz/3rdparty/imgui/misc/fonts/DroidSans.ttf	file
mola_latest_20260917_ws/src/mp2p_icp/mp2p_icp_viz/3rdparty/imgui/misc/fonts/Roboto-Medium.ttf	localization/mp2p_icp_viz/3rdparty/imgui/misc/fonts/Roboto-Medium.ttf	file
mola_latest_20260917_ws/src/mp2p_icp/mp2p_icp_viz/3rdparty/imgui/misc/fonts/binary_to_compressed_c.cpp	localization/mp2p_icp_viz/3rdparty/imgui/misc/fonts/binary_to_compressed_c.cpp	file
mola_latest_20260917_ws/src/mp2p_icp/mp2p_icp_viz/3rdparty/imgui/misc/fonts/Cousine-Regular.ttf	localization/mp2p_icp_viz/3rdparty/imgui/misc/fonts/Cousine-Regular.ttf	file
mola_latest_20260917_ws/src/mp2p_icp/mp2p_icp_viz/3rdparty/imgui/misc/README.txt	localization/mp2p_icp_viz/3rdparty/imgui/misc/README.txt	file
mola_latest_20260917_ws/src/mp2p_icp/mp2p_icp_viz/3rdparty/imgui/misc/debuggers/imgui_lldb.py	localization/mp2p_icp_viz/3rdparty/imgui/misc/debuggers/imgui_lldb.py	file
mola_latest_20260917_ws/src/mp2p_icp/mp2p_icp_viz/3rdparty/imgui/misc/debuggers/imgui.natvis	localization/mp2p_icp_viz/3rdparty/imgui/misc/debuggers/imgui.natvis	file
mola_latest_20260917_ws/src/mp2p_icp/mp2p_icp_viz/3rdparty/imgui/misc/debuggers/README.txt	localization/mp2p_icp_viz/3rdparty/imgui/misc/debuggers/README.txt	file
mola_latest_20260917_ws/src/mp2p_icp/mp2p_icp_viz/3rdparty/imgui/misc/debuggers/imgui.gdb	localization/mp2p_icp_viz/3rdparty/imgui/misc/debuggers/imgui.gdb	file
mola_latest_20260917_ws/src/mp2p_icp/mp2p_icp_viz/3rdparty/imgui/misc/debuggers/imgui.natstepfilter	localization/mp2p_icp_viz/3rdparty/imgui/misc/debuggers/imgui.natstepfilter	file
mola_latest_20260917_ws/src/mp2p_icp/mp2p_icp_viz/3rdparty/imgui/misc/freetype/imgui_freetype.h	localization/mp2p_icp_viz/3rdparty/imgui/misc/freetype/imgui_freetype.h	file
mola_latest_20260917_ws/src/mp2p_icp/mp2p_icp_viz/3rdparty/imgui/misc/freetype/README.md	localization/mp2p_icp_viz/3rdparty/imgui/misc/freetype/README.md	file
mola_latest_20260917_ws/src/mp2p_icp/mp2p_icp_viz/3rdparty/imgui/misc/freetype/imgui_freetype.cpp	localization/mp2p_icp_viz/3rdparty/imgui/misc/freetype/imgui_freetype.cpp	file
mola_latest_20260917_ws/src/mp2p_icp/mp2p_icp_viz/3rdparty/imgui/misc/single_file/imgui_single_file.h	localization/mp2p_icp_viz/3rdparty/imgui/misc/single_file/imgui_single_file.h	file
mola_latest_20260917_ws/src/mp2p_icp/mp2p_icp_viz/COPYING	localization/mp2p_icp_viz/COPYING	file
mola_latest_20260917_ws/src/mp2p_icp/mp2p_icp_viz/CHANGELOG.rst	localization/mp2p_icp_viz/CHANGELOG.rst	file
mola_latest_20260917_ws/src/mp2p_icp/mp2p_icp_viz/apps/icp-log-viewer/main.cpp	localization/mp2p_icp_viz/apps/icp-log-viewer/main.cpp	file
mola_latest_20260917_ws/src/mp2p_icp/mp2p_icp_viz/apps/icp-log-viewer/CMakeLists.txt	localization/mp2p_icp_viz/apps/icp-log-viewer/CMakeLists.txt	file
mola_latest_20260917_ws/src/mp2p_icp/mp2p_icp_viz/apps/CMakeLists.txt	localization/mp2p_icp_viz/apps/CMakeLists.txt	file
mola_latest_20260917_ws/src/mp2p_icp/mp2p_icp_viz/apps/imgui_app_common/src/SimpleFileDialog.cpp	localization/mp2p_icp_viz/apps/imgui_app_common/src/SimpleFileDialog.cpp	file
mola_latest_20260917_ws/src/mp2p_icp/mp2p_icp_viz/apps/imgui_app_common/src/ImGuiAppShell.cpp	localization/mp2p_icp_viz/apps/imgui_app_common/src/ImGuiAppShell.cpp	file
mola_latest_20260917_ws/src/mp2p_icp/mp2p_icp_viz/apps/imgui_app_common/CMakeLists.txt	localization/mp2p_icp_viz/apps/imgui_app_common/CMakeLists.txt	file
mola_latest_20260917_ws/src/mp2p_icp/mp2p_icp_viz/apps/imgui_app_common/include/imgui_app_common/AsyncTask.h	localization/mp2p_icp_viz/apps/imgui_app_common/include/imgui_app_common/AsyncTask.h	file
mola_latest_20260917_ws/src/mp2p_icp/mp2p_icp_viz/apps/imgui_app_common/include/imgui_app_common/SimpleFileDialog.h	localization/mp2p_icp_viz/apps/imgui_app_common/include/imgui_app_common/SimpleFileDialog.h	file
mola_latest_20260917_ws/src/mp2p_icp/mp2p_icp_viz/apps/imgui_app_common/include/imgui_app_common/ImGuiAppShell.h	localization/mp2p_icp_viz/apps/imgui_app_common/include/imgui_app_common/ImGuiAppShell.h	file
mola_latest_20260917_ws/src/mp2p_icp/mp2p_icp_viz/apps/mm-viewer/main.cpp	localization/mp2p_icp_viz/apps/mm-viewer/main.cpp	file
mola_latest_20260917_ws/src/mp2p_icp/mp2p_icp_viz/apps/mm-viewer/CMakeLists.txt	localization/mp2p_icp_viz/apps/mm-viewer/CMakeLists.txt	file
mola_latest_20260917_ws/src/mp2p_icp/mp2p_icp_viz/apps/libcfgpath/cfgpath.h	localization/mp2p_icp_viz/apps/libcfgpath/cfgpath.h	file
mola_latest_20260917_ws/src/mp2p_icp/mp2p_icp_viz/apps/libcfgpath/README.md	localization/mp2p_icp_viz/apps/libcfgpath/README.md	file
mola_latest_20260917_ws/src/mp2p_icp/mp2p_icp_viz/apps/libcfgpath/.clang-format	localization/mp2p_icp_viz/apps/libcfgpath/.clang-format	file
mola_latest_20260917_ws/src/mp2p_icp/mp2p_icp_viz/CMakeLists.txt	localization/mp2p_icp_viz/CMakeLists.txt	file
mola_latest_20260917_ws/src/mp2p_icp/mp2p_icp_viz/package.xml	localization/mp2p_icp_viz/package.xml	file
mola_latest_20260917_ws/src/mp2p_icp/agents.md	localization/mola_source_metadata/mp2p_icp/agents.md	file
mola_latest_20260917_ws/src/mp2p_icp/.vscode/settings.json	localization/mola_source_metadata/mp2p_icp/.vscode/settings.json	file
mola_latest_20260917_ws/src/mp2p_icp/.vscode/c_cpp_properties.json	localization/mola_source_metadata/mp2p_icp/.vscode/c_cpp_properties.json	file
mola_latest_20260917_ws/src/mp2p_icp/colcon_defaults.yaml	localization/mola_source_metadata/mp2p_icp/colcon_defaults.yaml	file
mola_latest_20260917_ws/src/mp2p_icp/.github/workflows/ros-build.yml	localization/mola_source_metadata/mp2p_icp/.github/workflows/ros-build.yml	file
mola_latest_20260917_ws/src/mp2p_icp/.github/workflows/check-clang-format.yml	localization/mola_source_metadata/mp2p_icp/.github/workflows/check-clang-format.yml	file
mola_latest_20260917_ws/src/mp2p_icp/.github/workflows/check-docs.yml	localization/mola_source_metadata/mp2p_icp/.github/workflows/check-docs.yml	file
mola_latest_20260917_ws/src/mp2p_icp/COPYING	localization/mola_source_metadata/mp2p_icp/COPYING	file
mola_latest_20260917_ws/src/mp2p_icp/README.md	localization/mola_source_metadata/mp2p_icp/README.md	file
mola_latest_20260917_ws/src/mp2p_icp/docs/source/sm2mm_pipelines.rst	localization/mola_source_metadata/mp2p_icp/docs/source/sm2mm_pipelines.rst	file
mola_latest_20260917_ws/src/mp2p_icp/docs/source/bibliography.rst	localization/mola_source_metadata/mp2p_icp/docs/source/bibliography.rst	file
mola_latest_20260917_ws/src/mp2p_icp/docs/source/app_mm2las.rst	localization/mola_source_metadata/mp2p_icp/docs/source/app_mm2las.rst	file
mola_latest_20260917_ws/src/mp2p_icp/docs/source/app_icp-log-viewer.rst	localization/mola_source_metadata/mp2p_icp/docs/source/app_icp-log-viewer.rst	file
mola_latest_20260917_ws/src/mp2p_icp/docs/source/app_sm2mm.rst	localization/mola_source_metadata/mp2p_icp/docs/source/app_sm2mm.rst	file
mola_latest_20260917_ws/src/mp2p_icp/docs/source/mp2p_icp_optimal-transformations.rst	localization/mola_source_metadata/mp2p_icp/docs/source/mp2p_icp_optimal-transformations.rst	file
mola_latest_20260917_ws/src/mp2p_icp/docs/source/app_mm2grid.rst	localization/mola_source_metadata/mp2p_icp/docs/source/app_mm2grid.rst	file
mola_latest_20260917_ws/src/mp2p_icp/docs/source/mp2p_icp_applications.rst	localization/mola_source_metadata/mp2p_icp/docs/source/mp2p_icp_applications.rst	file
mola_latest_20260917_ws/src/mp2p_icp/docs/source/app_txt2mm.rst	localization/mola_source_metadata/mp2p_icp/docs/source/app_txt2mm.rst	file
mola_latest_20260917_ws/src/mp2p_icp/docs/source/mp2p_icp_basics.rst	localization/mola_source_metadata/mp2p_icp/docs/source/mp2p_icp_basics.rst	file
mola_latest_20260917_ws/src/mp2p_icp/docs/source/app_mm-info.rst	localization/mola_source_metadata/mp2p_icp/docs/source/app_mm-info.rst	file
mola_latest_20260917_ws/src/mp2p_icp/docs/source/doxyrest-frames/common/item.lua	localization/mola_source_metadata/mp2p_icp/docs/source/doxyrest-frames/common/item.lua	file
mola_latest_20260917_ws/src/mp2p_icp/docs/source/doxyrest-frames/common/doc.lua	localization/mola_source_metadata/mp2p_icp/docs/source/doxyrest-frames/common/doc.lua	file
mola_latest_20260917_ws/src/mp2p_icp/docs/source/doxyrest-frames/common/index_main.rst.in	localization/mola_source_metadata/mp2p_icp/docs/source/doxyrest-frames/common/index_main.rst.in	file
mola_latest_20260917_ws/src/mp2p_icp/docs/source/doxyrest-frames/common/crefdb_items.py.in	localization/mola_source_metadata/mp2p_icp/docs/source/doxyrest-frames/common/crefdb_items.py.in	file
mola_latest_20260917_ws/src/mp2p_icp/docs/source/doxyrest-frames/common/table.lua	localization/mola_source_metadata/mp2p_icp/docs/source/doxyrest-frames/common/table.lua	file
mola_latest_20260917_ws/src/mp2p_icp/docs/source/doxyrest-frames/common/details.rst.in	localization/mola_source_metadata/mp2p_icp/docs/source/doxyrest-frames/common/details.rst.in	file
mola_latest_20260917_ws/src/mp2p_icp/docs/source/doxyrest-frames/common/group.rst.in	localization/mola_source_metadata/mp2p_icp/docs/source/doxyrest-frames/common/group.rst.in	file
mola_latest_20260917_ws/src/mp2p_icp/docs/source/doxyrest-frames/common/page.rst.in	localization/mola_source_metadata/mp2p_icp/docs/source/doxyrest-frames/common/page.rst.in	file
mola_latest_20260917_ws/src/mp2p_icp/docs/source/doxyrest-frames/common/crefdb_groups.py.in	localization/mola_source_metadata/mp2p_icp/docs/source/doxyrest-frames/common/crefdb_groups.py.in	file
mola_latest_20260917_ws/src/mp2p_icp/docs/source/doxyrest-frames/common/string.lua	localization/mola_source_metadata/mp2p_icp/docs/source/doxyrest-frames/common/string.lua	file
mola_latest_20260917_ws/src/mp2p_icp/docs/source/doxyrest-frames/common/toc.lua	localization/mola_source_metadata/mp2p_icp/docs/source/doxyrest-frames/common/toc.lua	file
mola_latest_20260917_ws/src/mp2p_icp/docs/source/doxyrest-frames/common/footnotes.rst.in	localization/mola_source_metadata/mp2p_icp/docs/source/doxyrest-frames/common/footnotes.rst.in	file
mola_latest_20260917_ws/src/mp2p_icp/docs/source/doxyrest-frames/cfamily/class.rst.in	localization/mola_source_metadata/mp2p_icp/docs/source/doxyrest-frames/cfamily/class.rst.in	file
mola_latest_20260917_ws/src/mp2p_icp/docs/source/doxyrest-frames/cfamily/details_aliases.rst.in	localization/mola_source_metadata/mp2p_icp/docs/source/doxyrest-frames/cfamily/details_aliases.rst.in	file
mola_latest_20260917_ws/src/mp2p_icp/docs/source/doxyrest-frames/cfamily/overview_aliases.rst.in	localization/mola_source_metadata/mp2p_icp/docs/source/doxyrest-frames/cfamily/overview_aliases.rst.in	file
mola_latest_20260917_ws/src/mp2p_icp/docs/source/doxyrest-frames/cfamily/details_defines.rst.in	localization/mola_source_metadata/mp2p_icp/docs/source/doxyrest-frames/cfamily/details_defines.rst.in	file
mola_latest_20260917_ws/src/mp2p_icp/docs/source/doxyrest-frames/cfamily/namespace.rst.in	localization/mola_source_metadata/mp2p_icp/docs/source/doxyrest-frames/cfamily/namespace.rst.in	file
mola_latest_20260917_ws/src/mp2p_icp/docs/source/doxyrest-frames/cfamily/overview_classes.rst.in	localization/mola_source_metadata/mp2p_icp/docs/source/doxyrest-frames/cfamily/overview_classes.rst.in	file
mola_latest_20260917_ws/src/mp2p_icp/docs/source/doxyrest-frames/cfamily/utils.lua	localization/mola_source_metadata/mp2p_icp/docs/source/doxyrest-frames/cfamily/utils.lua	file
mola_latest_20260917_ws/src/mp2p_icp/docs/source/doxyrest-frames/cfamily/crefdb_members.py.in	localization/mola_source_metadata/mp2p_icp/docs/source/doxyrest-frames/cfamily/crefdb_members.py.in	file
mola_latest_20260917_ws/src/mp2p_icp/docs/source/doxyrest-frames/cfamily/crefdb_items.py.in	localization/mola_source_metadata/mp2p_icp/docs/source/doxyrest-frames/cfamily/crefdb_items.py.in	file
mola_latest_20260917_ws/src/mp2p_icp/docs/source/doxyrest-frames/cfamily/overview_compound.rst.in	localization/mola_source_metadata/mp2p_icp/docs/source/doxyrest-frames/cfamily/overview_compound.rst.in	file
mola_latest_20260917_ws/src/mp2p_icp/docs/source/doxyrest-frames/cfamily/overview_common.rst.in	localization/mola_source_metadata/mp2p_icp/docs/source/doxyrest-frames/cfamily/overview_common.rst.in	file
mola_latest_20260917_ws/src/mp2p_icp/docs/source/doxyrest-frames/cfamily/details_functions.rst.in	localization/mola_source_metadata/mp2p_icp/docs/source/doxyrest-frames/cfamily/details_functions.rst.in	file
mola_latest_20260917_ws/src/mp2p_icp/docs/source/doxyrest-frames/cfamily/details_properties.rst.in	localization/mola_source_metadata/mp2p_icp/docs/source/doxyrest-frames/cfamily/details_properties.rst.in	file
mola_latest_20260917_ws/src/mp2p_icp/docs/source/doxyrest-frames/cfamily/details_unnamed_enum_values.rst.in	localization/mola_source_metadata/mp2p_icp/docs/source/doxyrest-frames/cfamily/details_unnamed_enum_values.rst.in	file
mola_latest_20260917_ws/src/mp2p_icp/docs/source/doxyrest-frames/cfamily/overview_namespaces.rst.in	localization/mola_source_metadata/mp2p_icp/docs/source/doxyrest-frames/cfamily/overview_namespaces.rst.in	file
mola_latest_20260917_ws/src/mp2p_icp/docs/source/doxyrest-frames/cfamily/enum.rst.in	localization/mola_source_metadata/mp2p_icp/docs/source/doxyrest-frames/cfamily/enum.rst.in	file
mola_latest_20260917_ws/src/mp2p_icp/docs/source/doxyrest-frames/cfamily/scope_namespace.rst.in	localization/mola_source_metadata/mp2p_icp/docs/source/doxyrest-frames/cfamily/scope_namespace.rst.in	file
mola_latest_20260917_ws/src/mp2p_icp/docs/source/doxyrest-frames/cfamily/overview_members.rst.in	localization/mola_source_metadata/mp2p_icp/docs/source/doxyrest-frames/cfamily/overview_members.rst.in	file
mola_latest_20260917_ws/src/mp2p_icp/docs/source/doxyrest-frames/cfamily/overview_events.rst.in	localization/mola_source_metadata/mp2p_icp/docs/source/doxyrest-frames/cfamily/overview_events.rst.in	file
mola_latest_20260917_ws/src/mp2p_icp/docs/source/doxyrest-frames/cfamily/overview_typedefs.rst.in	localization/mola_source_metadata/mp2p_icp/docs/source/doxyrest-frames/cfamily/overview_typedefs.rst.in	file
mola_latest_20260917_ws/src/mp2p_icp/docs/source/doxyrest-frames/cfamily/global.rst.in	localization/mola_source_metadata/mp2p_icp/docs/source/doxyrest-frames/cfamily/global.rst.in	file
mola_latest_20260917_ws/src/mp2p_icp/docs/source/doxyrest-frames/cfamily/overview_variables.rst.in	localization/mola_source_metadata/mp2p_icp/docs/source/doxyrest-frames/cfamily/overview_variables.rst.in	file
mola_latest_20260917_ws/src/mp2p_icp/docs/source/doxyrest-frames/cfamily/index.rst.in	localization/mola_source_metadata/mp2p_icp/docs/source/doxyrest-frames/cfamily/index.rst.in	file
mola_latest_20260917_ws/src/mp2p_icp/docs/source/doxyrest-frames/cfamily/details_construction.rst.in	localization/mola_source_metadata/mp2p_icp/docs/source/doxyrest-frames/cfamily/details_construction.rst.in	file
mola_latest_20260917_ws/src/mp2p_icp/docs/source/doxyrest-frames/cfamily/details_typedefs.rst.in	localization/mola_source_metadata/mp2p_icp/docs/source/doxyrest-frames/cfamily/details_typedefs.rst.in	file
mola_latest_20260917_ws/src/mp2p_icp/docs/source/doxyrest-frames/cfamily/scope_class.rst.in	localization/mola_source_metadata/mp2p_icp/docs/source/doxyrest-frames/cfamily/scope_class.rst.in	file
mola_latest_20260917_ws/src/mp2p_icp/docs/source/doxyrest-frames/cfamily/overview_functions.rst.in	localization/mola_source_metadata/mp2p_icp/docs/source/doxyrest-frames/cfamily/overview_functions.rst.in	file
mola_latest_20260917_ws/src/mp2p_icp/docs/source/doxyrest-frames/cfamily/compound.rst.in	localization/mola_source_metadata/mp2p_icp/docs/source/doxyrest-frames/cfamily/compound.rst.in	file
mola_latest_20260917_ws/src/mp2p_icp/docs/source/doxyrest-frames/cfamily/details_events.rst.in	localization/mola_source_metadata/mp2p_icp/docs/source/doxyrest-frames/cfamily/details_events.rst.in	file
mola_latest_20260917_ws/src/mp2p_icp/docs/source/doxyrest-frames/cfamily/crefdb.py.in	localization/mola_source_metadata/mp2p_icp/docs/source/doxyrest-frames/cfamily/crefdb.py.in	file
mola_latest_20260917_ws/src/mp2p_icp/docs/source/doxyrest-frames/cfamily/overview_enums.rst.in	localization/mola_source_metadata/mp2p_icp/docs/source/doxyrest-frames/cfamily/overview_enums.rst.in	file
mola_latest_20260917_ws/src/mp2p_icp/docs/source/doxyrest-frames/cfamily/overview_construction.rst.in	localization/mola_source_metadata/mp2p_icp/docs/source/doxyrest-frames/cfamily/overview_construction.rst.in	file
mola_latest_20260917_ws/src/mp2p_icp/docs/source/doxyrest-frames/cfamily/example.rst.in	localization/mola_source_metadata/mp2p_icp/docs/source/doxyrest-frames/cfamily/example.rst.in	file
mola_latest_20260917_ws/src/mp2p_icp/docs/source/doxyrest-frames/cfamily/overview_properties.rst.in	localization/mola_source_metadata/mp2p_icp/docs/source/doxyrest-frames/cfamily/overview_properties.rst.in	file
mola_latest_20260917_ws/src/mp2p_icp/docs/source/doxyrest-frames/cfamily/overview_defines.rst.in	localization/mola_source_metadata/mp2p_icp/docs/source/doxyrest-frames/cfamily/overview_defines.rst.in	file
mola_latest_20260917_ws/src/mp2p_icp/docs/source/doxyrest-frames/cfamily/crefdb_enums.py.in	localization/mola_source_metadata/mp2p_icp/docs/source/doxyrest-frames/cfamily/crefdb_enums.py.in	file
mola_latest_20260917_ws/src/mp2p_icp/docs/source/doxyrest-frames/cfamily/details_variables.rst.in	localization/mola_source_metadata/mp2p_icp/docs/source/doxyrest-frames/cfamily/details_variables.rst.in	file
mola_latest_20260917_ws/src/mp2p_icp/docs/source/imgs/mp2p_pairings.png	localization/mola_source_metadata/mp2p_icp/docs/source/imgs/mp2p_pairings.png	file
mola_latest_20260917_ws/src/mp2p_icp/docs/source/imgs/metric_map_t_with_details.png	localization/mola_source_metadata/mp2p_icp/docs/source/imgs/metric_map_t_with_details.png	file
mola_latest_20260917_ws/src/mp2p_icp/docs/source/imgs/metric_map_t.png	localization/mola_source_metadata/mp2p_icp/docs/source/imgs/metric_map_t.png	file
mola_latest_20260917_ws/src/mp2p_icp/docs/source/imgs/Pairings.png	localization/mola_source_metadata/mp2p_icp/docs/source/imgs/Pairings.png	file
mola_latest_20260917_ws/src/mp2p_icp/docs/source/imgs/mola-architecture.png	localization/mola_source_metadata/mp2p_icp/docs/source/imgs/mola-architecture.png	file
mola_latest_20260917_ws/src/mp2p_icp/docs/source/app_mm-filter.rst	localization/mola_source_metadata/mp2p_icp/docs/source/app_mm-filter.rst	file
mola_latest_20260917_ws/src/mp2p_icp/docs/source/Doxyfile	localization/mola_source_metadata/mp2p_icp/docs/source/Doxyfile	file
mola_latest_20260917_ws/src/mp2p_icp/docs/source/app_kitti2mm.rst	localization/mola_source_metadata/mp2p_icp/docs/source/app_kitti2mm.rst	file
mola_latest_20260917_ws/src/mp2p_icp/docs/source/app_sm-cli.rst	localization/mola_source_metadata/mp2p_icp/docs/source/app_sm-cli.rst	file
mola_latest_20260917_ws/src/mp2p_icp/docs/source/_templates/sourcelink.html	localization/mola_source_metadata/mp2p_icp/docs/source/_templates/sourcelink.html	file
mola_latest_20260917_ws/src/mp2p_icp/docs/source/_templates/footer.html	localization/mola_source_metadata/mp2p_icp/docs/source/_templates/footer.html	file
mola_latest_20260917_ws/src/mp2p_icp/docs/source/_templates/layout.html	localization/mola_source_metadata/mp2p_icp/docs/source/_templates/layout.html	file
mola_latest_20260917_ws/src/mp2p_icp/docs/source/doxygen-layout.xml	localization/mola_source_metadata/mp2p_icp/docs/source/doxygen-layout.xml	file
mola_latest_20260917_ws/src/mp2p_icp/docs/source/app_mm-viewer.rst	localization/mola_source_metadata/mp2p_icp/docs/source/app_mm-viewer.rst	file
mola_latest_20260917_ws/src/mp2p_icp/docs/source/app_mm2ply.rst	localization/mola_source_metadata/mp2p_icp/docs/source/app_mm2ply.rst	file
mola_latest_20260917_ws/src/mp2p_icp/docs/source/app_icp-run.rst	localization/mola_source_metadata/mp2p_icp/docs/source/app_icp-run.rst	file
mola_latest_20260917_ws/src/mp2p_icp/docs/source/index.rst	localization/mola_source_metadata/mp2p_icp/docs/source/index.rst	file
mola_latest_20260917_ws/src/mp2p_icp/docs/source/doxyrest-config.lua	localization/mola_source_metadata/mp2p_icp/docs/source/doxyrest-config.lua	file
mola_latest_20260917_ws/src/mp2p_icp/docs/source/app_mm-georef.rst	localization/mola_source_metadata/mp2p_icp/docs/source/app_mm-georef.rst	file
mola_latest_20260917_ws/src/mp2p_icp/docs/source/mp2p_icp_filters.rst	localization/mola_source_metadata/mp2p_icp/docs/source/mp2p_icp_filters.rst	file
mola_latest_20260917_ws/src/mp2p_icp/docs/source/conf.py	localization/mola_source_metadata/mp2p_icp/docs/source/conf.py	file
mola_latest_20260917_ws/src/mp2p_icp/docs/source/app_mm2txt.rst	localization/mola_source_metadata/mp2p_icp/docs/source/app_mm2txt.rst	file
mola_latest_20260917_ws/src/mp2p_icp/docs/README.md	localization/mola_source_metadata/mp2p_icp/docs/README.md	file
mola_latest_20260917_ws/src/mp2p_icp/docs/Makefile	localization/mola_source_metadata/mp2p_icp/docs/Makefile	file
mola_latest_20260917_ws/src/mp2p_icp/docs/Pairings.pptx	localization/mola_source_metadata/mp2p_icp/docs/Pairings.pptx	file
mola_latest_20260917_ws/src/mp2p_icp/docs/design_robust_prior_anchored_kernels.md	localization/mola_source_metadata/mp2p_icp/docs/design_robust_prior_anchored_kernels.md	file
mola_latest_20260917_ws/src/mp2p_icp/docs/mp2p_pairings.pptx	localization/mola_source_metadata/mp2p_icp/docs/mp2p_pairings.pptx	file
mola_latest_20260917_ws/src/mp2p_icp/docs/metric_map_t.pptx	localization/mola_source_metadata/mp2p_icp/docs/metric_map_t.pptx	file
mola_latest_20260917_ws/src/mp2p_icp/docs/.gitignore	localization/mola_source_metadata/mp2p_icp/docs/.gitignore	file
mola_latest_20260917_ws/src/mp2p_icp/docs/requirements.txt	localization/mola_source_metadata/mp2p_icp/docs/requirements.txt	file
mola_latest_20260917_ws/src/mp2p_icp/mp2p_icp/COPYING	localization/mp2p_icp/COPYING	file
mola_latest_20260917_ws/src/mp2p_icp/mp2p_icp/CHANGELOG.rst	localization/mp2p_icp/CHANGELOG.rst	file
mola_latest_20260917_ws/src/mp2p_icp/mp2p_icp/CMakeLists.txt	localization/mp2p_icp/CMakeLists.txt	file
mola_latest_20260917_ws/src/mp2p_icp/mp2p_icp/package.xml	localization/mp2p_icp/package.xml	file
mola_latest_20260917_ws/src/mp2p_icp/mp2p_icp_core/mp2p_icp_common/src/register.cpp	localization/mp2p_icp_core/mp2p_icp_common/src/register.cpp	file
mola_latest_20260917_ws/src/mp2p_icp/mp2p_icp_core/mp2p_icp_common/src/Parameterizable.cpp	localization/mp2p_icp_core/mp2p_icp_common/src/Parameterizable.cpp	file
mola_latest_20260917_ws/src/mp2p_icp/mp2p_icp_core/mp2p_icp_common/src/load_plugin.cpp	localization/mp2p_icp_core/mp2p_icp_common/src/load_plugin.cpp	file
mola_latest_20260917_ws/src/mp2p_icp/mp2p_icp_core/mp2p_icp_common/CMakeLists.txt	localization/mp2p_icp_core/mp2p_icp_common/CMakeLists.txt	file
mola_latest_20260917_ws/src/mp2p_icp/mp2p_icp_core/mp2p_icp_common/include/mp2p_icp/load_plugin.h	localization/mp2p_icp_core/mp2p_icp_common/include/mp2p_icp/load_plugin.h	file
mola_latest_20260917_ws/src/mp2p_icp/mp2p_icp_core/mp2p_icp_common/include/mp2p_icp/Parameterizable.h	localization/mp2p_icp_core/mp2p_icp_common/include/mp2p_icp/Parameterizable.h	file
mola_latest_20260917_ws/src/mp2p_icp/mp2p_icp_core/mp2p_icp_map/src/MetricMapMergeCapable.cpp	localization/mp2p_icp_core/mp2p_icp_map/src/MetricMapMergeCapable.cpp	file
mola_latest_20260917_ws/src/mp2p_icp/mp2p_icp_core/mp2p_icp_map/src/NearestPointWithCovCapable.cpp	localization/mp2p_icp_core/mp2p_icp_map/src/NearestPointWithCovCapable.cpp	file
mola_latest_20260917_ws/src/mp2p_icp/mp2p_icp_core/mp2p_icp_map/src/estimate_points_eigen.cpp	localization/mp2p_icp_core/mp2p_icp_map/src/estimate_points_eigen.cpp	file
mola_latest_20260917_ws/src/mp2p_icp/mp2p_icp_core/mp2p_icp_map/src/metricmap.cpp	localization/mp2p_icp_core/mp2p_icp_map/src/metricmap.cpp	file
mola_latest_20260917_ws/src/mp2p_icp/mp2p_icp_core/mp2p_icp_map/src/NearestPlaneCapable.cpp	localization/mp2p_icp_core/mp2p_icp_map/src/NearestPlaneCapable.cpp	file
mola_latest_20260917_ws/src/mp2p_icp/mp2p_icp_core/mp2p_icp_map/src/load_xyz_file.cpp	localization/mp2p_icp_core/mp2p_icp_map/src/load_xyz_file.cpp	file
mola_latest_20260917_ws/src/mp2p_icp/mp2p_icp_core/mp2p_icp_map/src/pointcloud_field_utils.cpp	localization/mp2p_icp_core/mp2p_icp_map/src/pointcloud_field_utils.cpp	file
mola_latest_20260917_ws/src/mp2p_icp/mp2p_icp_core/mp2p_icp_map/src/register.cpp	localization/mp2p_icp_core/mp2p_icp_map/src/register.cpp	file
mola_latest_20260917_ws/src/mp2p_icp/mp2p_icp_core/mp2p_icp_map/src/IcpPrepareCapable.cpp	localization/mp2p_icp_core/mp2p_icp_map/src/IcpPrepareCapable.cpp	file
mola_latest_20260917_ws/src/mp2p_icp/mp2p_icp_core/mp2p_icp_map/src/pointcloud_sanity_check.cpp	localization/mp2p_icp_core/mp2p_icp_map/src/pointcloud_sanity_check.cpp	file
mola_latest_20260917_ws/src/mp2p_icp/mp2p_icp_core/mp2p_icp_map/src/point_with_cov_pair_t.cpp	localization/mp2p_icp_core/mp2p_icp_map/src/point_with_cov_pair_t.cpp	file
mola_latest_20260917_ws/src/mp2p_icp/mp2p_icp_core/mp2p_icp_map/src/update_velocity_buffer_from_obs.cpp	localization/mp2p_icp_core/mp2p_icp_map/src/update_velocity_buffer_from_obs.cpp	file
mola_latest_20260917_ws/src/mp2p_icp/mp2p_icp_core/mp2p_icp_map/CMakeLists.txt	localization/mp2p_icp_core/mp2p_icp_map/CMakeLists.txt	file
mola_latest_20260917_ws/src/mp2p_icp/mp2p_icp_core/mp2p_icp_map/include/mp2p_icp/estimate_points_eigen.h	localization/mp2p_icp_core/mp2p_icp_map/include/mp2p_icp/estimate_points_eigen.h	file
mola_latest_20260917_ws/src/mp2p_icp/mp2p_icp_core/mp2p_icp_map/include/mp2p_icp/metricmap.h	localization/mp2p_icp_core/mp2p_icp_map/include/mp2p_icp/metricmap.h	file
mola_latest_20260917_ws/src/mp2p_icp/mp2p_icp_core/mp2p_icp_map/include/mp2p_icp/load_xyz_file.h	localization/mp2p_icp_core/mp2p_icp_map/include/mp2p_icp/load_xyz_file.h	file
mola_latest_20260917_ws/src/mp2p_icp/mp2p_icp_core/mp2p_icp_map/include/mp2p_icp/render_params.h	localization/mp2p_icp_core/mp2p_icp_map/include/mp2p_icp/render_params.h	file
mola_latest_20260917_ws/src/mp2p_icp/mp2p_icp_core/mp2p_icp_map/include/mp2p_icp/pointcloud_field_utils.h	localization/mp2p_icp_core/mp2p_icp_map/include/mp2p_icp/pointcloud_field_utils.h	file
mola_latest_20260917_ws/src/mp2p_icp/mp2p_icp_core/mp2p_icp_map/include/mp2p_icp/point_with_cov_pair_t.h	localization/mp2p_icp_core/mp2p_icp_map/include/mp2p_icp/point_with_cov_pair_t.h	file
mola_latest_20260917_ws/src/mp2p_icp/mp2p_icp_core/mp2p_icp_map/include/mp2p_icp/point_plane_pair_t.h	localization/mp2p_icp_core/mp2p_icp_map/include/mp2p_icp/point_plane_pair_t.h	file
mola_latest_20260917_ws/src/mp2p_icp/mp2p_icp_core/mp2p_icp_map/include/mp2p_icp/NearestPlaneCapable.h	localization/mp2p_icp_core/mp2p_icp_map/include/mp2p_icp/NearestPlaneCapable.h	file
mola_latest_20260917_ws/src/mp2p_icp/mp2p_icp_core/mp2p_icp_map/include/mp2p_icp/MatchingDistanceProfile.h	localization/mp2p_icp_core/mp2p_icp_map/include/mp2p_icp/MatchingDistanceProfile.h	file
mola_latest_20260917_ws/src/mp2p_icp/mp2p_icp_core/mp2p_icp_map/include/mp2p_icp/NearestPointWithCovCapable.h	localization/mp2p_icp_core/mp2p_icp_map/include/mp2p_icp/NearestPointWithCovCapable.h	file
mola_latest_20260917_ws/src/mp2p_icp/mp2p_icp_core/mp2p_icp_map/include/mp2p_icp/update_velocity_buffer_from_obs.h	localization/mp2p_icp_core/mp2p_icp_map/include/mp2p_icp/update_velocity_buffer_from_obs.h	file
mola_latest_20260917_ws/src/mp2p_icp/mp2p_icp_core/mp2p_icp_map/include/mp2p_icp/IcpPrepareCapable.h	localization/mp2p_icp_core/mp2p_icp_map/include/mp2p_icp/IcpPrepareCapable.h	file
mola_latest_20260917_ws/src/mp2p_icp/mp2p_icp_core/mp2p_icp_map/include/mp2p_icp/layer_name_t.h	localization/mp2p_icp_core/mp2p_icp_map/include/mp2p_icp/layer_name_t.h	file
mola_latest_20260917_ws/src/mp2p_icp/mp2p_icp_core/mp2p_icp_map/include/mp2p_icp/plane_patch.h	localization/mp2p_icp_core/mp2p_icp_map/include/mp2p_icp/plane_patch.h	file
mola_latest_20260917_ws/src/mp2p_icp/mp2p_icp_core/mp2p_icp_map/include/mp2p_icp/MetricMapMergeCapable.h	localization/mp2p_icp_core/mp2p_icp_map/include/mp2p_icp/MetricMapMergeCapable.h	file
mola_latest_20260917_ws/src/mp2p_icp/mp2p_icp_core/mp2p_icp_map/include/mp2p_icp/pointcloud_sanity_check.h	localization/mp2p_icp_core/mp2p_icp_map/include/mp2p_icp/pointcloud_sanity_check.h	file
mola_latest_20260917_ws/src/mp2p_icp/mp2p_icp_core/mp2p_icp_map/include/mp2p_icp/pointcloud_bitfield.h	localization/mp2p_icp_core/mp2p_icp_map/include/mp2p_icp/pointcloud_bitfield.h	file
mola_latest_20260917_ws/src/mp2p_icp/mp2p_icp_core/3rdparty/CMakeLists.txt	localization/mp2p_icp_core/3rdparty/CMakeLists.txt	file
mola_latest_20260917_ws/src/mp2p_icp/mp2p_icp_core/3rdparty/robin-map/.github/workflows/ci.yml	localization/mp2p_icp_core/3rdparty/robin-map/.github/workflows/ci.yml	file
mola_latest_20260917_ws/src/mp2p_icp/mp2p_icp_core/3rdparty/robin-map/doxygen.conf	localization/mp2p_icp_core/3rdparty/robin-map/doxygen.conf	file
mola_latest_20260917_ws/src/mp2p_icp/mp2p_icp_core/3rdparty/robin-map/README.md	localization/mp2p_icp_core/3rdparty/robin-map/README.md	file
mola_latest_20260917_ws/src/mp2p_icp/mp2p_icp_core/3rdparty/robin-map/tests/main.cpp	localization/mp2p_icp_core/3rdparty/robin-map/tests/main.cpp	file
mola_latest_20260917_ws/src/mp2p_icp/mp2p_icp_core/3rdparty/robin-map/tests/robin_map_tests.cpp	localization/mp2p_icp_core/3rdparty/robin-map/tests/robin_map_tests.cpp	file
mola_latest_20260917_ws/src/mp2p_icp/mp2p_icp_core/3rdparty/robin-map/tests/policy_tests.cpp	localization/mp2p_icp_core/3rdparty/robin-map/tests/policy_tests.cpp	file
mola_latest_20260917_ws/src/mp2p_icp/mp2p_icp_core/3rdparty/robin-map/tests/robin_set_tests.cpp	localization/mp2p_icp_core/3rdparty/robin-map/tests/robin_set_tests.cpp	file
mola_latest_20260917_ws/src/mp2p_icp/mp2p_icp_core/3rdparty/robin-map/tests/CMakeLists.txt	localization/mp2p_icp_core/3rdparty/robin-map/tests/CMakeLists.txt	file
mola_latest_20260917_ws/src/mp2p_icp/mp2p_icp_core/3rdparty/robin-map/tests/custom_allocator_tests.cpp	localization/mp2p_icp_core/3rdparty/robin-map/tests/custom_allocator_tests.cpp	file
mola_latest_20260917_ws/src/mp2p_icp/mp2p_icp_core/3rdparty/robin-map/tests/utils.h	localization/mp2p_icp_core/3rdparty/robin-map/tests/utils.h	file
mola_latest_20260917_ws/src/mp2p_icp/mp2p_icp_core/3rdparty/robin-map/CMakeLists.txt	localization/mp2p_icp_core/3rdparty/robin-map/CMakeLists.txt	file
mola_latest_20260917_ws/src/mp2p_icp/mp2p_icp_core/3rdparty/robin-map/tsl-robin-map.natvis	localization/mp2p_icp_core/3rdparty/robin-map/tsl-robin-map.natvis	file
mola_latest_20260917_ws/src/mp2p_icp/mp2p_icp_core/3rdparty/robin-map/LICENSE	localization/mp2p_icp_core/3rdparty/robin-map/LICENSE	file
mola_latest_20260917_ws/src/mp2p_icp/mp2p_icp_core/3rdparty/robin-map/.codecov.yml	localization/mp2p_icp_core/3rdparty/robin-map/.codecov.yml	file
mola_latest_20260917_ws/src/mp2p_icp/mp2p_icp_core/3rdparty/robin-map/.clang-format	localization/mp2p_icp_core/3rdparty/robin-map/.clang-format	file
mola_latest_20260917_ws/src/mp2p_icp/mp2p_icp_core/3rdparty/robin-map/include/tsl/robin_set.h	localization/mp2p_icp_core/3rdparty/robin-map/include/tsl/robin_set.h	file
mola_latest_20260917_ws/src/mp2p_icp/mp2p_icp_core/3rdparty/robin-map/include/tsl/robin_growth_policy.h	localization/mp2p_icp_core/3rdparty/robin-map/include/tsl/robin_growth_policy.h	file
mola_latest_20260917_ws/src/mp2p_icp/mp2p_icp_core/3rdparty/robin-map/include/tsl/robin_hash.h	localization/mp2p_icp_core/3rdparty/robin-map/include/tsl/robin_hash.h	file
mola_latest_20260917_ws/src/mp2p_icp/mp2p_icp_core/3rdparty/robin-map/include/tsl/robin_map.h	localization/mp2p_icp_core/3rdparty/robin-map/include/tsl/robin_map.h	file
mola_latest_20260917_ws/src/mp2p_icp/mp2p_icp_core/3rdparty/robin-map/cmake/tsl-robin-mapConfig.cmake.in	localization/mp2p_icp_core/3rdparty/robin-map/cmake/tsl-robin-mapConfig.cmake.in	file
mola_latest_20260917_ws/src/mp2p_icp/mp2p_icp_core/COPYING	localization/mp2p_icp_core/COPYING	file
mola_latest_20260917_ws/src/mp2p_icp/mp2p_icp_core/CHANGELOG.rst	localization/mp2p_icp_core/CHANGELOG.rst	file
mola_latest_20260917_ws/src/mp2p_icp/mp2p_icp_core/demos/sm2mm_pointcloud_voxelize_no_deskew.yaml	localization/mp2p_icp_core/demos/sm2mm_pointcloud_voxelize_no_deskew.yaml	file
mola_latest_20260917_ws/src/mp2p_icp/mp2p_icp_core/demos/sm2mm_no_decim_imu_mls.yaml	localization/mp2p_icp_core/demos/sm2mm_no_decim_imu_mls.yaml	file
mola_latest_20260917_ws/src/mp2p_icp/mp2p_icp_core/demos/mm-filter_voxelmap_to_gridmap.yaml	localization/mp2p_icp_core/demos/mm-filter_voxelmap_to_gridmap.yaml	file
mola_latest_20260917_ws/src/mp2p_icp/mp2p_icp_core/demos/sm2mm_no_decim_imu.yaml	localization/mp2p_icp_core/demos/sm2mm_no_decim_imu.yaml	file
mola_latest_20260917_ws/src/mp2p_icp/mp2p_icp_core/demos/sm2mm_bonxai_voxelmap.yaml	localization/mp2p_icp_core/demos/sm2mm_bonxai_voxelmap.yaml	file
mola_latest_20260917_ws/src/mp2p_icp/mp2p_icp_core/demos/sm2mm_bonxai_voxelmap_gridmap.yaml	localization/mp2p_icp_core/demos/sm2mm_bonxai_voxelmap_gridmap.yaml	file
mola_latest_20260917_ws/src/mp2p_icp/mp2p_icp_core/demos/bunny_decim.xyz.gz	localization/mp2p_icp_core/demos/bunny_decim.xyz.gz	file
mola_latest_20260917_ws/src/mp2p_icp/mp2p_icp_core/demos/mm-filter_create_keyframe_map_layer.yaml	localization/mp2p_icp_core/demos/mm-filter_create_keyframe_map_layer.yaml	file
mola_latest_20260917_ws/src/mp2p_icp/mp2p_icp_core/demos/sm2mm_pointcloud_voxelize.yaml	localization/mp2p_icp_core/demos/sm2mm_pointcloud_voxelize.yaml	file
mola_latest_20260917_ws/src/mp2p_icp/mp2p_icp_core/demos/sm2mm_voxels_static_dynamic_points.yaml	localization/mp2p_icp_core/demos/sm2mm_voxels_static_dynamic_points.yaml	file
mola_latest_20260917_ws/src/mp2p_icp/mp2p_icp_core/demos/sm2mm_no_decim_imu_mls_keyframe_map.yaml	localization/mp2p_icp_core/demos/sm2mm_no_decim_imu_mls_keyframe_map.yaml	file
mola_latest_20260917_ws/src/mp2p_icp/mp2p_icp_core/demos/global_001.mm	localization/mp2p_icp_core/demos/global_001.mm	file
mola_latest_20260917_ws/src/mp2p_icp/mp2p_icp_core/demos/icp-settings-example1.yaml	localization/mp2p_icp_core/demos/icp-settings-example1.yaml	file
mola_latest_20260917_ws/src/mp2p_icp/mp2p_icp_core/demos/icp-settings-kitti.yaml	localization/mp2p_icp_core/demos/icp-settings-kitti.yaml	file
mola_latest_20260917_ws/src/mp2p_icp/mp2p_icp_core/demos/happy_buddha_decim.xyz.gz	localization/mp2p_icp_core/demos/happy_buddha_decim.xyz.gz	file
mola_latest_20260917_ws/src/mp2p_icp/mp2p_icp_core/demos/local_001.mm	localization/mp2p_icp_core/demos/local_001.mm	file
mola_latest_20260917_ws/src/mp2p_icp/mp2p_icp_core/demos/sm2mm_bonxai_voxelmap_gridmap_no_deskew.yaml	localization/mp2p_icp_core/demos/sm2mm_bonxai_voxelmap_gridmap_no_deskew.yaml	file
mola_latest_20260917_ws/src/mp2p_icp/mp2p_icp_core/demos/icp-settings-2d-lidar-example-point2point.yaml	localization/mp2p_icp_core/demos/icp-settings-2d-lidar-example-point2point.yaml	file
mola_latest_20260917_ws/src/mp2p_icp/mp2p_icp_core/demos/icp-settings-2d-lidar-example-point2line.yaml	localization/mp2p_icp_core/demos/icp-settings-2d-lidar-example-point2line.yaml	file
mola_latest_20260917_ws/src/mp2p_icp/mp2p_icp_core/demos/sm2mm_pointcloud_voxelize_keyframe_map.yaml	localization/mp2p_icp_core/demos/sm2mm_pointcloud_voxelize_keyframe_map.yaml	file
mola_latest_20260917_ws/src/mp2p_icp/mp2p_icp_core/tests/test-mp2p_Pairings.cpp	localization/mp2p_icp_core/tests/test-mp2p_Pairings.cpp	file
mola_latest_20260917_ws/src/mp2p_icp/mp2p_icp_core/tests/test-mp2p_PairWeights.cpp	localization/mp2p_icp_core/tests/test-mp2p_PairWeights.cpp	file
mola_latest_20260917_ws/src/mp2p_icp/mp2p_icp_core/tests/test-mp2p_matcher_ndt_blend.cpp	localization/mp2p_icp_core/tests/test-mp2p_matcher_ndt_blend.cpp	file
mola_latest_20260917_ws/src/mp2p_icp/mp2p_icp_core/tests/test-mp2p_Filters.cpp	localization/mp2p_icp_core/tests/test-mp2p_Filters.cpp	file
mola_latest_20260917_ws/src/mp2p_icp/mp2p_icp_core/tests/test-mp2p_FilterVoxelSOR.cpp	localization/mp2p_icp_core/tests/test-mp2p_FilterVoxelSOR.cpp	file
mola_latest_20260917_ws/src/mp2p_icp/mp2p_icp_core/tests/test-mp2p_FilterSOR.cpp	localization/mp2p_icp_core/tests/test-mp2p_FilterSOR.cpp	file
mola_latest_20260917_ws/src/mp2p_icp/mp2p_icp_core/tests/test-mp2p_FilterCurvature.cpp	localization/mp2p_icp_core/tests/test-mp2p_FilterCurvature.cpp	file
mola_latest_20260917_ws/src/mp2p_icp/mp2p_icp_core/tests/test-mp2p_optimize_prior_referenced_kernel.cpp	localization/mp2p_icp_core/tests/test-mp2p_optimize_prior_referenced_kernel.cpp	file
mola_latest_20260917_ws/src/mp2p_icp/mp2p_icp_core/tests/test-mp2p_optimize_pt2pl.cpp	localization/mp2p_icp_core/tests/test-mp2p_optimize_pt2pl.cpp	file
mola_latest_20260917_ws/src/mp2p_icp/mp2p_icp_core/tests/test-mp2p_FilterAbsoluteTimestamp.cpp	localization/mp2p_icp_core/tests/test-mp2p_FilterAbsoluteTimestamp.cpp	file
mola_latest_20260917_ws/src/mp2p_icp/mp2p_icp_core/tests/test-mp2p_FilterPolygon2D.cpp	localization/mp2p_icp_core/tests/test-mp2p_FilterPolygon2D.cpp	file
mola_latest_20260917_ws/src/mp2p_icp/mp2p_icp_core/tests/test-georef-yaml.cpp	localization/mp2p_icp_core/tests/test-georef-yaml.cpp	file
mola_latest_20260917_ws/src/mp2p_icp/mp2p_icp_core/tests/test-mp2p_FilterMerge_view.cpp	localization/mp2p_icp_core/tests/test-mp2p_FilterMerge_view.cpp	file
mola_latest_20260917_ws/src/mp2p_icp/mp2p_icp_core/tests/test-mp2p_gicp_pipeline_benchmark.cpp	localization/mp2p_icp_core/tests/test-mp2p_gicp_pipeline_benchmark.cpp	file
mola_latest_20260917_ws/src/mp2p_icp/mp2p_icp_core/tests/test-mp2p_deskew_empty_buffer.cpp	localization/mp2p_icp_core/tests/test-mp2p_deskew_empty_buffer.cpp	file
mola_latest_20260917_ws/src/mp2p_icp/mp2p_icp_core/tests/test-mp2p_FilterFartherPointSampling.cpp	localization/mp2p_icp_core/tests/test-mp2p_FilterFartherPointSampling.cpp	file
mola_latest_20260917_ws/src/mp2p_icp/mp2p_icp_core/tests/test-mp2p_matcher_points_blend.cpp	localization/mp2p_icp_core/tests/test-mp2p_matcher_points_blend.cpp	file
mola_latest_20260917_ws/src/mp2p_icp/mp2p_icp_core/tests/test-mp2p_FilterDecimate.cpp	localization/mp2p_icp_core/tests/test-mp2p_FilterDecimate.cpp	file
mola_latest_20260917_ws/src/mp2p_icp/mp2p_icp_core/tests/test-mp2p_matcher_pt2ln.cpp	localization/mp2p_icp_core/tests/test-mp2p_matcher_pt2ln.cpp	file
mola_latest_20260917_ws/src/mp2p_icp/mp2p_icp_core/tests/test-mp2p_FilterTransformPointCloud.cpp	localization/mp2p_icp_core/tests/test-mp2p_FilterTransformPointCloud.cpp	file
mola_latest_20260917_ws/src/mp2p_icp/mp2p_icp_core/tests/test-mp2p_robust_kernel_scale.cpp	localization/mp2p_icp_core/tests/test-mp2p_robust_kernel_scale.cpp	file
mola_latest_20260917_ws/src/mp2p_icp/mp2p_icp_core/tests/test-mp2p_optimal_tf_algos.cpp	localization/mp2p_icp_core/tests/test-mp2p_optimal_tf_algos.cpp	file
mola_latest_20260917_ws/src/mp2p_icp/mp2p_icp_core/tests/test-mp2p_FilterByRing.cpp	localization/mp2p_icp_core/tests/test-mp2p_FilterByRing.cpp	file
mola_latest_20260917_ws/src/mp2p_icp/mp2p_icp_core/tests/test-mp2p_generator.cpp	localization/mp2p_icp_core/tests/test-mp2p_generator.cpp	file
mola_latest_20260917_ws/src/mp2p_icp/mp2p_icp_core/tests/test-mp2p_matcher_pt2pt_parameterizable.cpp	localization/mp2p_icp_core/tests/test-mp2p_matcher_pt2pt_parameterizable.cpp	file
mola_latest_20260917_ws/src/mp2p_icp/mp2p_icp_core/tests/test-mp2p_LogRecord.cpp	localization/mp2p_icp_core/tests/test-mp2p_LogRecord.cpp	file
mola_latest_20260917_ws/src/mp2p_icp/mp2p_icp_core/tests/test-mp2p_error_terms_jacobians.cpp	localization/mp2p_icp_core/tests/test-mp2p_error_terms_jacobians.cpp	file
mola_latest_20260917_ws/src/mp2p_icp/mp2p_icp_core/tests/test-mp2p_quality_reproject_ranges.cpp	localization/mp2p_icp_core/tests/test-mp2p_quality_reproject_ranges.cpp	file
mola_latest_20260917_ws/src/mp2p_icp/mp2p_icp_core/tests/test-mp2p_FilterEdgesPlanes.cpp	localization/mp2p_icp_core/tests/test-mp2p_FilterEdgesPlanes.cpp	file
mola_latest_20260917_ws/src/mp2p_icp/mp2p_icp_core/tests/test-mp2p_optimize_cov2cov.cpp	localization/mp2p_icp_core/tests/test-mp2p_optimize_cov2cov.cpp	file
mola_latest_20260917_ws/src/mp2p_icp/mp2p_icp_core/tests/test-mp2p_generator_view_vector.cpp	localization/mp2p_icp_core/tests/test-mp2p_generator_view_vector.cpp	file
mola_latest_20260917_ws/src/mp2p_icp/mp2p_icp_core/tests/test-sm2mm_georef.cpp	localization/mp2p_icp_core/tests/test-sm2mm_georef.cpp	file
mola_latest_20260917_ws/src/mp2p_icp/mp2p_icp_core/tests/test-mp2p_WeightParameters.cpp	localization/mp2p_icp_core/tests/test-mp2p_WeightParameters.cpp	file
mola_latest_20260917_ws/src/mp2p_icp/mp2p_icp_core/tests/test-mp2p_FilterDecimateVoxels.cpp	localization/mp2p_icp_core/tests/test-mp2p_FilterDecimateVoxels.cpp	file
mola_latest_20260917_ws/src/mp2p_icp/mp2p_icp_core/tests/test-mp2p_FilterPoleDetector.cpp	localization/mp2p_icp_core/tests/test-mp2p_FilterPoleDetector.cpp	file
mola_latest_20260917_ws/src/mp2p_icp/mp2p_icp_core/tests/test-mp2p_icp_algos.cpp	localization/mp2p_icp_core/tests/test-mp2p_icp_algos.cpp	file
mola_latest_20260917_ws/src/mp2p_icp/mp2p_icp_core/tests/test-mp2p_deskew.cpp	localization/mp2p_icp_core/tests/test-mp2p_deskew.cpp	file
mola_latest_20260917_ws/src/mp2p_icp/mp2p_icp_core/tests/test-mp2p_gravity_prior.cpp	localization/mp2p_icp_core/tests/test-mp2p_gravity_prior.cpp	file
mola_latest_20260917_ws/src/mp2p_icp/mp2p_icp_core/tests/test-mp2p_viz_non_finite_points.cpp	localization/mp2p_icp_core/tests/test-mp2p_viz_non_finite_points.cpp	file
mola_latest_20260917_ws/src/mp2p_icp/mp2p_icp_core/tests/test-mp2p_map_serialization.cpp	localization/mp2p_icp_core/tests/test-mp2p_map_serialization.cpp	file
mola_latest_20260917_ws/src/mp2p_icp/mp2p_icp_core/tests/test-mp2p_matcher_knn_plane.cpp	localization/mp2p_icp_core/tests/test-mp2p_matcher_knn_plane.cpp	file
mola_latest_20260917_ws/src/mp2p_icp/mp2p_icp_core/tests/test-mp2p_quality_voxels.cpp	localization/mp2p_icp_core/tests/test-mp2p_quality_voxels.cpp	file
mola_latest_20260917_ws/src/mp2p_icp/mp2p_icp_core/tests/test-mp2p_matcher_pt2pt.cpp	localization/mp2p_icp_core/tests/test-mp2p_matcher_pt2pt.cpp	file
mola_latest_20260917_ws/src/mp2p_icp/mp2p_icp_core/tests/CMakeLists.txt	localization/mp2p_icp_core/tests/CMakeLists.txt	file
mola_latest_20260917_ws/src/mp2p_icp/mp2p_icp_core/tests/test-mp2p_georef_yaml.cpp	localization/mp2p_icp_core/tests/test-mp2p_georef_yaml.cpp	file
mola_latest_20260917_ws/src/mp2p_icp/mp2p_icp_core/tests/test-mp2p_class_factory.cpp	localization/mp2p_icp_core/tests/test-mp2p_class_factory.cpp	file
mola_latest_20260917_ws/src/mp2p_icp/mp2p_icp_core/tests/test-mp2p_pipeline_from_yaml.cpp	localization/mp2p_icp_core/tests/test-mp2p_pipeline_from_yaml.cpp	file
mola_latest_20260917_ws/src/mp2p_icp/mp2p_icp_core/tests/test-mp2p_FilterPlanePatches.cpp	localization/mp2p_icp_core/tests/test-mp2p_FilterPlanePatches.cpp	file
mola_latest_20260917_ws/src/mp2p_icp/mp2p_icp_core/tests/test-mp2p_FilterDecimateAdaptive.cpp	localization/mp2p_icp_core/tests/test-mp2p_FilterDecimateAdaptive.cpp	file
mola_latest_20260917_ws/src/mp2p_icp/mp2p_icp_core/tests/test-mp2p_FilterByExpression.cpp	localization/mp2p_icp_core/tests/test-mp2p_FilterByExpression.cpp	file
mola_latest_20260917_ws/src/mp2p_icp/mp2p_icp_core/tests/test-mp2p_censi3d_covariance.cpp	localization/mp2p_icp_core/tests/test-mp2p_censi3d_covariance.cpp	file
mola_latest_20260917_ws/src/mp2p_icp/mp2p_icp_core/tests/test-mp2p_optimize_pt2ln.cpp	localization/mp2p_icp_core/tests/test-mp2p_optimize_pt2ln.cpp	file
mola_latest_20260917_ws/src/mp2p_icp/mp2p_icp_core/tests/test-mp2p_FilterRemovePointCloudField.cpp	localization/mp2p_icp_core/tests/test-mp2p_FilterRemovePointCloudField.cpp	file
mola_latest_20260917_ws/src/mp2p_icp/mp2p_icp_core/tests/test-mp2p_FilterDecimateRangeAdaptive.cpp	localization/mp2p_icp_core/tests/test-mp2p_FilterDecimateRangeAdaptive.cpp	file
mola_latest_20260917_ws/src/mp2p_icp/mp2p_icp_core/tests/test-mp2p_optimize_with_prior.cpp	localization/mp2p_icp_core/tests/test-mp2p_optimize_with_prior.cpp	file
mola_latest_20260917_ws/src/mp2p_icp/mp2p_icp_core/tests/test-mp2p_estimate_points_eigen.cpp	localization/mp2p_icp_core/tests/test-mp2p_estimate_points_eigen.cpp	file
mola_latest_20260917_ws/src/mp2p_icp/mp2p_icp_core/tests/test-mp2p_optimize_cov2cov_with_prior.cpp	localization/mp2p_icp_core/tests/test-mp2p_optimize_cov2cov_with_prior.cpp	file
mola_latest_20260917_ws/src/mp2p_icp/mp2p_icp_core/tests/test-mp2p_PointCloudRobustRange.cpp	localization/mp2p_icp_core/tests/test-mp2p_PointCloudRobustRange.cpp	file
mola_latest_20260917_ws/src/mp2p_icp/mp2p_icp_core/tests/test-mp2p_matcher_pt2pl.cpp	localization/mp2p_icp_core/tests/test-mp2p_matcher_pt2pl.cpp	file
mola_latest_20260917_ws/src/mp2p_icp/mp2p_icp_core/tests/test-mp2p_FilterByRange.cpp	localization/mp2p_icp_core/tests/test-mp2p_FilterByRange.cpp	file
mola_latest_20260917_ws/src/mp2p_icp/mp2p_icp_core/tests/test-mp2p_FilterByIntensity.cpp	localization/mp2p_icp_core/tests/test-mp2p_FilterByIntensity.cpp	file
mola_latest_20260917_ws/src/mp2p_icp/mp2p_icp_core/tests/test-mp2p_FilterRenameLayer.cpp	localization/mp2p_icp_core/tests/test-mp2p_FilterRenameLayer.cpp	file
mola_latest_20260917_ws/src/mp2p_icp/mp2p_icp_core/tests/test-mp2p_cov2cov.cpp	localization/mp2p_icp_core/tests/test-mp2p_cov2cov.cpp	file
mola_latest_20260917_ws/src/mp2p_icp/mp2p_icp_core/tests/test-mp2p_FilterClear.cpp	localization/mp2p_icp_core/tests/test-mp2p_FilterClear.cpp	file
mola_latest_20260917_ws/src/mp2p_icp/mp2p_icp_core/apps/txt2mm/main.cpp	localization/mp2p_icp_core/apps/txt2mm/main.cpp	file
mola_latest_20260917_ws/src/mp2p_icp/mp2p_icp_core/apps/txt2mm/README.md	localization/mp2p_icp_core/apps/txt2mm/README.md	file
mola_latest_20260917_ws/src/mp2p_icp/mp2p_icp_core/apps/txt2mm/CMakeLists.txt	localization/mp2p_icp_core/apps/txt2mm/CMakeLists.txt	file
mola_latest_20260917_ws/src/mp2p_icp/mp2p_icp_core/apps/mm2grid/main.cpp	localization/mp2p_icp_core/apps/mm2grid/main.cpp	file
mola_latest_20260917_ws/src/mp2p_icp/mp2p_icp_core/apps/mm2grid/CMakeLists.txt	localization/mp2p_icp_core/apps/mm2grid/CMakeLists.txt	file
mola_latest_20260917_ws/src/mp2p_icp/mp2p_icp_core/apps/mm2txt/main.cpp	localization/mp2p_icp_core/apps/mm2txt/main.cpp	file
mola_latest_20260917_ws/src/mp2p_icp/mp2p_icp_core/apps/mm2txt/README.md	localization/mp2p_icp_core/apps/mm2txt/README.md	file
mola_latest_20260917_ws/src/mp2p_icp/mp2p_icp_core/apps/mm2txt/CMakeLists.txt	localization/mp2p_icp_core/apps/mm2txt/CMakeLists.txt	file
mola_latest_20260917_ws/src/mp2p_icp/mp2p_icp_core/apps/mm2las/main.cpp	localization/mp2p_icp_core/apps/mm2las/main.cpp	file
mola_latest_20260917_ws/src/mp2p_icp/mp2p_icp_core/apps/mm2las/README.md	localization/mp2p_icp_core/apps/mm2las/README.md	file
mola_latest_20260917_ws/src/mp2p_icp/mp2p_icp_core/apps/mm2las/CMakeLists.txt	localization/mp2p_icp_core/apps/mm2las/CMakeLists.txt	file
mola_latest_20260917_ws/src/mp2p_icp/mp2p_icp_core/apps/mm2ply/main.cpp	localization/mp2p_icp_core/apps/mm2ply/main.cpp	file
mola_latest_20260917_ws/src/mp2p_icp/mp2p_icp_core/apps/mm2ply/README.md	localization/mp2p_icp_core/apps/mm2ply/README.md	file
mola_latest_20260917_ws/src/mp2p_icp/mp2p_icp_core/apps/mm2ply/CMakeLists.txt	localization/mp2p_icp_core/apps/mm2ply/CMakeLists.txt	file
mola_latest_20260917_ws/src/mp2p_icp/mp2p_icp_core/apps/mm-filter/main.cpp	localization/mp2p_icp_core/apps/mm-filter/main.cpp	file
mola_latest_20260917_ws/src/mp2p_icp/mp2p_icp_core/apps/mm-filter/README.md	localization/mp2p_icp_core/apps/mm-filter/README.md	file
mola_latest_20260917_ws/src/mp2p_icp/mp2p_icp_core/apps/mm-filter/CMakeLists.txt	localization/mp2p_icp_core/apps/mm-filter/CMakeLists.txt	file
mola_latest_20260917_ws/src/mp2p_icp/mp2p_icp_core/apps/mm-georef/main.cpp	localization/mp2p_icp_core/apps/mm-georef/main.cpp	file
mola_latest_20260917_ws/src/mp2p_icp/mp2p_icp_core/apps/mm-georef/README.md	localization/mp2p_icp_core/apps/mm-georef/README.md	file
mola_latest_20260917_ws/src/mp2p_icp/mp2p_icp_core/apps/mm-georef/CMakeLists.txt	localization/mp2p_icp_core/apps/mm-georef/CMakeLists.txt	file
mola_latest_20260917_ws/src/mp2p_icp/mp2p_icp_core/apps/mm-info/main.cpp	localization/mp2p_icp_core/apps/mm-info/main.cpp	file
mola_latest_20260917_ws/src/mp2p_icp/mp2p_icp_core/apps/mm-info/README.md	localization/mp2p_icp_core/apps/mm-info/README.md	file
mola_latest_20260917_ws/src/mp2p_icp/mp2p_icp_core/apps/mm-info/CMakeLists.txt	localization/mp2p_icp_core/apps/mm-info/CMakeLists.txt	file
mola_latest_20260917_ws/src/mp2p_icp/mp2p_icp_core/apps/CMakeLists.txt	localization/mp2p_icp_core/apps/CMakeLists.txt	file
mola_latest_20260917_ws/src/mp2p_icp/mp2p_icp_core/apps/sm-cli/sm-cli-export-rawlog.cpp	localization/mp2p_icp_core/apps/sm-cli/sm-cli-export-rawlog.cpp	file
mola_latest_20260917_ws/src/mp2p_icp/mp2p_icp_core/apps/sm-cli/sm-cli-trim.cpp	localization/mp2p_icp_core/apps/sm-cli/sm-cli-trim.cpp	file
mola_latest_20260917_ws/src/mp2p_icp/mp2p_icp_core/apps/sm-cli/sm-cli-info.cpp	localization/mp2p_icp_core/apps/sm-cli/sm-cli-info.cpp	file
mola_latest_20260917_ws/src/mp2p_icp/mp2p_icp_core/apps/sm-cli/sm-cli-tf.cpp	localization/mp2p_icp_core/apps/sm-cli/sm-cli-tf.cpp	file
mola_latest_20260917_ws/src/mp2p_icp/mp2p_icp_core/apps/sm-cli/README.md	localization/mp2p_icp_core/apps/sm-cli/README.md	file
mola_latest_20260917_ws/src/mp2p_icp/mp2p_icp_core/apps/sm-cli/sm-cli.h	localization/mp2p_icp_core/apps/sm-cli/sm-cli.h	file
mola_latest_20260917_ws/src/mp2p_icp/mp2p_icp_core/apps/sm-cli/sm-cli-export-kfs.cpp	localization/mp2p_icp_core/apps/sm-cli/sm-cli-export-kfs.cpp	file
mola_latest_20260917_ws/src/mp2p_icp/mp2p_icp_core/apps/sm-cli/sm-cli-level.cpp	localization/mp2p_icp_core/apps/sm-cli/sm-cli-level.cpp	file
mola_latest_20260917_ws/src/mp2p_icp/mp2p_icp_core/apps/sm-cli/CMakeLists.txt	localization/mp2p_icp_core/apps/sm-cli/CMakeLists.txt	file
mola_latest_20260917_ws/src/mp2p_icp/mp2p_icp_core/apps/sm-cli/sm-cli-join.cpp	localization/mp2p_icp_core/apps/sm-cli/sm-cli-join.cpp	file
mola_latest_20260917_ws/src/mp2p_icp/mp2p_icp_core/apps/sm-cli/sm-cli-cut.cpp	localization/mp2p_icp_core/apps/sm-cli/sm-cli-cut.cpp	file
mola_latest_20260917_ws/src/mp2p_icp/mp2p_icp_core/apps/sm-cli/sm-cli-main.cpp	localization/mp2p_icp_core/apps/sm-cli/sm-cli-main.cpp	file
mola_latest_20260917_ws/src/mp2p_icp/mp2p_icp_core/apps/sm2mm/main.cpp	localization/mp2p_icp_core/apps/sm2mm/main.cpp	file
mola_latest_20260917_ws/src/mp2p_icp/mp2p_icp_core/apps/sm2mm/README.md	localization/mp2p_icp_core/apps/sm2mm/README.md	file
mola_latest_20260917_ws/src/mp2p_icp/mp2p_icp_core/apps/sm2mm/CMakeLists.txt	localization/mp2p_icp_core/apps/sm2mm/CMakeLists.txt	file
mola_latest_20260917_ws/src/mp2p_icp/mp2p_icp_core/apps/icp-run/main.cpp	localization/mp2p_icp_core/apps/icp-run/main.cpp	file
mola_latest_20260917_ws/src/mp2p_icp/mp2p_icp_core/apps/icp-run/CMakeLists.txt	localization/mp2p_icp_core/apps/icp-run/CMakeLists.txt	file
mola_latest_20260917_ws/src/mp2p_icp/mp2p_icp_core/apps/rawlog-filter/main.cpp	localization/mp2p_icp_core/apps/rawlog-filter/main.cpp	file
mola_latest_20260917_ws/src/mp2p_icp/mp2p_icp_core/apps/rawlog-filter/README.md	localization/mp2p_icp_core/apps/rawlog-filter/README.md	file
mola_latest_20260917_ws/src/mp2p_icp/mp2p_icp_core/apps/rawlog-filter/CMakeLists.txt	localization/mp2p_icp_core/apps/rawlog-filter/CMakeLists.txt	file
mola_latest_20260917_ws/src/mp2p_icp/mp2p_icp_core/apps/kitti2mm/main.cpp	localization/mp2p_icp_core/apps/kitti2mm/main.cpp	file
mola_latest_20260917_ws/src/mp2p_icp/mp2p_icp_core/apps/kitti2mm/CMakeLists.txt	localization/mp2p_icp_core/apps/kitti2mm/CMakeLists.txt	file
mola_latest_20260917_ws/src/mp2p_icp/mp2p_icp_core/CMakeLists.txt	localization/mp2p_icp_core/CMakeLists.txt	file
mola_latest_20260917_ws/src/mp2p_icp/mp2p_icp_core/mp2p_icp/src/pt2ln_pl_to_pt2pt.cpp	localization/mp2p_icp_core/mp2p_icp/src/pt2ln_pl_to_pt2pt.cpp	file
mola_latest_20260917_ws/src/mp2p_icp/mp2p_icp_core/mp2p_icp/src/Matcher_Points_Blend.cpp	localization/mp2p_icp_core/mp2p_icp/src/Matcher_Points_Blend.cpp	file
mola_latest_20260917_ws/src/mp2p_icp/mp2p_icp_core/mp2p_icp/src/PairWeights.cpp	localization/mp2p_icp_core/mp2p_icp/src/PairWeights.cpp	file
mola_latest_20260917_ws/src/mp2p_icp/mp2p_icp_core/mp2p_icp/src/Matcher_Point2Line.cpp	localization/mp2p_icp_core/mp2p_icp/src/Matcher_Point2Line.cpp	file
mola_latest_20260917_ws/src/mp2p_icp/mp2p_icp_core/mp2p_icp/src/Results.cpp	localization/mp2p_icp_core/mp2p_icp/src/Results.cpp	file
mola_latest_20260917_ws/src/mp2p_icp/mp2p_icp_core/mp2p_icp/src/Matcher_Points_Base.cpp	localization/mp2p_icp_core/mp2p_icp/src/Matcher_Points_Base.cpp	file
mola_latest_20260917_ws/src/mp2p_icp/mp2p_icp_core/mp2p_icp/src/Matcher_Points_KnnPlane.cpp	localization/mp2p_icp_core/mp2p_icp/src/Matcher_Points_KnnPlane.cpp	file
mola_latest_20260917_ws/src/mp2p_icp/mp2p_icp_core/mp2p_icp/src/Matcher_Adaptive.cpp	localization/mp2p_icp_core/mp2p_icp/src/Matcher_Adaptive.cpp	file
mola_latest_20260917_ws/src/mp2p_icp/mp2p_icp_core/mp2p_icp/src/LogRecord.cpp	localization/mp2p_icp_core/mp2p_icp/src/LogRecord.cpp	file
mola_latest_20260917_ws/src/mp2p_icp/mp2p_icp_core/mp2p_icp/src/GravityPrior.cpp	localization/mp2p_icp_core/mp2p_icp/src/GravityPrior.cpp	file
mola_latest_20260917_ws/src/mp2p_icp/mp2p_icp_core/mp2p_icp/src/Parameters.cpp	localization/mp2p_icp_core/mp2p_icp/src/Parameters.cpp	file
mola_latest_20260917_ws/src/mp2p_icp/mp2p_icp_core/mp2p_icp/src/QualityEvaluator_Voxels.cpp	localization/mp2p_icp_core/mp2p_icp/src/QualityEvaluator_Voxels.cpp	file
mola_latest_20260917_ws/src/mp2p_icp/mp2p_icp_core/mp2p_icp/src/register.cpp	localization/mp2p_icp_core/mp2p_icp/src/register.cpp	file
mola_latest_20260917_ws/src/mp2p_icp/mp2p_icp_core/mp2p_icp/src/optimal_tf_gauss_newton.cpp	localization/mp2p_icp_core/mp2p_icp/src/optimal_tf_gauss_newton.cpp	file
mola_latest_20260917_ws/src/mp2p_icp/mp2p_icp_core/mp2p_icp/src/covariance.cpp	localization/mp2p_icp_core/mp2p_icp/src/covariance.cpp	file
mola_latest_20260917_ws/src/mp2p_icp/mp2p_icp_core/mp2p_icp/src/icp_pipeline_from_yaml.cpp	localization/mp2p_icp_core/mp2p_icp/src/icp_pipeline_from_yaml.cpp	file
mola_latest_20260917_ws/src/mp2p_icp/mp2p_icp_core/mp2p_icp/src/visit_correspondences.h	localization/mp2p_icp_core/mp2p_icp/src/visit_correspondences.h	file
mola_latest_20260917_ws/src/mp2p_icp/mp2p_icp_core/mp2p_icp/src/WeightParameters.cpp	localization/mp2p_icp_core/mp2p_icp/src/WeightParameters.cpp	file
mola_latest_20260917_ws/src/mp2p_icp/mp2p_icp_core/mp2p_icp/src/QualityEvaluator.cpp	localization/mp2p_icp_core/mp2p_icp/src/QualityEvaluator.cpp	file
mola_latest_20260917_ws/src/mp2p_icp/mp2p_icp_core/mp2p_icp/src/Matcher_Points_DistanceThreshold.cpp	localization/mp2p_icp_core/mp2p_icp/src/Matcher_Points_DistanceThreshold.cpp	file
mola_latest_20260917_ws/src/mp2p_icp/mp2p_icp_core/mp2p_icp/src/optimal_tf_olae.cpp	localization/mp2p_icp_core/mp2p_icp/src/optimal_tf_olae.cpp	file
mola_latest_20260917_ws/src/mp2p_icp/mp2p_icp_core/mp2p_icp/src/optimal_tf_horn.cpp	localization/mp2p_icp_core/mp2p_icp/src/optimal_tf_horn.cpp	file
mola_latest_20260917_ws/src/mp2p_icp/mp2p_icp_core/mp2p_icp/src/errorTerms.cpp	localization/mp2p_icp_core/mp2p_icp/src/errorTerms.cpp	file
mola_latest_20260917_ws/src/mp2p_icp/mp2p_icp_core/mp2p_icp/src/QualityEvaluator_PairedRatio.cpp	localization/mp2p_icp_core/mp2p_icp/src/QualityEvaluator_PairedRatio.cpp	file
mola_latest_20260917_ws/src/mp2p_icp/mp2p_icp_core/mp2p_icp/src/Matcher_Points_InlierRatio.cpp	localization/mp2p_icp_core/mp2p_icp/src/Matcher_Points_InlierRatio.cpp	file
mola_latest_20260917_ws/src/mp2p_icp/mp2p_icp_core/mp2p_icp/src/Matcher_Cov2Cov.cpp	localization/mp2p_icp_core/mp2p_icp/src/Matcher_Cov2Cov.cpp	file
mola_latest_20260917_ws/src/mp2p_icp/mp2p_icp_core/mp2p_icp/src/Solver_GaussNewton.cpp	localization/mp2p_icp_core/mp2p_icp/src/Solver_GaussNewton.cpp	file
mola_latest_20260917_ws/src/mp2p_icp/mp2p_icp_core/mp2p_icp/src/QualityEvaluator_RangeImageSimilarity.cpp	localization/mp2p_icp_core/mp2p_icp/src/QualityEvaluator_RangeImageSimilarity.cpp	file
mola_latest_20260917_ws/src/mp2p_icp/mp2p_icp_core/mp2p_icp/src/Matcher_Point2Plane.cpp	localization/mp2p_icp_core/mp2p_icp/src/Matcher_Point2Plane.cpp	file
mola_latest_20260917_ws/src/mp2p_icp/mp2p_icp_core/mp2p_icp/src/Matcher.cpp	localization/mp2p_icp_core/mp2p_icp/src/Matcher.cpp	file
mola_latest_20260917_ws/src/mp2p_icp/mp2p_icp_core/mp2p_icp/src/Solver_Horn.cpp	localization/mp2p_icp_core/mp2p_icp/src/Solver_Horn.cpp	file
mola_latest_20260917_ws/src/mp2p_icp/mp2p_icp_core/mp2p_icp/src/Solver_OLAE.cpp	localization/mp2p_icp_core/mp2p_icp/src/Solver_OLAE.cpp	file
mola_latest_20260917_ws/src/mp2p_icp/mp2p_icp_core/mp2p_icp/src/Matcher_NDT_Blend.cpp	localization/mp2p_icp_core/mp2p_icp/src/Matcher_NDT_Blend.cpp	file
mola_latest_20260917_ws/src/mp2p_icp/mp2p_icp_core/mp2p_icp/src/Pairings.cpp	localization/mp2p_icp_core/mp2p_icp/src/Pairings.cpp	file
mola_latest_20260917_ws/src/mp2p_icp/mp2p_icp_core/mp2p_icp/src/Solver.cpp	localization/mp2p_icp_core/mp2p_icp/src/Solver.cpp	file
mola_latest_20260917_ws/src/mp2p_icp/mp2p_icp_core/mp2p_icp/src/ICP.cpp	localization/mp2p_icp_core/mp2p_icp/src/ICP.cpp	file
mola_latest_20260917_ws/src/mp2p_icp/mp2p_icp_core/mp2p_icp/CMakeLists.txt	localization/mp2p_icp_core/mp2p_icp/CMakeLists.txt	file
mola_latest_20260917_ws/src/mp2p_icp/mp2p_icp_core/mp2p_icp/include/mp2p_icp/robust_kernels.h	localization/mp2p_icp_core/mp2p_icp/include/mp2p_icp/robust_kernels.h	file
mola_latest_20260917_ws/src/mp2p_icp/mp2p_icp_core/mp2p_icp/include/mp2p_icp/Matcher_Points_DistanceThreshold.h	localization/mp2p_icp_core/mp2p_icp/include/mp2p_icp/Matcher_Points_DistanceThreshold.h	file
mola_latest_20260917_ws/src/mp2p_icp/mp2p_icp_core/mp2p_icp/include/mp2p_icp/Solver.h	localization/mp2p_icp_core/mp2p_icp/include/mp2p_icp/Solver.h	file
mola_latest_20260917_ws/src/mp2p_icp/mp2p_icp_core/mp2p_icp/include/mp2p_icp/optimal_tf_horn.h	localization/mp2p_icp_core/mp2p_icp/include/mp2p_icp/optimal_tf_horn.h	file
mola_latest_20260917_ws/src/mp2p_icp/mp2p_icp_core/mp2p_icp/include/mp2p_icp/Matcher_Points_KnnPlane.h	localization/mp2p_icp_core/mp2p_icp/include/mp2p_icp/Matcher_Points_KnnPlane.h	file
mola_latest_20260917_ws/src/mp2p_icp/mp2p_icp_core/mp2p_icp/include/mp2p_icp/Matcher_Points_InlierRatio.h	localization/mp2p_icp_core/mp2p_icp/include/mp2p_icp/Matcher_Points_InlierRatio.h	file
mola_latest_20260917_ws/src/mp2p_icp/mp2p_icp_core/mp2p_icp/include/mp2p_icp/OptimalTF_Result.h	localization/mp2p_icp_core/mp2p_icp/include/mp2p_icp/OptimalTF_Result.h	file
mola_latest_20260917_ws/src/mp2p_icp/mp2p_icp_core/mp2p_icp/include/mp2p_icp/Matcher_Points_Blend.h	localization/mp2p_icp_core/mp2p_icp/include/mp2p_icp/Matcher_Points_Blend.h	file
mola_latest_20260917_ws/src/mp2p_icp/mp2p_icp_core/mp2p_icp/include/mp2p_icp/optimal_tf_gauss_newton.h	localization/mp2p_icp_core/mp2p_icp/include/mp2p_icp/optimal_tf_gauss_newton.h	file
mola_latest_20260917_ws/src/mp2p_icp/mp2p_icp_core/mp2p_icp/include/mp2p_icp/WeightParameters.h	localization/mp2p_icp_core/mp2p_icp/include/mp2p_icp/WeightParameters.h	file
mola_latest_20260917_ws/src/mp2p_icp/mp2p_icp_core/mp2p_icp/include/mp2p_icp/Matcher_Points_Base.h	localization/mp2p_icp_core/mp2p_icp/include/mp2p_icp/Matcher_Points_Base.h	file
mola_latest_20260917_ws/src/mp2p_icp/mp2p_icp_core/mp2p_icp/include/mp2p_icp/Matcher_Cov2Cov.h	localization/mp2p_icp_core/mp2p_icp/include/mp2p_icp/Matcher_Cov2Cov.h	file
mola_latest_20260917_ws/src/mp2p_icp/mp2p_icp_core/mp2p_icp/include/mp2p_icp/Results.h	localization/mp2p_icp_core/mp2p_icp/include/mp2p_icp/Results.h	file
mola_latest_20260917_ws/src/mp2p_icp/mp2p_icp_core/mp2p_icp/include/mp2p_icp/PairWeights.h	localization/mp2p_icp_core/mp2p_icp/include/mp2p_icp/PairWeights.h	file
mola_latest_20260917_ws/src/mp2p_icp/mp2p_icp_core/mp2p_icp/include/mp2p_icp/QualityEvaluator_Voxels.h	localization/mp2p_icp_core/mp2p_icp/include/mp2p_icp/QualityEvaluator_Voxels.h	file
mola_latest_20260917_ws/src/mp2p_icp/mp2p_icp_core/mp2p_icp/include/mp2p_icp/Parameters.h	localization/mp2p_icp_core/mp2p_icp/include/mp2p_icp/Parameters.h	file
mola_latest_20260917_ws/src/mp2p_icp/mp2p_icp_core/mp2p_icp/include/mp2p_icp/Matcher_Point2Plane.h	localization/mp2p_icp_core/mp2p_icp/include/mp2p_icp/Matcher_Point2Plane.h	file
mola_latest_20260917_ws/src/mp2p_icp/mp2p_icp_core/mp2p_icp/include/mp2p_icp/covariance.h	localization/mp2p_icp_core/mp2p_icp/include/mp2p_icp/covariance.h	file
mola_latest_20260917_ws/src/mp2p_icp/mp2p_icp_core/mp2p_icp/include/mp2p_icp/IterTermReason.h	localization/mp2p_icp_core/mp2p_icp/include/mp2p_icp/IterTermReason.h	file
mola_latest_20260917_ws/src/mp2p_icp/mp2p_icp_core/mp2p_icp/include/mp2p_icp/pt2ln_pl_to_pt2pt.h	localization/mp2p_icp_core/mp2p_icp/include/mp2p_icp/pt2ln_pl_to_pt2pt.h	file
mola_latest_20260917_ws/src/mp2p_icp/mp2p_icp_core/mp2p_icp/include/mp2p_icp/Matcher.h	localization/mp2p_icp_core/mp2p_icp/include/mp2p_icp/Matcher.h	file
mola_latest_20260917_ws/src/mp2p_icp/mp2p_icp_core/mp2p_icp/include/mp2p_icp/QualityEvaluator.h	localization/mp2p_icp_core/mp2p_icp/include/mp2p_icp/QualityEvaluator.h	file
mola_latest_20260917_ws/src/mp2p_icp/mp2p_icp_core/mp2p_icp/include/mp2p_icp/Solver_OLAE.h	localization/mp2p_icp_core/mp2p_icp/include/mp2p_icp/Solver_OLAE.h	file
mola_latest_20260917_ws/src/mp2p_icp/mp2p_icp_core/mp2p_icp/include/mp2p_icp/GravityPrior.h	localization/mp2p_icp_core/mp2p_icp/include/mp2p_icp/GravityPrior.h	file
mola_latest_20260917_ws/src/mp2p_icp/mp2p_icp_core/mp2p_icp/include/mp2p_icp/QualityEvaluator_RangeImageSimilarity.h	localization/mp2p_icp_core/mp2p_icp/include/mp2p_icp/QualityEvaluator_RangeImageSimilarity.h	file
mola_latest_20260917_ws/src/mp2p_icp/mp2p_icp_core/mp2p_icp/include/mp2p_icp/Matcher_NDT_Blend.h	localization/mp2p_icp_core/mp2p_icp/include/mp2p_icp/Matcher_NDT_Blend.h	file
mola_latest_20260917_ws/src/mp2p_icp/mp2p_icp_core/mp2p_icp/include/mp2p_icp/ICP.h	localization/mp2p_icp_core/mp2p_icp/include/mp2p_icp/ICP.h	file
mola_latest_20260917_ws/src/mp2p_icp/mp2p_icp_core/mp2p_icp/include/mp2p_icp/Solver_GaussNewton.h	localization/mp2p_icp_core/mp2p_icp/include/mp2p_icp/Solver_GaussNewton.h	file
mola_latest_20260917_ws/src/mp2p_icp/mp2p_icp_core/mp2p_icp/include/mp2p_icp/optimal_tf_olae.h	localization/mp2p_icp_core/mp2p_icp/include/mp2p_icp/optimal_tf_olae.h	file
mola_latest_20260917_ws/src/mp2p_icp/mp2p_icp_core/mp2p_icp/include/mp2p_icp/Matcher_Point2Line.h	localization/mp2p_icp_core/mp2p_icp/include/mp2p_icp/Matcher_Point2Line.h	file
mola_latest_20260917_ws/src/mp2p_icp/mp2p_icp_core/mp2p_icp/include/mp2p_icp/Solver_Horn.h	localization/mp2p_icp_core/mp2p_icp/include/mp2p_icp/Solver_Horn.h	file
mola_latest_20260917_ws/src/mp2p_icp/mp2p_icp_core/mp2p_icp/include/mp2p_icp/icp_pipeline_from_yaml.h	localization/mp2p_icp_core/mp2p_icp/include/mp2p_icp/icp_pipeline_from_yaml.h	file
mola_latest_20260917_ws/src/mp2p_icp/mp2p_icp_core/mp2p_icp/include/mp2p_icp/QualityEvaluator_PairedRatio.h	localization/mp2p_icp_core/mp2p_icp/include/mp2p_icp/QualityEvaluator_PairedRatio.h	file
mola_latest_20260917_ws/src/mp2p_icp/mp2p_icp_core/mp2p_icp/include/mp2p_icp/LogRecord.h	localization/mp2p_icp_core/mp2p_icp/include/mp2p_icp/LogRecord.h	file
mola_latest_20260917_ws/src/mp2p_icp/mp2p_icp_core/mp2p_icp/include/mp2p_icp/Pairings.h	localization/mp2p_icp_core/mp2p_icp/include/mp2p_icp/Pairings.h	file
mola_latest_20260917_ws/src/mp2p_icp/mp2p_icp_core/mp2p_icp/include/mp2p_icp/Matcher_Adaptive.h	localization/mp2p_icp_core/mp2p_icp/include/mp2p_icp/Matcher_Adaptive.h	file
mola_latest_20260917_ws/src/mp2p_icp/mp2p_icp_core/mp2p_icp/include/mp2p_icp/errorTerms.h	localization/mp2p_icp_core/mp2p_icp/include/mp2p_icp/errorTerms.h	file
mola_latest_20260917_ws/src/mp2p_icp/mp2p_icp_core/mp2p_icp_filters/src/FilterAdjustTimestamps.cpp	localization/mp2p_icp_core/mp2p_icp_filters/src/FilterAdjustTimestamps.cpp	file
mola_latest_20260917_ws/src/mp2p_icp/mp2p_icp_core/mp2p_icp_filters/src/sm2mm.cpp	localization/mp2p_icp_core/mp2p_icp_filters/src/sm2mm.cpp	file
mola_latest_20260917_ws/src/mp2p_icp/mp2p_icp_core/mp2p_icp_filters/src/FilterRenameLayer.cpp	localization/mp2p_icp_core/mp2p_icp_filters/src/FilterRenameLayer.cpp	file
mola_latest_20260917_ws/src/mp2p_icp/mp2p_icp_core/mp2p_icp_filters/src/FilterDecimateVoxels.cpp	localization/mp2p_icp_core/mp2p_icp_filters/src/FilterDecimateVoxels.cpp	file
mola_latest_20260917_ws/src/mp2p_icp/mp2p_icp_core/mp2p_icp_filters/src/FilterByIntensity.cpp	localization/mp2p_icp_core/mp2p_icp_filters/src/FilterByIntensity.cpp	file
mola_latest_20260917_ws/src/mp2p_icp/mp2p_icp_core/mp2p_icp_filters/src/Generator_view_vector_impl.h	localization/mp2p_icp_core/mp2p_icp_filters/src/Generator_view_vector_impl.h	file
mola_latest_20260917_ws/src/mp2p_icp/mp2p_icp_core/mp2p_icp_filters/src/FilterVoxelSlice.cpp	localization/mp2p_icp_core/mp2p_icp_filters/src/FilterVoxelSlice.cpp	file
mola_latest_20260917_ws/src/mp2p_icp/mp2p_icp_core/mp2p_icp_filters/src/FilterRemovePointCloudField.cpp	localization/mp2p_icp_core/mp2p_icp_filters/src/FilterRemovePointCloudField.cpp	file
mola_latest_20260917_ws/src/mp2p_icp/mp2p_icp_core/mp2p_icp_filters/src/FilterMerge.cpp	localization/mp2p_icp_core/mp2p_icp_filters/src/FilterMerge.cpp	file
mola_latest_20260917_ws/src/mp2p_icp/mp2p_icp_core/mp2p_icp_filters/src/FilterPlanePatches.cpp	localization/mp2p_icp_core/mp2p_icp_filters/src/FilterPlanePatches.cpp	file
mola_latest_20260917_ws/src/mp2p_icp/mp2p_icp_core/mp2p_icp_filters/src/PointCloudToVoxelGrid.cpp	localization/mp2p_icp_core/mp2p_icp_filters/src/PointCloudToVoxelGrid.cpp	file
mola_latest_20260917_ws/src/mp2p_icp/mp2p_icp_core/mp2p_icp_filters/src/Generator.cpp	localization/mp2p_icp_core/mp2p_icp_filters/src/Generator.cpp	file
mola_latest_20260917_ws/src/mp2p_icp/mp2p_icp_core/mp2p_icp_filters/src/FilterDecimateAdaptive.cpp	localization/mp2p_icp_core/mp2p_icp_filters/src/FilterDecimateAdaptive.cpp	file
mola_latest_20260917_ws/src/mp2p_icp/mp2p_icp_core/mp2p_icp_filters/src/FilterBase.cpp	localization/mp2p_icp_core/mp2p_icp_filters/src/FilterBase.cpp	file
mola_latest_20260917_ws/src/mp2p_icp/mp2p_icp_core/mp2p_icp_filters/src/FilterDecimate.cpp	localization/mp2p_icp_core/mp2p_icp_filters/src/FilterDecimate.cpp	file
mola_latest_20260917_ws/src/mp2p_icp/mp2p_icp_core/mp2p_icp_filters/src/Generator_view_vector_sse2.cpp	localization/mp2p_icp_core/mp2p_icp_filters/src/Generator_view_vector_sse2.cpp	file
mola_latest_20260917_ws/src/mp2p_icp/mp2p_icp_core/mp2p_icp_filters/src/FilterMLS.cpp	localization/mp2p_icp_core/mp2p_icp_filters/src/FilterMLS.cpp	file
mola_latest_20260917_ws/src/mp2p_icp/mp2p_icp_core/mp2p_icp_filters/src/CreateMetricMapFromDefinition.cpp	localization/mp2p_icp_core/mp2p_icp_filters/src/CreateMetricMapFromDefinition.cpp	file
mola_latest_20260917_ws/src/mp2p_icp/mp2p_icp_core/mp2p_icp_filters/src/FilterSOR.cpp	localization/mp2p_icp_core/mp2p_icp_filters/src/FilterSOR.cpp	file
mola_latest_20260917_ws/src/mp2p_icp/mp2p_icp_core/mp2p_icp_filters/src/FilterTransformPointCloud.cpp	localization/mp2p_icp_core/mp2p_icp_filters/src/FilterTransformPointCloud.cpp	file
mola_latest_20260917_ws/src/mp2p_icp/mp2p_icp_core/mp2p_icp_filters/src/register.cpp	localization/mp2p_icp_core/mp2p_icp_filters/src/register.cpp	file
mola_latest_20260917_ws/src/mp2p_icp/mp2p_icp_core/mp2p_icp_filters/src/PointCloudRobustRange.cpp	localization/mp2p_icp_core/mp2p_icp_filters/src/PointCloudRobustRange.cpp	file
mola_latest_20260917_ws/src/mp2p_icp/mp2p_icp_core/mp2p_icp_filters/src/PointCloudToVoxelGridSingle.cpp	localization/mp2p_icp_core/mp2p_icp_filters/src/PointCloudToVoxelGridSingle.cpp	file
mola_latest_20260917_ws/src/mp2p_icp/mp2p_icp_core/mp2p_icp_filters/src/FilterDeleteLayer.cpp	localization/mp2p_icp_core/mp2p_icp_filters/src/FilterDeleteLayer.cpp	file
mola_latest_20260917_ws/src/mp2p_icp/mp2p_icp_core/mp2p_icp_filters/src/FilterFartherPointSampling.cpp	localization/mp2p_icp_core/mp2p_icp_filters/src/FilterFartherPointSampling.cpp	file
mola_latest_20260917_ws/src/mp2p_icp/mp2p_icp_core/mp2p_icp_filters/src/FilterCurvature.cpp	localization/mp2p_icp_core/mp2p_icp_filters/src/FilterCurvature.cpp	file
mola_latest_20260917_ws/src/mp2p_icp/mp2p_icp_core/mp2p_icp_filters/src/FilterDecimateRangeAdaptive.cpp	localization/mp2p_icp_core/mp2p_icp_filters/src/FilterDecimateRangeAdaptive.cpp	file
mola_latest_20260917_ws/src/mp2p_icp/mp2p_icp_core/mp2p_icp_filters/src/FilterClear.cpp	localization/mp2p_icp_core/mp2p_icp_filters/src/FilterClear.cpp	file
mola_latest_20260917_ws/src/mp2p_icp/mp2p_icp_core/mp2p_icp_filters/src/FilterByRing.cpp	localization/mp2p_icp_core/mp2p_icp_filters/src/FilterByRing.cpp	file
mola_latest_20260917_ws/src/mp2p_icp/mp2p_icp_core/mp2p_icp_filters/src/FilterRemoveByVoxelOccupancy.cpp	localization/mp2p_icp_core/mp2p_icp_filters/src/FilterRemoveByVoxelOccupancy.cpp	file
mola_latest_20260917_ws/src/mp2p_icp/mp2p_icp_core/mp2p_icp_filters/src/GeneratorEdgesFromCurvature.cpp	localization/mp2p_icp_core/mp2p_icp_filters/src/GeneratorEdgesFromCurvature.cpp	file
mola_latest_20260917_ws/src/mp2p_icp/mp2p_icp_core/mp2p_icp_filters/src/FilterAbsoluteTimestamp.cpp	localization/mp2p_icp_core/mp2p_icp_filters/src/FilterAbsoluteTimestamp.cpp	file
mola_latest_20260917_ws/src/mp2p_icp/mp2p_icp_core/mp2p_icp_filters/src/FilterPoleDetector.cpp	localization/mp2p_icp_core/mp2p_icp_filters/src/FilterPoleDetector.cpp	file
mola_latest_20260917_ws/src/mp2p_icp/mp2p_icp_core/mp2p_icp_filters/src/FilterPolygon2D.cpp	localization/mp2p_icp_core/mp2p_icp_filters/src/FilterPolygon2D.cpp	file
mola_latest_20260917_ws/src/mp2p_icp/mp2p_icp_core/mp2p_icp_filters/src/FilterByExpression.cpp	localization/mp2p_icp_core/mp2p_icp_filters/src/FilterByExpression.cpp	file
mola_latest_20260917_ws/src/mp2p_icp/mp2p_icp_core/mp2p_icp_filters/src/Generator_view_vector_avx.cpp	localization/mp2p_icp_core/mp2p_icp_filters/src/Generator_view_vector_avx.cpp	file
mola_latest_20260917_ws/src/mp2p_icp/mp2p_icp_core/mp2p_icp_filters/src/GetOrCreatePointLayer.cpp	localization/mp2p_icp_core/mp2p_icp_filters/src/GetOrCreatePointLayer.cpp	file
mola_latest_20260917_ws/src/mp2p_icp/mp2p_icp_core/mp2p_icp_filters/src/FilterDeskew.cpp	localization/mp2p_icp_core/mp2p_icp_filters/src/FilterDeskew.cpp	file
mola_latest_20260917_ws/src/mp2p_icp/mp2p_icp_core/mp2p_icp_filters/src/GeneratorEdgesFromRangeImage.cpp	localization/mp2p_icp_core/mp2p_icp_filters/src/GeneratorEdgesFromRangeImage.cpp	file
mola_latest_20260917_ws/src/mp2p_icp/mp2p_icp_core/mp2p_icp_filters/src/FilterVoxelSOR.cpp	localization/mp2p_icp_core/mp2p_icp_filters/src/FilterVoxelSOR.cpp	file
mola_latest_20260917_ws/src/mp2p_icp/mp2p_icp_core/mp2p_icp_filters/src/FilterNormalizeIntensity.cpp	localization/mp2p_icp_core/mp2p_icp_filters/src/FilterNormalizeIntensity.cpp	file
mola_latest_20260917_ws/src/mp2p_icp/mp2p_icp_core/mp2p_icp_filters/src/FilterBoundingBox.cpp	localization/mp2p_icp_core/mp2p_icp_filters/src/FilterBoundingBox.cpp	file
mola_latest_20260917_ws/src/mp2p_icp/mp2p_icp_core/mp2p_icp_filters/src/FilterEdgesPlanes.cpp	localization/mp2p_icp_core/mp2p_icp_filters/src/FilterEdgesPlanes.cpp	file
mola_latest_20260917_ws/src/mp2p_icp/mp2p_icp_core/mp2p_icp_filters/src/FilterByRange.cpp	localization/mp2p_icp_core/mp2p_icp_filters/src/FilterByRange.cpp	file
mola_latest_20260917_ws/src/mp2p_icp/mp2p_icp_core/mp2p_icp_filters/CMakeLists.txt	localization/mp2p_icp_core/mp2p_icp_filters/CMakeLists.txt	file
mola_latest_20260917_ws/src/mp2p_icp/mp2p_icp_core/mp2p_icp_filters/include/mp2p_icp_filters/FilterDeskew.h	localization/mp2p_icp_core/mp2p_icp_filters/include/mp2p_icp_filters/FilterDeskew.h	file
mola_latest_20260917_ws/src/mp2p_icp/mp2p_icp_core/mp2p_icp_filters/include/mp2p_icp_filters/FilterVoxelSOR.h	localization/mp2p_icp_core/mp2p_icp_filters/include/mp2p_icp_filters/FilterVoxelSOR.h	file
mola_latest_20260917_ws/src/mp2p_icp/mp2p_icp_core/mp2p_icp_filters/include/mp2p_icp_filters/FilterDeleteLayer.h	localization/mp2p_icp_core/mp2p_icp_filters/include/mp2p_icp_filters/FilterDeleteLayer.h	file
mola_latest_20260917_ws/src/mp2p_icp/mp2p_icp_core/mp2p_icp_filters/include/mp2p_icp_filters/FilterBase.h	localization/mp2p_icp_core/mp2p_icp_filters/include/mp2p_icp_filters/FilterBase.h	file
mola_latest_20260917_ws/src/mp2p_icp/mp2p_icp_core/mp2p_icp_filters/include/mp2p_icp_filters/PointCloudRobustRange.h	localization/mp2p_icp_core/mp2p_icp_filters/include/mp2p_icp_filters/PointCloudRobustRange.h	file
mola_latest_20260917_ws/src/mp2p_icp/mp2p_icp_core/mp2p_icp_filters/include/mp2p_icp_filters/FilterRemovePointCloudField.h	localization/mp2p_icp_core/mp2p_icp_filters/include/mp2p_icp_filters/FilterRemovePointCloudField.h	file
mola_latest_20260917_ws/src/mp2p_icp/mp2p_icp_core/mp2p_icp_filters/include/mp2p_icp_filters/sm2mm.h	localization/mp2p_icp_core/mp2p_icp_filters/include/mp2p_icp_filters/sm2mm.h	file
mola_latest_20260917_ws/src/mp2p_icp/mp2p_icp_core/mp2p_icp_filters/include/mp2p_icp_filters/GeneratorEdgesFromCurvature.h	localization/mp2p_icp_core/mp2p_icp_filters/include/mp2p_icp_filters/GeneratorEdgesFromCurvature.h	file
mola_latest_20260917_ws/src/mp2p_icp/mp2p_icp_core/mp2p_icp_filters/include/mp2p_icp_filters/FilterNormalizeIntensity.h	localization/mp2p_icp_core/mp2p_icp_filters/include/mp2p_icp_filters/FilterNormalizeIntensity.h	file
mola_latest_20260917_ws/src/mp2p_icp/mp2p_icp_core/mp2p_icp_filters/include/mp2p_icp_filters/FilterDecimateVoxels.h	localization/mp2p_icp_core/mp2p_icp_filters/include/mp2p_icp_filters/FilterDecimateVoxels.h	file
mola_latest_20260917_ws/src/mp2p_icp/mp2p_icp_core/mp2p_icp_filters/include/mp2p_icp_filters/FilterByRange.h	localization/mp2p_icp_core/mp2p_icp_filters/include/mp2p_icp_filters/FilterByRange.h	file
mola_latest_20260917_ws/src/mp2p_icp/mp2p_icp_core/mp2p_icp_filters/include/mp2p_icp_filters/FilterEdgesPlanes.h	localization/mp2p_icp_core/mp2p_icp_filters/include/mp2p_icp_filters/FilterEdgesPlanes.h	file
mola_latest_20260917_ws/src/mp2p_icp/mp2p_icp_core/mp2p_icp_filters/include/mp2p_icp_filters/FilterBoundingBox.h	localization/mp2p_icp_core/mp2p_icp_filters/include/mp2p_icp_filters/FilterBoundingBox.h	file
mola_latest_20260917_ws/src/mp2p_icp/mp2p_icp_core/mp2p_icp_filters/include/mp2p_icp_filters/Generator.h	localization/mp2p_icp_core/mp2p_icp_filters/include/mp2p_icp_filters/Generator.h	file
mola_latest_20260917_ws/src/mp2p_icp/mp2p_icp_core/mp2p_icp_filters/include/mp2p_icp_filters/FilterRenameLayer.h	localization/mp2p_icp_core/mp2p_icp_filters/include/mp2p_icp_filters/FilterRenameLayer.h	file
mola_latest_20260917_ws/src/mp2p_icp/mp2p_icp_core/mp2p_icp_filters/include/mp2p_icp_filters/FilterMerge.h	localization/mp2p_icp_core/mp2p_icp_filters/include/mp2p_icp_filters/FilterMerge.h	file
mola_latest_20260917_ws/src/mp2p_icp/mp2p_icp_core/mp2p_icp_filters/include/mp2p_icp_filters/FilterRemoveByVoxelOccupancy.h	localization/mp2p_icp_core/mp2p_icp_filters/include/mp2p_icp_filters/FilterRemoveByVoxelOccupancy.h	file
mola_latest_20260917_ws/src/mp2p_icp/mp2p_icp_core/mp2p_icp_filters/include/mp2p_icp_filters/FilterByExpression.h	localization/mp2p_icp_core/mp2p_icp_filters/include/mp2p_icp_filters/FilterByExpression.h	file
mola_latest_20260917_ws/src/mp2p_icp/mp2p_icp_core/mp2p_icp_filters/include/mp2p_icp_filters/DecimateMethod.h	localization/mp2p_icp_core/mp2p_icp_filters/include/mp2p_icp_filters/DecimateMethod.h	file
mola_latest_20260917_ws/src/mp2p_icp/mp2p_icp_core/mp2p_icp_filters/include/mp2p_icp_filters/FilterPolygon2D.h	localization/mp2p_icp_core/mp2p_icp_filters/include/mp2p_icp_filters/FilterPolygon2D.h	file
mola_latest_20260917_ws/src/mp2p_icp/mp2p_icp_core/mp2p_icp_filters/include/mp2p_icp_filters/CreateMetricMapFromDefinition.h	localization/mp2p_icp_core/mp2p_icp_filters/include/mp2p_icp_filters/CreateMetricMapFromDefinition.h	file
mola_latest_20260917_ws/src/mp2p_icp/mp2p_icp_core/mp2p_icp_filters/include/mp2p_icp_filters/FilterByRing.h	localization/mp2p_icp_core/mp2p_icp_filters/include/mp2p_icp_filters/FilterByRing.h	file
mola_latest_20260917_ws/src/mp2p_icp/mp2p_icp_core/mp2p_icp_filters/include/mp2p_icp_filters/FilterPoleDetector.h	localization/mp2p_icp_core/mp2p_icp_filters/include/mp2p_icp_filters/FilterPoleDetector.h	file
mola_latest_20260917_ws/src/mp2p_icp/mp2p_icp_core/mp2p_icp_filters/include/mp2p_icp_filters/GetOrCreatePointLayer.h	localization/mp2p_icp_core/mp2p_icp_filters/include/mp2p_icp_filters/GetOrCreatePointLayer.h	file
mola_latest_20260917_ws/src/mp2p_icp/mp2p_icp_core/mp2p_icp_filters/include/mp2p_icp_filters/GeneratorEdgesFromRangeImage.h	localization/mp2p_icp_core/mp2p_icp_filters/include/mp2p_icp_filters/GeneratorEdgesFromRangeImage.h	file
mola_latest_20260917_ws/src/mp2p_icp/mp2p_icp_core/mp2p_icp_filters/include/mp2p_icp_filters/PointCloudToVoxelGridSingle.h	localization/mp2p_icp_core/mp2p_icp_filters/include/mp2p_icp_filters/PointCloudToVoxelGridSingle.h	file
mola_latest_20260917_ws/src/mp2p_icp/mp2p_icp_core/mp2p_icp_filters/include/mp2p_icp_filters/FilterDecimateRangeAdaptive.h	localization/mp2p_icp_core/mp2p_icp_filters/include/mp2p_icp_filters/FilterDecimateRangeAdaptive.h	file
mola_latest_20260917_ws/src/mp2p_icp/mp2p_icp_core/mp2p_icp_filters/include/mp2p_icp_filters/FilterTransformPointCloud.h	localization/mp2p_icp_core/mp2p_icp_filters/include/mp2p_icp_filters/FilterTransformPointCloud.h	file
mola_latest_20260917_ws/src/mp2p_icp/mp2p_icp_core/mp2p_icp_filters/include/mp2p_icp_filters/FilterDecimate.h	localization/mp2p_icp_core/mp2p_icp_filters/include/mp2p_icp_filters/FilterDecimate.h	file
mola_latest_20260917_ws/src/mp2p_icp/mp2p_icp_core/mp2p_icp_filters/include/mp2p_icp_filters/FilterByIntensity.h	localization/mp2p_icp_core/mp2p_icp_filters/include/mp2p_icp_filters/FilterByIntensity.h	file
mola_latest_20260917_ws/src/mp2p_icp/mp2p_icp_core/mp2p_icp_filters/include/mp2p_icp_filters/FilterMLS.h	localization/mp2p_icp_core/mp2p_icp_filters/include/mp2p_icp_filters/FilterMLS.h	file
mola_latest_20260917_ws/src/mp2p_icp/mp2p_icp_core/mp2p_icp_filters/include/mp2p_icp_filters/FilterVoxelSlice.h	localization/mp2p_icp_core/mp2p_icp_filters/include/mp2p_icp_filters/FilterVoxelSlice.h	file
mola_latest_20260917_ws/src/mp2p_icp/mp2p_icp_core/mp2p_icp_filters/include/mp2p_icp_filters/FilterAdjustTimestamps.h	localization/mp2p_icp_core/mp2p_icp_filters/include/mp2p_icp_filters/FilterAdjustTimestamps.h	file
mola_latest_20260917_ws/src/mp2p_icp/mp2p_icp_core/mp2p_icp_filters/include/mp2p_icp_filters/FilterSOR.h	localization/mp2p_icp_core/mp2p_icp_filters/include/mp2p_icp_filters/FilterSOR.h	file
mola_latest_20260917_ws/src/mp2p_icp/mp2p_icp_core/mp2p_icp_filters/include/mp2p_icp_filters/FilterPlanePatches.h	localization/mp2p_icp_core/mp2p_icp_filters/include/mp2p_icp_filters/FilterPlanePatches.h	file
mola_latest_20260917_ws/src/mp2p_icp/mp2p_icp_core/mp2p_icp_filters/include/mp2p_icp_filters/FilterFartherPointSampling.h	localization/mp2p_icp_core/mp2p_icp_filters/include/mp2p_icp_filters/FilterFartherPointSampling.h	file
mola_latest_20260917_ws/src/mp2p_icp/mp2p_icp_core/mp2p_icp_filters/include/mp2p_icp_filters/FilterAbsoluteTimestamp.h	localization/mp2p_icp_core/mp2p_icp_filters/include/mp2p_icp_filters/FilterAbsoluteTimestamp.h	file
mola_latest_20260917_ws/src/mp2p_icp/mp2p_icp_core/mp2p_icp_filters/include/mp2p_icp_filters/FilterClear.h	localization/mp2p_icp_core/mp2p_icp_filters/include/mp2p_icp_filters/FilterClear.h	file
mola_latest_20260917_ws/src/mp2p_icp/mp2p_icp_core/mp2p_icp_filters/include/mp2p_icp_filters/FilterDecimateAdaptive.h	localization/mp2p_icp_core/mp2p_icp_filters/include/mp2p_icp_filters/FilterDecimateAdaptive.h	file
mola_latest_20260917_ws/src/mp2p_icp/mp2p_icp_core/mp2p_icp_filters/include/mp2p_icp_filters/PointCloudToVoxelGrid.h	localization/mp2p_icp_core/mp2p_icp_filters/include/mp2p_icp_filters/PointCloudToVoxelGrid.h	file
mola_latest_20260917_ws/src/mp2p_icp/mp2p_icp_core/mp2p_icp_filters/include/mp2p_icp_filters/FilterCurvature.h	localization/mp2p_icp_core/mp2p_icp_filters/include/mp2p_icp_filters/FilterCurvature.h	file
mola_latest_20260917_ws/src/mp2p_icp/mp2p_icp_core/scripts/kitti-batch-convert.py	localization/mp2p_icp_core/scripts/kitti-batch-convert.py	file
mola_latest_20260917_ws/src/mp2p_icp/mp2p_icp_core/scripts/viewSimilarityImages.m	localization/mp2p_icp_core/scripts/viewSimilarityImages.m	file
mola_latest_20260917_ws/src/mp2p_icp/mp2p_icp_core/scripts/kitti-run-seq.py	localization/mp2p_icp_core/scripts/kitti-run-seq.py	file
mola_latest_20260917_ws/src/mp2p_icp/mp2p_icp_core/scripts/formatter.sh	localization/mp2p_icp_core/scripts/formatter.sh	file
mola_latest_20260917_ws/src/mp2p_icp/mp2p_icp_core/package.xml	localization/mp2p_icp_core/package.xml	file
mola_latest_20260917_ws/src/mp2p_icp/.gitignore	localization/mola_source_metadata/mp2p_icp/.gitignore	file
mola_latest_20260917_ws/src/mp2p_icp/codecov.yml	localization/mola_source_metadata/mp2p_icp/codecov.yml	file
mola_latest_20260917_ws/src/mp2p_icp/.gitmodules	localization/mola_source_metadata/mp2p_icp/.gitmodules	file
mola_latest_20260917_ws/src/mp2p_icp/.clang-format	localization/mola_source_metadata/mp2p_icp/.clang-format	file
mola_latest_20260917_ws/src/mp2p_icp/.clang-tidy	localization/mola_source_metadata/mp2p_icp/.clang-tidy	file
mola_latest_20260917_ws/src/mola_sm_loop_closure/.vscode/settings.json	localization/mola_sm_loop_closure/.vscode/settings.json	file
mola_latest_20260917_ws/src/mola_sm_loop_closure/colcon_defaults.yaml	localization/mola_sm_loop_closure/colcon_defaults.yaml	file
mola_latest_20260917_ws/src/mola_sm_loop_closure/.github/workflows/ros-build.yml	localization/mola_sm_loop_closure/.github/workflows/ros-build.yml	file
mola_latest_20260917_ws/src/mola_sm_loop_closure/.github/workflows/check-clang-format.yml	localization/mola_sm_loop_closure/.github/workflows/check-clang-format.yml	file
mola_latest_20260917_ws/src/mola_sm_loop_closure/test/CMakeLists.txt	localization/mola_sm_loop_closure/test/CMakeLists.txt	file
mola_latest_20260917_ws/src/mola_sm_loop_closure/test/test_cli_f2f_gicp.cpp	localization/mola_sm_loop_closure/test/test_cli_f2f_gicp.cpp	file
mola_latest_20260917_ws/src/mola_sm_loop_closure/CHANGELOG.rst	localization/mola_sm_loop_closure/CHANGELOG.rst	file
mola_latest_20260917_ws/src/mola_sm_loop_closure/README.md	localization/mola_sm_loop_closure/README.md	file
mola_latest_20260917_ws/src/mola_sm_loop_closure/module/src/common/gnss_factor_helpers.cpp	localization/mola_sm_loop_closure/module/src/common/gnss_factor_helpers.cpp	file
mola_latest_20260917_ws/src/mola_sm_loop_closure/module/src/common/graph_builders.cpp	localization/mola_sm_loop_closure/module/src/common/graph_builders.cpp	file
mola_latest_20260917_ws/src/mola_sm_loop_closure/module/src/common/gnc_optimizer.cpp	localization/mola_sm_loop_closure/module/src/common/gnc_optimizer.cpp	file
mola_latest_20260917_ws/src/mola_sm_loop_closure/module/src/common/planarity_factors.cpp	localization/mola_sm_loop_closure/module/src/common/planarity_factors.cpp	file
mola_latest_20260917_ws/src/mola_sm_loop_closure/module/src/common/debug_flags.cpp	localization/mola_sm_loop_closure/module/src/common/debug_flags.cpp	file
mola_latest_20260917_ws/src/mola_sm_loop_closure/module/src/common/tum_writer.cpp	localization/mola_sm_loop_closure/module/src/common/tum_writer.cpp	file
mola_latest_20260917_ws/src/mola_sm_loop_closure/module/src/common/icp_pipeline_setup.cpp	localization/mola_sm_loop_closure/module/src/common/icp_pipeline_setup.cpp	file
mola_latest_20260917_ws/src/mola_sm_loop_closure/module/src/common/obs_helpers.cpp	localization/mola_sm_loop_closure/module/src/common/obs_helpers.cpp	file
mola_latest_20260917_ws/src/mola_sm_loop_closure/module/src/register.cpp	localization/mola_sm_loop_closure/module/src/register.cpp	file
mola_latest_20260917_ws/src/mola_sm_loop_closure/module/src/LoopClosureInterface.cpp	localization/mola_sm_loop_closure/module/src/LoopClosureInterface.cpp	file
mola_latest_20260917_ws/src/mola_sm_loop_closure/module/src/SimplemapLoopClosure.cpp	localization/mola_sm_loop_closure/module/src/SimplemapLoopClosure.cpp	file
mola_latest_20260917_ws/src/mola_sm_loop_closure/module/src/FrameToFrameLoopClosure.cpp	localization/mola_sm_loop_closure/module/src/FrameToFrameLoopClosure.cpp	file
mola_latest_20260917_ws/src/mola_sm_loop_closure/module/include/mola_sm_loop_closure/FrameToFrameLoopClosure.h	localization/mola_sm_loop_closure/module/include/mola_sm_loop_closure/FrameToFrameLoopClosure.h	file
mola_latest_20260917_ws/src/mola_sm_loop_closure/module/include/mola_sm_loop_closure/common/planarity_factors.h	localization/mola_sm_loop_closure/module/include/mola_sm_loop_closure/common/planarity_factors.h	file
mola_latest_20260917_ws/src/mola_sm_loop_closure/module/include/mola_sm_loop_closure/common/icp_pipeline_setup.h	localization/mola_sm_loop_closure/module/include/mola_sm_loop_closure/common/icp_pipeline_setup.h	file
mola_latest_20260917_ws/src/mola_sm_loop_closure/module/include/mola_sm_loop_closure/common/gnc_optimizer.h	localization/mola_sm_loop_closure/module/include/mola_sm_loop_closure/common/gnc_optimizer.h	file
mola_latest_20260917_ws/src/mola_sm_loop_closure/module/include/mola_sm_loop_closure/common/graph_builders.h	localization/mola_sm_loop_closure/module/include/mola_sm_loop_closure/common/graph_builders.h	file
mola_latest_20260917_ws/src/mola_sm_loop_closure/module/include/mola_sm_loop_closure/common/tum_writer.h	localization/mola_sm_loop_closure/module/include/mola_sm_loop_closure/common/tum_writer.h	file
mola_latest_20260917_ws/src/mola_sm_loop_closure/module/include/mola_sm_loop_closure/common/debug_flags.h	localization/mola_sm_loop_closure/module/include/mola_sm_loop_closure/common/debug_flags.h	file
mola_latest_20260917_ws/src/mola_sm_loop_closure/module/include/mola_sm_loop_closure/common/gnss_factor_helpers.h	localization/mola_sm_loop_closure/module/include/mola_sm_loop_closure/common/gnss_factor_helpers.h	file
mola_latest_20260917_ws/src/mola_sm_loop_closure/module/include/mola_sm_loop_closure/common/obs_helpers.h	localization/mola_sm_loop_closure/module/include/mola_sm_loop_closure/common/obs_helpers.h	file
mola_latest_20260917_ws/src/mola_sm_loop_closure/module/include/mola_sm_loop_closure/SimplemapLoopClosure.h	localization/mola_sm_loop_closure/module/include/mola_sm_loop_closure/SimplemapLoopClosure.h	file
mola_latest_20260917_ws/src/mola_sm_loop_closure/module/include/mola_sm_loop_closure/LoopClosureInterface.h	localization/mola_sm_loop_closure/module/include/mola_sm_loop_closure/LoopClosureInterface.h	file
mola_latest_20260917_ws/src/mola_sm_loop_closure/apps/mola-sm-lc-cli.cpp	localization/mola_sm_loop_closure/apps/mola-sm-lc-cli.cpp	file
mola_latest_20260917_ws/src/mola_sm_loop_closure/CMakeLists.txt	localization/mola_sm_loop_closure/CMakeLists.txt	file
mola_latest_20260917_ws/src/mola_sm_loop_closure/cla/individual-cla.md	localization/mola_sm_loop_closure/cla/individual-cla.md	file
mola_latest_20260917_ws/src/mola_sm_loop_closure/LICENSE	localization/mola_sm_loop_closure/LICENSE	file
mola_latest_20260917_ws/src/mola_sm_loop_closure/.gitignore	localization/mola_sm_loop_closure/.gitignore	file
mola_latest_20260917_ws/src/mola_sm_loop_closure/third_party/robin/.github/workflows/pypi.yml	localization/mola_sm_loop_closure/third_party/robin/.github/workflows/pypi.yml	file
mola_latest_20260917_ws/src/mola_sm_loop_closure/third_party/robin/src/pkc.cpp	localization/mola_sm_loop_closure/third_party/robin/src/pkc.cpp	file
mola_latest_20260917_ws/src/mola_sm_loop_closure/third_party/robin/src/graph.cpp	localization/mola_sm_loop_closure/third_party/robin/src/graph.cpp	file
mola_latest_20260917_ws/src/mola_sm_loop_closure/third_party/robin/src/utils.cpp	localization/mola_sm_loop_closure/third_party/robin/src/utils.cpp	file
mola_latest_20260917_ws/src/mola_sm_loop_closure/third_party/robin/src/robin.cpp	localization/mola_sm_loop_closure/third_party/robin/src/robin.cpp	file
mola_latest_20260917_ws/src/mola_sm_loop_closure/third_party/robin/src/problems.cpp	localization/mola_sm_loop_closure/third_party/robin/src/problems.cpp	file
mola_latest_20260917_ws/src/mola_sm_loop_closure/third_party/robin/src/core.cpp	localization/mola_sm_loop_closure/third_party/robin/src/core.cpp	file
mola_latest_20260917_ws/src/mola_sm_loop_closure/third_party/robin/src/graph_solvers.cpp	localization/mola_sm_loop_closure/third_party/robin/src/graph_solvers.cpp	file
mola_latest_20260917_ws/src/mola_sm_loop_closure/third_party/robin/src/graph_core.cpp	localization/mola_sm_loop_closure/third_party/robin/src/graph_core.cpp	file
mola_latest_20260917_ws/src/mola_sm_loop_closure/third_party/robin/src/graph_io.cpp	localization/mola_sm_loop_closure/third_party/robin/src/graph_io.cpp	file
mola_latest_20260917_ws/src/mola_sm_loop_closure/third_party/robin/LICENSE.md	localization/mola_sm_loop_closure/third_party/robin/LICENSE.md	file
mola_latest_20260917_ws/src/mola_sm_loop_closure/third_party/robin/matlab/findInlierStructure_mex.cpp	localization/mola_sm_loop_closure/third_party/robin/matlab/findInlierStructure_mex.cpp	file
mola_latest_20260917_ws/src/mola_sm_loop_closure/third_party/robin/matlab/mex_utils.hpp	localization/mola_sm_loop_closure/third_party/robin/matlab/mex_utils.hpp	file
mola_latest_20260917_ws/src/mola_sm_loop_closure/third_party/robin/matlab/tests/findInlierStructure_tests.m	localization/mola_sm_loop_closure/third_party/robin/matlab/tests/findInlierStructure_tests.m	file
mola_latest_20260917_ws/src/mola_sm_loop_closure/third_party/robin/matlab/tests/makeVecAvgInvGraph_tests.m	localization/mola_sm_loop_closure/third_party/robin/matlab/tests/makeVecAvgInvGraph_tests.m	file
mola_latest_20260917_ws/src/mola_sm_loop_closure/third_party/robin/matlab/CMakeLists.txt	localization/mola_sm_loop_closure/third_party/robin/matlab/CMakeLists.txt	file
mola_latest_20260917_ws/src/mola_sm_loop_closure/third_party/robin/matlab/makeRotAvgInvGraph_mex.cpp	localization/mola_sm_loop_closure/third_party/robin/matlab/makeRotAvgInvGraph_mex.cpp	file
mola_latest_20260917_ws/src/mola_sm_loop_closure/third_party/robin/matlab/makeVecAvgInvGraph_mex.cpp	localization/mola_sm_loop_closure/third_party/robin/matlab/makeVecAvgInvGraph_mex.cpp	file
mola_latest_20260917_ws/src/mola_sm_loop_closure/third_party/robin/matlab/make3dNormalRegInvGraph_mex.cpp	localization/mola_sm_loop_closure/third_party/robin/matlab/make3dNormalRegInvGraph_mex.cpp	file
mola_latest_20260917_ws/src/mola_sm_loop_closure/third_party/robin/matlab/make3dRegInvGraph_mex.cpp	localization/mola_sm_loop_closure/third_party/robin/matlab/make3dRegInvGraph_mex.cpp	file
mola_latest_20260917_ws/src/mola_sm_loop_closure/third_party/robin/README.md	localization/mola_sm_loop_closure/third_party/robin/README.md	file
mola_latest_20260917_ws/src/mola_sm_loop_closure/third_party/robin/tests/core_test.cpp	localization/mola_sm_loop_closure/third_party/robin/tests/core_test.cpp	file
mola_latest_20260917_ws/src/mola_sm_loop_closure/third_party/robin/tests/data/graph_test/g3.mtx	localization/mola_sm_loop_closure/third_party/robin/tests/data/graph_test/g3.mtx	file
mola_latest_20260917_ws/src/mola_sm_loop_closure/third_party/robin/tests/data/graph_test/web-edu.mtx	localization/mola_sm_loop_closure/third_party/robin/tests/data/graph_test/web-edu.mtx	file
mola_latest_20260917_ws/src/mola_sm_loop_closure/third_party/robin/tests/data/graph_test/README.md	localization/mola_sm_loop_closure/third_party/robin/tests/data/graph_test/README.md	file
mola_latest_20260917_ws/src/mola_sm_loop_closure/third_party/robin/tests/data/graph_test/g2.mtx	localization/mola_sm_loop_closure/third_party/robin/tests/data/graph_test/g2.mtx	file
mola_latest_20260917_ws/src/mola_sm_loop_closure/third_party/robin/tests/data/graph_test/g1.mtx	localization/mola_sm_loop_closure/third_party/robin/tests/data/graph_test/g1.mtx	file
mola_latest_20260917_ws/src/mola_sm_loop_closure/third_party/robin/tests/data/graph_test/web-spam.mtx	localization/mola_sm_loop_closure/third_party/robin/tests/data/graph_test/web-spam.mtx	file
mola_latest_20260917_ws/src/mola_sm_loop_closure/third_party/robin/tests/data/graph_test/c-fat500-10.mtx	localization/mola_sm_loop_closure/third_party/robin/tests/data/graph_test/c-fat500-10.mtx	file
mola_latest_20260917_ws/src/mola_sm_loop_closure/third_party/robin/tests/catch.hpp	localization/mola_sm_loop_closure/third_party/robin/tests/catch.hpp	file
mola_latest_20260917_ws/src/mola_sm_loop_closure/third_party/robin/tests/problems_test.cpp	localization/mola_sm_loop_closure/third_party/robin/tests/problems_test.cpp	file
mola_latest_20260917_ws/src/mola_sm_loop_closure/third_party/robin/tests/utils_test.cpp	localization/mola_sm_loop_closure/third_party/robin/tests/utils_test.cpp	file
mola_latest_20260917_ws/src/mola_sm_loop_closure/third_party/robin/tests/math_test.cpp	localization/mola_sm_loop_closure/third_party/robin/tests/math_test.cpp	file
mola_latest_20260917_ws/src/mola_sm_loop_closure/third_party/robin/tests/test_utils.hpp	localization/mola_sm_loop_closure/third_party/robin/tests/test_utils.hpp	file
mola_latest_20260917_ws/src/mola_sm_loop_closure/third_party/robin/tests/graph_solvers_test.cpp	localization/mola_sm_loop_closure/third_party/robin/tests/graph_solvers_test.cpp	file
mola_latest_20260917_ws/src/mola_sm_loop_closure/third_party/robin/tests/CMakeLists.txt	localization/mola_sm_loop_closure/third_party/robin/tests/CMakeLists.txt	file
mola_latest_20260917_ws/src/mola_sm_loop_closure/third_party/robin/tests/scripts/kcore.py	localization/mola_sm_loop_closure/third_party/robin/tests/scripts/kcore.py	file
mola_latest_20260917_ws/src/mola_sm_loop_closure/third_party/robin/tests/graph_core_test.cpp	localization/mola_sm_loop_closure/third_party/robin/tests/graph_core_test.cpp	file
mola_latest_20260917_ws/src/mola_sm_loop_closure/third_party/robin/tests/main.cc	localization/mola_sm_loop_closure/third_party/robin/tests/main.cc	file
mola_latest_20260917_ws/src/mola_sm_loop_closure/third_party/robin/tests/robin_test.cpp	localization/mola_sm_loop_closure/third_party/robin/tests/robin_test.cpp	file
mola_latest_20260917_ws/src/mola_sm_loop_closure/third_party/robin/tests/benchmarks.cpp	localization/mola_sm_loop_closure/third_party/robin/tests/benchmarks.cpp	file
mola_latest_20260917_ws/src/mola_sm_loop_closure/third_party/robin/CMakeLists.txt	localization/mola_sm_loop_closure/third_party/robin/CMakeLists.txt	file
mola_latest_20260917_ws/src/mola_sm_loop_closure/third_party/robin/.gitignore	localization/mola_sm_loop_closure/third_party/robin/.gitignore	file
mola_latest_20260917_ws/src/mola_sm_loop_closure/third_party/robin/include/robin/pkc.hpp	localization/mola_sm_loop_closure/third_party/robin/include/robin/pkc.hpp	file
mola_latest_20260917_ws/src/mola_sm_loop_closure/third_party/robin/include/robin/views.hpp	localization/mola_sm_loop_closure/third_party/robin/include/robin/views.hpp	file
mola_latest_20260917_ws/src/mola_sm_loop_closure/third_party/robin/include/robin/graph_io.hpp	localization/mola_sm_loop_closure/third_party/robin/include/robin/graph_io.hpp	file
mola_latest_20260917_ws/src/mola_sm_loop_closure/third_party/robin/include/robin/utils.hpp	localization/mola_sm_loop_closure/third_party/robin/include/robin/utils.hpp	file
mola_latest_20260917_ws/src/mola_sm_loop_closure/third_party/robin/include/robin/robin.hpp	localization/mola_sm_loop_closure/third_party/robin/include/robin/robin.hpp	file
mola_latest_20260917_ws/src/mola_sm_loop_closure/third_party/robin/include/robin/problems.hpp	localization/mola_sm_loop_closure/third_party/robin/include/robin/problems.hpp	file
mola_latest_20260917_ws/src/mola_sm_loop_closure/third_party/robin/include/robin/core.hpp	localization/mola_sm_loop_closure/third_party/robin/include/robin/core.hpp	file
mola_latest_20260917_ws/src/mola_sm_loop_closure/third_party/robin/include/robin/graph.hpp	localization/mola_sm_loop_closure/third_party/robin/include/robin/graph.hpp	file
mola_latest_20260917_ws/src/mola_sm_loop_closure/third_party/robin/include/robin/graph_solvers.hpp	localization/mola_sm_loop_closure/third_party/robin/include/robin/graph_solvers.hpp	file
mola_latest_20260917_ws/src/mola_sm_loop_closure/third_party/robin/include/robin/math.hpp	localization/mola_sm_loop_closure/third_party/robin/include/robin/math.hpp	file
mola_latest_20260917_ws/src/mola_sm_loop_closure/third_party/robin/include/robin/graph_core.hpp	localization/mola_sm_loop_closure/third_party/robin/include/robin/graph_core.hpp	file
mola_latest_20260917_ws/src/mola_sm_loop_closure/third_party/robin/include/robin/macros.hpp	localization/mola_sm_loop_closure/third_party/robin/include/robin/macros.hpp	file
mola_latest_20260917_ws/src/mola_sm_loop_closure/third_party/robin/cmake/DownloadProject.cmake	localization/mola_sm_loop_closure/third_party/robin/cmake/DownloadProject.cmake	file
mola_latest_20260917_ws/src/mola_sm_loop_closure/third_party/robin/cmake/DownloadProject.CMakeLists.cmake.in	localization/mola_sm_loop_closure/third_party/robin/cmake/DownloadProject.CMakeLists.cmake.in	file
mola_latest_20260917_ws/src/mola_sm_loop_closure/third_party/robin/cmake/DownloadEigen.cmake	localization/mola_sm_loop_closure/third_party/robin/cmake/DownloadEigen.cmake	file
mola_latest_20260917_ws/src/mola_sm_loop_closure/third_party/robin/cmake/CatchAddTests.cmake	localization/mola_sm_loop_closure/third_party/robin/cmake/CatchAddTests.cmake	file
mola_latest_20260917_ws/src/mola_sm_loop_closure/third_party/robin/cmake/robinConfig.cmake.in	localization/mola_sm_loop_closure/third_party/robin/cmake/robinConfig.cmake.in	file
mola_latest_20260917_ws/src/mola_sm_loop_closure/third_party/robin/cmake/DownloadExternal.cmake	localization/mola_sm_loop_closure/third_party/robin/cmake/DownloadExternal.cmake	file
mola_latest_20260917_ws/src/mola_sm_loop_closure/third_party/robin/cmake/eigen.patch	localization/mola_sm_loop_closure/third_party/robin/cmake/eigen.patch	file
mola_latest_20260917_ws/src/mola_sm_loop_closure/third_party/robin/cmake/Catch.cmake	localization/mola_sm_loop_closure/third_party/robin/cmake/Catch.cmake	file
mola_latest_20260917_ws/src/mola_sm_loop_closure/third_party/robin/cmake/xeniumConfig.cmake	localization/mola_sm_loop_closure/third_party/robin/cmake/xeniumConfig.cmake	file
mola_latest_20260917_ws/src/mola_sm_loop_closure/third_party/robin/python/README.md	localization/mola_sm_loop_closure/third_party/robin/python/README.md	file
mola_latest_20260917_ws/src/mola_sm_loop_closure/third_party/robin/python/example.py	localization/mola_sm_loop_closure/third_party/robin/python/example.py	file
mola_latest_20260917_ws/src/mola_sm_loop_closure/third_party/robin/python/CMakeLists.txt	localization/mola_sm_loop_closure/third_party/robin/python/CMakeLists.txt	file
mola_latest_20260917_ws/src/mola_sm_loop_closure/third_party/robin/python/pyproject.toml	localization/mola_sm_loop_closure/third_party/robin/python/pyproject.toml	file
mola_latest_20260917_ws/src/mola_sm_loop_closure/third_party/robin/python/robin_py/robin_py.cpp	localization/mola_sm_loop_closure/third_party/robin/python/robin_py/robin_py.cpp	file
mola_latest_20260917_ws/src/mola_sm_loop_closure/third_party/robin/python/robin_py/__init__.py	localization/mola_sm_loop_closure/third_party/robin/python/robin_py/__init__.py	file
mola_latest_20260917_ws/src/mola_sm_loop_closure/third_party/kiss-matcher/.pre-commit-config.yaml	localization/mola_sm_loop_closure/third_party/kiss-matcher/.pre-commit-config.yaml	file
mola_latest_20260917_ws/src/mola_sm_loop_closure/third_party/kiss-matcher/.github/workflows/ci-cpp.yml	localization/mola_sm_loop_closure/third_party/kiss-matcher/.github/workflows/ci-cpp.yml	file
mola_latest_20260917_ws/src/mola_sm_loop_closure/third_party/kiss-matcher/.github/workflows/pypi-publish.yml	localization/mola_sm_loop_closure/third_party/kiss-matcher/.github/workflows/pypi-publish.yml	file
mola_latest_20260917_ws/src/mola_sm_loop_closure/third_party/kiss-matcher/.github/workflows/issue_comment.yml	localization/mola_sm_loop_closure/third_party/kiss-matcher/.github/workflows/issue_comment.yml	file
mola_latest_20260917_ws/src/mola_sm_loop_closure/third_party/kiss-matcher/.github/workflows/ci-python.yml	localization/mola_sm_loop_closure/third_party/kiss-matcher/.github/workflows/ci-python.yml	file
mola_latest_20260917_ws/src/mola_sm_loop_closure/third_party/kiss-matcher/.github/workflows/compile-issue-tests.yml	localization/mola_sm_loop_closure/third_party/kiss-matcher/.github/workflows/compile-issue-tests.yml	file
mola_latest_20260917_ws/src/mola_sm_loop_closure/third_party/kiss-matcher/.github/ISSUE_TEMPLATE/bug_report.md	localization/mola_sm_loop_closure/third_party/kiss-matcher/.github/ISSUE_TEMPLATE/bug_report.md	file
mola_latest_20260917_ws/src/mola_sm_loop_closure/third_party/kiss-matcher/.github/ISSUE_TEMPLATE/questions.md	localization/mola_sm_loop_closure/third_party/kiss-matcher/.github/ISSUE_TEMPLATE/questions.md	file
mola_latest_20260917_ws/src/mola_sm_loop_closure/third_party/kiss-matcher/.github/ISSUE_TEMPLATE/config.yml	localization/mola_sm_loop_closure/third_party/kiss-matcher/.github/ISSUE_TEMPLATE/config.yml	file
mola_latest_20260917_ws/src/mola_sm_loop_closure/third_party/kiss-matcher/cpp/examples/3rdparty/tbb/tbb.cmake	localization/mola_sm_loop_closure/third_party/kiss-matcher/cpp/examples/3rdparty/tbb/tbb.cmake	file
mola_latest_20260917_ws/src/mola_sm_loop_closure/third_party/kiss-matcher/cpp/examples/3rdparty/tbb/LICENSE	localization/mola_sm_loop_closure/third_party/kiss-matcher/cpp/examples/3rdparty/tbb/LICENSE	file
mola_latest_20260917_ws/src/mola_sm_loop_closure/third_party/kiss-matcher/cpp/examples/3rdparty/find_dependencies.cmake	localization/mola_sm_loop_closure/third_party/kiss-matcher/cpp/examples/3rdparty/find_dependencies.cmake	file
mola_latest_20260917_ws/src/mola_sm_loop_closure/third_party/kiss-matcher/cpp/examples/3rdparty/download_datasets.cmake	localization/mola_sm_loop_closure/third_party/kiss-matcher/cpp/examples/3rdparty/download_datasets.cmake	file
mola_latest_20260917_ws/src/mola_sm_loop_closure/third_party/kiss-matcher/cpp/examples/src/fpfh.cc	localization/mola_sm_loop_closure/third_party/kiss-matcher/cpp/examples/src/fpfh.cc	file
mola_latest_20260917_ws/src/mola_sm_loop_closure/third_party/kiss-matcher/cpp/examples/src/downsampling_speed_comparison.cc	localization/mola_sm_loop_closure/third_party/kiss-matcher/cpp/examples/src/downsampling_speed_comparison.cc	file
mola_latest_20260917_ws/src/mola_sm_loop_closure/third_party/kiss-matcher/cpp/examples/src/matcher.cc	localization/mola_sm_loop_closure/third_party/kiss-matcher/cpp/examples/src/matcher.cc	file
mola_latest_20260917_ws/src/mola_sm_loop_closure/third_party/kiss-matcher/cpp/examples/src/conversion_speed_comparison.cc	localization/mola_sm_loop_closure/third_party/kiss-matcher/cpp/examples/src/conversion_speed_comparison.cc	file
mola_latest_20260917_ws/src/mola_sm_loop_closure/third_party/kiss-matcher/cpp/examples/src/run_kiss_matcher.cc	localization/mola_sm_loop_closure/third_party/kiss-matcher/cpp/examples/src/run_kiss_matcher.cc	file
mola_latest_20260917_ws/src/mola_sm_loop_closure/third_party/kiss-matcher/cpp/examples/src/run_matching_using_bunny.cc	localization/mola_sm_loop_closure/third_party/kiss-matcher/cpp/examples/src/run_matching_using_bunny.cc	file
mola_latest_20260917_ws/src/mola_sm_loop_closure/third_party/kiss-matcher/cpp/examples/COLCON_IGNORE	localization/mola_sm_loop_closure/third_party/kiss-matcher/cpp/examples/COLCON_IGNORE	file
mola_latest_20260917_ws/src/mola_sm_loop_closure/third_party/kiss-matcher/cpp/examples/README.md	localization/mola_sm_loop_closure/third_party/kiss-matcher/cpp/examples/README.md	file
mola_latest_20260917_ws/src/mola_sm_loop_closure/third_party/kiss-matcher/cpp/examples/CMakeLists.txt	localization/mola_sm_loop_closure/third_party/kiss-matcher/cpp/examples/CMakeLists.txt	file
mola_latest_20260917_ws/src/mola_sm_loop_closure/third_party/kiss-matcher/cpp/examples/include/quatro/quatro_utils.h	localization/mola_sm_loop_closure/third_party/kiss-matcher/cpp/examples/include/quatro/quatro_utils.h	file
mola_latest_20260917_ws/src/mola_sm_loop_closure/third_party/kiss-matcher/cpp/examples/include/quatro/fpfh.h	localization/mola_sm_loop_closure/third_party/kiss-matcher/cpp/examples/include/quatro/fpfh.h	file
mola_latest_20260917_ws/src/mola_sm_loop_closure/third_party/kiss-matcher/cpp/examples/include/quatro/matcher.h	localization/mola_sm_loop_closure/third_party/kiss-matcher/cpp/examples/include/quatro/matcher.h	file
mola_latest_20260917_ws/src/mola_sm_loop_closure/third_party/kiss-matcher/cpp/kiss_matcher/3rdparty/teaserpp/teaserpp.cmake	localization/mola_sm_loop_closure/third_party/kiss-matcher/cpp/kiss_matcher/3rdparty/teaserpp/teaserpp.cmake	file
mola_latest_20260917_ws/src/mola_sm_loop_closure/third_party/kiss-matcher/cpp/kiss_matcher/3rdparty/tsl_robin/tsl_robin.cmake	localization/mola_sm_loop_closure/third_party/kiss-matcher/cpp/kiss_matcher/3rdparty/tsl_robin/tsl_robin.cmake	file
mola_latest_20260917_ws/src/mola_sm_loop_closure/third_party/kiss-matcher/cpp/kiss_matcher/3rdparty/tsl_robin/LICENSE	localization/mola_sm_loop_closure/third_party/kiss-matcher/cpp/kiss_matcher/3rdparty/tsl_robin/LICENSE	file
mola_latest_20260917_ws/src/mola_sm_loop_closure/third_party/kiss-matcher/cpp/kiss_matcher/3rdparty/robin/robin.cmake	localization/mola_sm_loop_closure/third_party/kiss-matcher/cpp/kiss_matcher/3rdparty/robin/robin.cmake	file
mola_latest_20260917_ws/src/mola_sm_loop_closure/third_party/kiss-matcher/cpp/kiss_matcher/3rdparty/tbb/tbb.cmake	localization/mola_sm_loop_closure/third_party/kiss-matcher/cpp/kiss_matcher/3rdparty/tbb/tbb.cmake	file
mola_latest_20260917_ws/src/mola_sm_loop_closure/third_party/kiss-matcher/cpp/kiss_matcher/3rdparty/tbb/LICENSE	localization/mola_sm_loop_closure/third_party/kiss-matcher/cpp/kiss_matcher/3rdparty/tbb/LICENSE	file
mola_latest_20260917_ws/src/mola_sm_loop_closure/third_party/kiss-matcher/cpp/kiss_matcher/3rdparty/eigen/eigen.cmake	localization/mola_sm_loop_closure/third_party/kiss-matcher/cpp/kiss_matcher/3rdparty/eigen/eigen.cmake	file
mola_latest_20260917_ws/src/mola_sm_loop_closure/third_party/kiss-matcher/cpp/kiss_matcher/3rdparty/eigen/LICENSE	localization/mola_sm_loop_closure/third_party/kiss-matcher/cpp/kiss_matcher/3rdparty/eigen/LICENSE	file
mola_latest_20260917_ws/src/mola_sm_loop_closure/third_party/kiss-matcher/cpp/kiss_matcher/3rdparty/eigen/eigen.patch	localization/mola_sm_loop_closure/third_party/kiss-matcher/cpp/kiss_matcher/3rdparty/eigen/eigen.patch	file
mola_latest_20260917_ws/src/mola_sm_loop_closure/third_party/kiss-matcher/cpp/kiss_matcher/3rdparty/find_dependencies.cmake	localization/mola_sm_loop_closure/third_party/kiss-matcher/cpp/kiss_matcher/3rdparty/find_dependencies.cmake	file
mola_latest_20260917_ws/src/mola_sm_loop_closure/third_party/kiss-matcher/cpp/kiss_matcher/COLCON_IGNORE	localization/mola_sm_loop_closure/third_party/kiss-matcher/cpp/kiss_matcher/COLCON_IGNORE	file
mola_latest_20260917_ws/src/mola_sm_loop_closure/third_party/kiss-matcher/cpp/kiss_matcher/README.md	localization/mola_sm_loop_closure/third_party/kiss-matcher/cpp/kiss_matcher/README.md	file
mola_latest_20260917_ws/src/mola_sm_loop_closure/third_party/kiss-matcher/cpp/kiss_matcher/CMakeLists.txt	localization/mola_sm_loop_closure/third_party/kiss-matcher/cpp/kiss_matcher/CMakeLists.txt	file
mola_latest_20260917_ws/src/mola_sm_loop_closure/third_party/kiss-matcher/cpp/kiss_matcher/cmake/kiss_matcherConfig.cmake	localization/mola_sm_loop_closure/third_party/kiss-matcher/cpp/kiss_matcher/cmake/kiss_matcherConfig.cmake	file
mola_latest_20260917_ws/src/mola_sm_loop_closure/third_party/kiss-matcher/cpp/kiss_matcher/cmake/CompilerOptions.cmake	localization/mola_sm_loop_closure/third_party/kiss-matcher/cpp/kiss_matcher/cmake/CompilerOptions.cmake	file
mola_latest_20260917_ws/src/mola_sm_loop_closure/third_party/kiss-matcher/cpp/kiss_matcher/cmake/Findflann.cmake	localization/mola_sm_loop_closure/third_party/kiss-matcher/cpp/kiss_matcher/cmake/Findflann.cmake	file
mola_latest_20260917_ws/src/mola_sm_loop_closure/third_party/kiss-matcher/cpp/kiss_matcher/core/kiss_matcher/GncSolver.hpp	localization/mola_sm_loop_closure/third_party/kiss-matcher/cpp/kiss_matcher/core/kiss_matcher/GncSolver.hpp	file
mola_latest_20260917_ws/src/mola_sm_loop_closure/third_party/kiss-matcher/cpp/kiss_matcher/core/kiss_matcher/KISSMatcher.cpp	localization/mola_sm_loop_closure/third_party/kiss-matcher/cpp/kiss_matcher/core/kiss_matcher/KISSMatcher.cpp	file
mola_latest_20260917_ws/src/mola_sm_loop_closure/third_party/kiss-matcher/cpp/kiss_matcher/core/kiss_matcher/tsl/robin_set.h	localization/mola_sm_loop_closure/third_party/kiss-matcher/cpp/kiss_matcher/core/kiss_matcher/tsl/robin_set.h	file
mola_latest_20260917_ws/src/mola_sm_loop_closure/third_party/kiss-matcher/cpp/kiss_matcher/core/kiss_matcher/tsl/robin_growth_policy.h	localization/mola_sm_loop_closure/third_party/kiss-matcher/cpp/kiss_matcher/core/kiss_matcher/tsl/robin_growth_policy.h	file
mola_latest_20260917_ws/src/mola_sm_loop_closure/third_party/kiss-matcher/cpp/kiss_matcher/core/kiss_matcher/tsl/robin_hash.h	localization/mola_sm_loop_closure/third_party/kiss-matcher/cpp/kiss_matcher/core/kiss_matcher/tsl/robin_hash.h	file
mola_latest_20260917_ws/src/mola_sm_loop_closure/third_party/kiss-matcher/cpp/kiss_matcher/core/kiss_matcher/tsl/robin_map.h	localization/mola_sm_loop_closure/third_party/kiss-matcher/cpp/kiss_matcher/core/kiss_matcher/tsl/robin_map.h	file
mola_latest_20260917_ws/src/mola_sm_loop_closure/third_party/kiss-matcher/cpp/kiss_matcher/core/kiss_matcher/FasterPFH.cpp	localization/mola_sm_loop_closure/third_party/kiss-matcher/cpp/kiss_matcher/core/kiss_matcher/FasterPFH.cpp	file
mola_latest_20260917_ws/src/mola_sm_loop_closure/third_party/kiss-matcher/cpp/kiss_matcher/core/kiss_matcher/ROBINMatching.hpp	localization/mola_sm_loop_closure/third_party/kiss-matcher/cpp/kiss_matcher/core/kiss_matcher/ROBINMatching.hpp	file
mola_latest_20260917_ws/src/mola_sm_loop_closure/third_party/kiss-matcher/cpp/kiss_matcher/core/kiss_matcher/FasterPFH.hpp	localization/mola_sm_loop_closure/third_party/kiss-matcher/cpp/kiss_matcher/core/kiss_matcher/FasterPFH.hpp	file
mola_latest_20260917_ws/src/mola_sm_loop_closure/third_party/kiss-matcher/cpp/kiss_matcher/core/kiss_matcher/GncSolver.cpp	localization/mola_sm_loop_closure/third_party/kiss-matcher/cpp/kiss_matcher/core/kiss_matcher/GncSolver.cpp	file
mola_latest_20260917_ws/src/mola_sm_loop_closure/third_party/kiss-matcher/cpp/kiss_matcher/core/kiss_matcher/ROBINMatching.cpp	localization/mola_sm_loop_closure/third_party/kiss-matcher/cpp/kiss_matcher/core/kiss_matcher/ROBINMatching.cpp	file
mola_latest_20260917_ws/src/mola_sm_loop_closure/third_party/kiss-matcher/cpp/kiss_matcher/core/kiss_matcher/points/traits.hpp	localization/mola_sm_loop_closure/third_party/kiss-matcher/cpp/kiss_matcher/core/kiss_matcher/points/traits.hpp	file
mola_latest_20260917_ws/src/mola_sm_loop_closure/third_party/kiss-matcher/cpp/kiss_matcher/core/kiss_matcher/points/downsampling.hpp	localization/mola_sm_loop_closure/third_party/kiss-matcher/cpp/kiss_matcher/core/kiss_matcher/points/downsampling.hpp	file
mola_latest_20260917_ws/src/mola_sm_loop_closure/third_party/kiss-matcher/cpp/kiss_matcher/core/kiss_matcher/points/eigen.hpp	localization/mola_sm_loop_closure/third_party/kiss-matcher/cpp/kiss_matcher/core/kiss_matcher/points/eigen.hpp	file
mola_latest_20260917_ws/src/mola_sm_loop_closure/third_party/kiss-matcher/cpp/kiss_matcher/core/kiss_matcher/points/point_cloud.hpp	localization/mola_sm_loop_closure/third_party/kiss-matcher/cpp/kiss_matcher/core/kiss_matcher/points/point_cloud.hpp	file
mola_latest_20260917_ws/src/mola_sm_loop_closure/third_party/kiss-matcher/cpp/kiss_matcher/core/kiss_matcher/points/fast_floor.hpp	localization/mola_sm_loop_closure/third_party/kiss-matcher/cpp/kiss_matcher/core/kiss_matcher/points/fast_floor.hpp	file
mola_latest_20260917_ws/src/mola_sm_loop_closure/third_party/kiss-matcher/cpp/kiss_matcher/core/kiss_matcher/points/vector3i_hash.hpp	localization/mola_sm_loop_closure/third_party/kiss-matcher/cpp/kiss_matcher/core/kiss_matcher/points/vector3i_hash.hpp	file
mola_latest_20260917_ws/src/mola_sm_loop_closure/third_party/kiss-matcher/cpp/kiss_matcher/core/kiss_matcher/kdtree/nanoflann_tbb.hpp	localization/mola_sm_loop_closure/third_party/kiss-matcher/cpp/kiss_matcher/core/kiss_matcher/kdtree/nanoflann_tbb.hpp	file
mola_latest_20260917_ws/src/mola_sm_loop_closure/third_party/kiss-matcher/cpp/kiss_matcher/core/kiss_matcher/kdtree/kdtree_tbb.hpp	localization/mola_sm_loop_closure/third_party/kiss-matcher/cpp/kiss_matcher/core/kiss_matcher/kdtree/kdtree_tbb.hpp	file
mola_latest_20260917_ws/src/mola_sm_loop_closure/third_party/kiss-matcher/cpp/kiss_matcher/core/kiss_matcher/kdtree/traits.hpp	localization/mola_sm_loop_closure/third_party/kiss-matcher/cpp/kiss_matcher/core/kiss_matcher/kdtree/traits.hpp	file
mola_latest_20260917_ws/src/mola_sm_loop_closure/third_party/kiss-matcher/cpp/kiss_matcher/core/kiss_matcher/kdtree/nanoflann.hpp	localization/mola_sm_loop_closure/third_party/kiss-matcher/cpp/kiss_matcher/core/kiss_matcher/kdtree/nanoflann.hpp	file
mola_latest_20260917_ws/src/mola_sm_loop_closure/third_party/kiss-matcher/cpp/kiss_matcher/core/kiss_matcher/kdtree/kdtree.hpp	localization/mola_sm_loop_closure/third_party/kiss-matcher/cpp/kiss_matcher/core/kiss_matcher/kdtree/kdtree.hpp	file
mola_latest_20260917_ws/src/mola_sm_loop_closure/third_party/kiss-matcher/cpp/kiss_matcher/core/kiss_matcher/KISSMatcher.hpp	localization/mola_sm_loop_closure/third_party/kiss-matcher/cpp/kiss_matcher/core/kiss_matcher/KISSMatcher.hpp	file
mola_latest_20260917_ws/src/mola_sm_loop_closure/third_party/kiss-matcher/README.md	localization/mola_sm_loop_closure/third_party/kiss-matcher/README.md	file
mola_latest_20260917_ws/src/mola_sm_loop_closure/third_party/kiss-matcher/Makefile	localization/mola_sm_loop_closure/third_party/kiss-matcher/Makefile	file
mola_latest_20260917_ws/src/mola_sm_loop_closure/third_party/kiss-matcher/LICENSE	localization/mola_sm_loop_closure/third_party/kiss-matcher/LICENSE	file
mola_latest_20260917_ws/src/mola_sm_loop_closure/third_party/kiss-matcher/.gitignore	localization/mola_sm_loop_closure/third_party/kiss-matcher/.gitignore	file
mola_latest_20260917_ws/src/mola_sm_loop_closure/third_party/kiss-matcher/CONTRIBUTING.md	localization/mola_sm_loop_closure/third_party/kiss-matcher/CONTRIBUTING.md	file
mola_latest_20260917_ws/src/mola_sm_loop_closure/third_party/kiss-matcher/shellscripts/install_teaserpp.sh	localization/mola_sm_loop_closure/third_party/kiss-matcher/shellscripts/install_teaserpp.sh	file
mola_latest_20260917_ws/src/mola_sm_loop_closure/third_party/kiss-matcher/shellscripts/install_robin.sh	localization/mola_sm_loop_closure/third_party/kiss-matcher/shellscripts/install_robin.sh	file
mola_latest_20260917_ws/src/mola_sm_loop_closure/third_party/kiss-matcher/.clang-format	localization/mola_sm_loop_closure/third_party/kiss-matcher/.clang-format	file
mola_latest_20260917_ws/src/mola_sm_loop_closure/third_party/kiss-matcher/ros/README_ROS2_REGISTRATION.md	localization/mola_sm_loop_closure/third_party/kiss-matcher/ros/README_ROS2_REGISTRATION.md	file
mola_latest_20260917_ws/src/mola_sm_loop_closure/third_party/kiss-matcher/ros/src/slam/loop_detector.cpp	localization/mola_sm_loop_closure/third_party/kiss-matcher/ros/src/slam/loop_detector.cpp	file
mola_latest_20260917_ws/src/mola_sm_loop_closure/third_party/kiss-matcher/ros/src/slam/pose_graph_manager.cpp	localization/mola_sm_loop_closure/third_party/kiss-matcher/ros/src/slam/pose_graph_manager.cpp	file
mola_latest_20260917_ws/src/mola_sm_loop_closure/third_party/kiss-matcher/ros/src/slam/loop_closure.cpp	localization/mola_sm_loop_closure/third_party/kiss-matcher/ros/src/slam/loop_closure.cpp	file
mola_latest_20260917_ws/src/mola_sm_loop_closure/third_party/kiss-matcher/ros/src/inter_frame_alignment.cpp	localization/mola_sm_loop_closure/third_party/kiss-matcher/ros/src/inter_frame_alignment.cpp	file
mola_latest_20260917_ws/src/mola_sm_loop_closure/third_party/kiss-matcher/ros/src/run_kiss_matcher.cpp	localization/mola_sm_loop_closure/third_party/kiss-matcher/ros/src/run_kiss_matcher.cpp	file
mola_latest_20260917_ws/src/mola_sm_loop_closure/third_party/kiss-matcher/ros/src/registration_visualizer.cpp	localization/mola_sm_loop_closure/third_party/kiss-matcher/ros/src/registration_visualizer.cpp	file
mola_latest_20260917_ws/src/mola_sm_loop_closure/third_party/kiss-matcher/ros/README.md	localization/mola_sm_loop_closure/third_party/kiss-matcher/ros/README.md	file
mola_latest_20260917_ws/src/mola_sm_loop_closure/third_party/kiss-matcher/ros/CMakeLists.txt	localization/mola_sm_loop_closure/third_party/kiss-matcher/ros/CMakeLists.txt	file
mola_latest_20260917_ws/src/mola_sm_loop_closure/third_party/kiss-matcher/ros/launch/run_kiss_matcher_sam.launch.yaml	localization/mola_sm_loop_closure/third_party/kiss-matcher/ros/launch/run_kiss_matcher_sam.launch.yaml	file
mola_latest_20260917_ws/src/mola_sm_loop_closure/third_party/kiss-matcher/ros/launch/visualizer_launch.py	localization/mola_sm_loop_closure/third_party/kiss-matcher/ros/launch/visualizer_launch.py	file
mola_latest_20260917_ws/src/mola_sm_loop_closure/third_party/kiss-matcher/ros/launch/inter_frame_alignment.launch.yaml	localization/mola_sm_loop_closure/third_party/kiss-matcher/ros/launch/inter_frame_alignment.launch.yaml	file
mola_latest_20260917_ws/src/mola_sm_loop_closure/third_party/kiss-matcher/ros/launch/slam_in_kimera_multi.launch.yaml	localization/mola_sm_loop_closure/third_party/kiss-matcher/ros/launch/slam_in_kimera_multi.launch.yaml	file
mola_latest_20260917_ws/src/mola_sm_loop_closure/third_party/kiss-matcher/ros/LICENSE	localization/mola_sm_loop_closure/third_party/kiss-matcher/ros/LICENSE	file
mola_latest_20260917_ws/src/mola_sm_loop_closure/third_party/kiss-matcher/ros/rviz/kiss_matcher_sam.rviz	localization/mola_sm_loop_closure/third_party/kiss-matcher/ros/rviz/kiss_matcher_sam.rviz	file
mola_latest_20260917_ws/src/mola_sm_loop_closure/third_party/kiss-matcher/ros/rviz/kimera_multi_initial_alignment.rviz	localization/mola_sm_loop_closure/third_party/kiss-matcher/ros/rviz/kimera_multi_initial_alignment.rviz	file
mola_latest_20260917_ws/src/mola_sm_loop_closure/third_party/kiss-matcher/ros/rviz/kiss_matcher_reg.rviz	localization/mola_sm_loop_closure/third_party/kiss-matcher/ros/rviz/kiss_matcher_reg.rviz	file
mola_latest_20260917_ws/src/mola_sm_loop_closure/third_party/kiss-matcher/ros/rviz/slam_in_kimera_multi.rviz	localization/mola_sm_loop_closure/third_party/kiss-matcher/ros/rviz/slam_in_kimera_multi.rviz	file
mola_latest_20260917_ws/src/mola_sm_loop_closure/third_party/kiss-matcher/ros/include/slam/loop_closure.h	localization/mola_sm_loop_closure/third_party/kiss-matcher/ros/include/slam/loop_closure.h	file
mola_latest_20260917_ws/src/mola_sm_loop_closure/third_party/kiss-matcher/ros/include/slam/utils.hpp	localization/mola_sm_loop_closure/third_party/kiss-matcher/ros/include/slam/utils.hpp	file
mola_latest_20260917_ws/src/mola_sm_loop_closure/third_party/kiss-matcher/ros/include/slam/pose_graph_node.hpp	localization/mola_sm_loop_closure/third_party/kiss-matcher/ros/include/slam/pose_graph_node.hpp	file
mola_latest_20260917_ws/src/mola_sm_loop_closure/third_party/kiss-matcher/ros/include/slam/loop_detector.h	localization/mola_sm_loop_closure/third_party/kiss-matcher/ros/include/slam/loop_detector.h	file
mola_latest_20260917_ws/src/mola_sm_loop_closure/third_party/kiss-matcher/ros/include/slam/pose_graph_manager.h	localization/mola_sm_loop_closure/third_party/kiss-matcher/ros/include/slam/pose_graph_manager.h	file
mola_latest_20260917_ws/src/mola_sm_loop_closure/third_party/kiss-matcher/ros/include/slam/loop_types.hpp	localization/mola_sm_loop_closure/third_party/kiss-matcher/ros/include/slam/loop_types.hpp	file
mola_latest_20260917_ws/src/mola_sm_loop_closure/third_party/kiss-matcher/ros/include/tictoc.hpp	localization/mola_sm_loop_closure/third_party/kiss-matcher/ros/include/tictoc.hpp	file
mola_latest_20260917_ws/src/mola_sm_loop_closure/third_party/kiss-matcher/ros/config/slam_config.yaml	localization/mola_sm_loop_closure/third_party/kiss-matcher/ros/config/slam_config.yaml	file
mola_latest_20260917_ws/src/mola_sm_loop_closure/third_party/kiss-matcher/ros/config/kimera_multi/ouster64.yaml	localization/mola_sm_loop_closure/third_party/kiss-matcher/ros/config/kimera_multi/ouster64.yaml	file
mola_latest_20260917_ws/src/mola_sm_loop_closure/third_party/kiss-matcher/ros/config/kimera_multi/velodyne16.yaml	localization/mola_sm_loop_closure/third_party/kiss-matcher/ros/config/kimera_multi/velodyne16.yaml	file
mola_latest_20260917_ws/src/mola_sm_loop_closure/third_party/kiss-matcher/ros/config/params.yaml	localization/mola_sm_loop_closure/third_party/kiss-matcher/ros/config/params.yaml	file
mola_latest_20260917_ws/src/mola_sm_loop_closure/third_party/kiss-matcher/ros/config/alignment_config.yaml	localization/mola_sm_loop_closure/third_party/kiss-matcher/ros/config/alignment_config.yaml	file
mola_latest_20260917_ws/src/mola_sm_loop_closure/third_party/kiss-matcher/ros/package.xml	localization/mola_sm_loop_closure/third_party/kiss-matcher/ros/package.xml	file
mola_latest_20260917_ws/src/mola_sm_loop_closure/third_party/kiss-matcher/python/COLCON_IGNORE	localization/mola_sm_loop_closure/third_party/kiss-matcher/python/COLCON_IGNORE	file
mola_latest_20260917_ws/src/mola_sm_loop_closure/third_party/kiss-matcher/python/README.md	localization/mola_sm_loop_closure/third_party/kiss-matcher/python/README.md	file
mola_latest_20260917_ws/src/mola_sm_loop_closure/third_party/kiss-matcher/python/examples/quickstart.py	localization/mola_sm_loop_closure/third_party/kiss-matcher/python/examples/quickstart.py	file
mola_latest_20260917_ws/src/mola_sm_loop_closure/third_party/kiss-matcher/python/examples/run_kiss_matcher.py	localization/mola_sm_loop_closure/third_party/kiss-matcher/python/examples/run_kiss_matcher.py	file
mola_latest_20260917_ws/src/mola_sm_loop_closure/third_party/kiss-matcher/python/tests/test_kiss_matcher.py	localization/mola_sm_loop_closure/third_party/kiss-matcher/python/tests/test_kiss_matcher.py	file
mola_latest_20260917_ws/src/mola_sm_loop_closure/third_party/kiss-matcher/python/tests/__init__.py	localization/mola_sm_loop_closure/third_party/kiss-matcher/python/tests/__init__.py	file
mola_latest_20260917_ws/src/mola_sm_loop_closure/third_party/kiss-matcher/python/kiss_matcher/__init__.py	localization/mola_sm_loop_closure/third_party/kiss-matcher/python/kiss_matcher/__init__.py	file
mola_latest_20260917_ws/src/mola_sm_loop_closure/third_party/kiss-matcher/python/kiss_matcher/pybind/kiss_matcher_pybind.cpp	localization/mola_sm_loop_closure/third_party/kiss-matcher/python/kiss_matcher/pybind/kiss_matcher_pybind.cpp	file
mola_latest_20260917_ws/src/mola_sm_loop_closure/third_party/kiss-matcher/python/kiss_matcher/pybind/CMakeLists.txt	localization/mola_sm_loop_closure/third_party/kiss-matcher/python/kiss_matcher/pybind/CMakeLists.txt	file
mola_latest_20260917_ws/src/mola_sm_loop_closure/third_party/kiss-matcher/python/kiss_matcher/pybind/.gitignore	localization/mola_sm_loop_closure/third_party/kiss-matcher/python/kiss_matcher/pybind/.gitignore	file
mola_latest_20260917_ws/src/mola_sm_loop_closure/third_party/kiss-matcher/python/kiss_matcher/pybind/stl_vector_eigen.h	localization/mola_sm_loop_closure/third_party/kiss-matcher/python/kiss_matcher/pybind/stl_vector_eigen.h	file
mola_latest_20260917_ws/src/mola_sm_loop_closure/third_party/kiss-matcher/python/kiss_matcher/io_utils.py	localization/mola_sm_loop_closure/third_party/kiss-matcher/python/kiss_matcher/io_utils.py	file
mola_latest_20260917_ws/src/mola_sm_loop_closure/third_party/kiss-matcher/python/utils/bin2pcd.py	localization/mola_sm_loop_closure/third_party/kiss-matcher/python/utils/bin2pcd.py	file
mola_latest_20260917_ws/src/mola_sm_loop_closure/third_party/kiss-matcher/python/utils/download_datasets.py	localization/mola_sm_loop_closure/third_party/kiss-matcher/python/utils/download_datasets.py	file
mola_latest_20260917_ws/src/mola_sm_loop_closure/third_party/kiss-matcher/python/CMakeLists.txt	localization/mola_sm_loop_closure/third_party/kiss-matcher/python/CMakeLists.txt	file
mola_latest_20260917_ws/src/mola_sm_loop_closure/third_party/kiss-matcher/python/LICENSE	localization/mola_sm_loop_closure/third_party/kiss-matcher/python/LICENSE	file
mola_latest_20260917_ws/src/mola_sm_loop_closure/third_party/kiss-matcher/python/pyproject.toml	localization/mola_sm_loop_closure/third_party/kiss-matcher/python/pyproject.toml	file
mola_latest_20260917_ws/src/mola_sm_loop_closure/pipelines/loop-closure-f2f-lidar3d-gicp.yaml	localization/mola_sm_loop_closure/pipelines/loop-closure-f2f-lidar3d-gicp.yaml	file
mola_latest_20260917_ws/src/mola_sm_loop_closure/pipelines/loop-closure-lidar3d-gicp.yaml	localization/mola_sm_loop_closure/pipelines/loop-closure-lidar3d-gicp.yaml	file
mola_latest_20260917_ws/src/mola_sm_loop_closure/pipelines/loop-closure-lidar3d-icp.yaml	localization/mola_sm_loop_closure/pipelines/loop-closure-lidar3d-icp.yaml	file
mola_latest_20260917_ws/src/mola_sm_loop_closure/pipelines/loop-closure-lidar2d.yaml	localization/mola_sm_loop_closure/pipelines/loop-closure-lidar2d.yaml	file
mola_latest_20260917_ws/src/mola_sm_loop_closure/CONTRIBUTING.md	localization/mola_sm_loop_closure/CONTRIBUTING.md	file
mola_latest_20260917_ws/src/mola_sm_loop_closure/scripts/formatter.sh	localization/mola_sm_loop_closure/scripts/formatter.sh	file
mola_latest_20260917_ws/src/mola_sm_loop_closure/.gitmodules	localization/mola_sm_loop_closure/.gitmodules	file
mola_latest_20260917_ws/src/mola_sm_loop_closure/.clang-format	localization/mola_sm_loop_closure/.clang-format	file
mola_latest_20260917_ws/src/mola_sm_loop_closure/package.xml	localization/mola_sm_loop_closure/package.xml	file
mola_latest_20260917_ws/src/mola_sm_loop_closure/.clang-tidy	localization/mola_sm_loop_closure/.clang-tidy	file
mola_latest_20260917_ws/src/mola_state_estimation/.vscode/settings.json	localization/mola_source_metadata/mola_state_estimation/.vscode/settings.json	file
mola_latest_20260917_ws/src/mola_state_estimation/.devcontainer/Dockerfile	localization/mola_source_metadata/mola_state_estimation/.devcontainer/Dockerfile	file
mola_latest_20260917_ws/src/mola_state_estimation/.devcontainer/devcontainer.json	localization/mola_source_metadata/mola_state_estimation/.devcontainer/devcontainer.json	file
mola_latest_20260917_ws/src/mola_state_estimation/colcon_defaults.yaml	localization/mola_source_metadata/mola_state_estimation/colcon_defaults.yaml	file
mola_latest_20260917_ws/src/mola_state_estimation/.github/workflows/build-ros.yml	localization/mola_source_metadata/mola_state_estimation/.github/workflows/build-ros.yml	file
mola_latest_20260917_ws/src/mola_state_estimation/.github/workflows/check-clang-format.yml	localization/mola_source_metadata/mola_state_estimation/.github/workflows/check-clang-format.yml	file
mola_latest_20260917_ws/src/mola_state_estimation/.github/python_clang_format_reqs.txt	localization/mola_source_metadata/mola_state_estimation/.github/python_clang_format_reqs.txt	file
mola_latest_20260917_ws/src/mola_state_estimation/.github/check_style.sh	localization/mola_source_metadata/mola_state_estimation/.github/check_style.sh	file
mola_latest_20260917_ws/src/mola_state_estimation/mola_georeferencing/src/simplemap_georeference.cpp	localization/mola_georeferencing/src/simplemap_georeference.cpp	file
mola_latest_20260917_ws/src/mola_state_estimation/mola_georeferencing/CHANGELOG.rst	localization/mola_georeferencing/CHANGELOG.rst	file
mola_latest_20260917_ws/src/mola_state_estimation/mola_georeferencing/README.md	localization/mola_georeferencing/README.md	file
mola_latest_20260917_ws/src/mola_state_estimation/mola_georeferencing/tests/m2dgr_gate01_gps.simplemap	localization/mola_georeferencing/tests/m2dgr_gate01_gps.simplemap	file
mola_latest_20260917_ws/src/mola_state_estimation/mola_georeferencing/tests/CMakeLists.txt	localization/mola_georeferencing/tests/CMakeLists.txt	file
mola_latest_20260917_ws/src/mola_state_estimation/mola_georeferencing/tests/test_imu_attitude.cpp	localization/mola_georeferencing/tests/test_imu_attitude.cpp	file
mola_latest_20260917_ws/src/mola_state_estimation/mola_georeferencing/apps/mola-trajectory-georef-cli.cpp	localization/mola_georeferencing/apps/mola-trajectory-georef-cli.cpp	file
mola_latest_20260917_ws/src/mola_state_estimation/mola_georeferencing/apps/mola-mm-add-geodetic-cli.cpp	localization/mola_georeferencing/apps/mola-mm-add-geodetic-cli.cpp	file
mola_latest_20260917_ws/src/mola_state_estimation/mola_georeferencing/apps/mola-sm-georeferencing-cli.cpp	localization/mola_georeferencing/apps/mola-sm-georeferencing-cli.cpp	file
mola_latest_20260917_ws/src/mola_state_estimation/mola_georeferencing/CMakeLists.txt	localization/mola_georeferencing/CMakeLists.txt	file
mola_latest_20260917_ws/src/mola_state_estimation/mola_georeferencing/LICENSE	localization/mola_georeferencing/LICENSE	file
mola_latest_20260917_ws/src/mola_state_estimation/mola_georeferencing/include/mola_georeferencing/simplemap_georeference.h	localization/mola_georeferencing/include/mola_georeferencing/simplemap_georeference.h	file
mola_latest_20260917_ws/src/mola_state_estimation/mola_georeferencing/package.xml	localization/mola_georeferencing/package.xml	file
mola_latest_20260917_ws/src/mola_state_estimation/mola_gtsam_factors/src/FactorTricycleKinematic.cpp	localization/mola_gtsam_factors/src/FactorTricycleKinematic.cpp	file
mola_latest_20260917_ws/src/mola_state_estimation/mola_gtsam_factors/src/Pose3RotationFactor.cpp	localization/mola_gtsam_factors/src/Pose3RotationFactor.cpp	file
mola_latest_20260917_ws/src/mola_state_estimation/mola_gtsam_factors/src/FactorGnssMapEnu.cpp	localization/mola_gtsam_factors/src/FactorGnssMapEnu.cpp	file
mola_latest_20260917_ws/src/mola_state_estimation/mola_gtsam_factors/src/MeasuredGravityFactor.cpp	localization/mola_gtsam_factors/src/MeasuredGravityFactor.cpp	file
mola_latest_20260917_ws/src/mola_state_estimation/mola_gtsam_factors/src/register.cpp	localization/mola_gtsam_factors/src/register.cpp	file
mola_latest_20260917_ws/src/mola_state_estimation/mola_gtsam_factors/src/FactorTrapezoidalIntegrator.cpp	localization/mola_gtsam_factors/src/FactorTrapezoidalIntegrator.cpp	file
mola_latest_20260917_ws/src/mola_state_estimation/mola_gtsam_factors/src/FactorAngularVelocityIntegration.cpp	localization/mola_gtsam_factors/src/FactorAngularVelocityIntegration.cpp	file
mola_latest_20260917_ws/src/mola_state_estimation/mola_gtsam_factors/src/FactorGnssEnu.cpp	localization/mola_gtsam_factors/src/FactorGnssEnu.cpp	file
mola_latest_20260917_ws/src/mola_state_estimation/mola_gtsam_factors/src/FactorConstLocalVelocity.cpp	localization/mola_gtsam_factors/src/FactorConstLocalVelocity.cpp	file
mola_latest_20260917_ws/src/mola_state_estimation/mola_gtsam_factors/CHANGELOG.rst	localization/mola_gtsam_factors/CHANGELOG.rst	file
mola_latest_20260917_ws/src/mola_state_estimation/mola_gtsam_factors/README.md	localization/mola_gtsam_factors/README.md	file
mola_latest_20260917_ws/src/mola_state_estimation/mola_gtsam_factors/CMakeLists.txt	localization/mola_gtsam_factors/CMakeLists.txt	file
mola_latest_20260917_ws/src/mola_state_estimation/mola_gtsam_factors/LICENSE	localization/mola_gtsam_factors/LICENSE	file
mola_latest_20260917_ws/src/mola_state_estimation/mola_gtsam_factors/include/mola_gtsam_factors/MeasuredGravityFactor.h	localization/mola_gtsam_factors/include/mola_gtsam_factors/MeasuredGravityFactor.h	file
mola_latest_20260917_ws/src/mola_state_estimation/mola_gtsam_factors/include/mola_gtsam_factors/FactorGnssEnu.h	localization/mola_gtsam_factors/include/mola_gtsam_factors/FactorGnssEnu.h	file
mola_latest_20260917_ws/src/mola_state_estimation/mola_gtsam_factors/include/mola_gtsam_factors/FactorAngularVelocityIntegration.h	localization/mola_gtsam_factors/include/mola_gtsam_factors/FactorAngularVelocityIntegration.h	file
mola_latest_20260917_ws/src/mola_state_estimation/mola_gtsam_factors/include/mola_gtsam_factors/gtsam_detect_version.h	localization/mola_gtsam_factors/include/mola_gtsam_factors/gtsam_detect_version.h	file
mola_latest_20260917_ws/src/mola_state_estimation/mola_gtsam_factors/include/mola_gtsam_factors/Pose3RotationFactor.h	localization/mola_gtsam_factors/include/mola_gtsam_factors/Pose3RotationFactor.h	file
mola_latest_20260917_ws/src/mola_state_estimation/mola_gtsam_factors/include/mola_gtsam_factors/FactorGnssMapEnu.h	localization/mola_gtsam_factors/include/mola_gtsam_factors/FactorGnssMapEnu.h	file
mola_latest_20260917_ws/src/mola_state_estimation/mola_gtsam_factors/include/mola_gtsam_factors/FactorTrapezoidalIntegrator.h	localization/mola_gtsam_factors/include/mola_gtsam_factors/FactorTrapezoidalIntegrator.h	file
mola_latest_20260917_ws/src/mola_state_estimation/mola_gtsam_factors/include/mola_gtsam_factors/id.h	localization/mola_gtsam_factors/include/mola_gtsam_factors/id.h	file
mola_latest_20260917_ws/src/mola_state_estimation/mola_gtsam_factors/include/mola_gtsam_factors/FactorTricycleKinematic.h	localization/mola_gtsam_factors/include/mola_gtsam_factors/FactorTricycleKinematic.h	file
mola_latest_20260917_ws/src/mola_state_estimation/mola_gtsam_factors/include/mola_gtsam_factors/FactorConstLocalVelocity.h	localization/mola_gtsam_factors/include/mola_gtsam_factors/FactorConstLocalVelocity.h	file
mola_latest_20260917_ws/src/mola_state_estimation/mola_gtsam_factors/package.xml	localization/mola_gtsam_factors/package.xml	file
mola_latest_20260917_ws/src/mola_state_estimation/README.md	localization/mola_source_metadata/mola_state_estimation/README.md	file
mola_latest_20260917_ws/src/mola_state_estimation/mola_state_estimation_simple/src/StateEstimationSimple.cpp	localization/mola_state_estimation_simple/src/StateEstimationSimple.cpp	file
mola_latest_20260917_ws/src/mola_state_estimation/mola_state_estimation_simple/src/Parameters.cpp	localization/mola_state_estimation_simple/src/Parameters.cpp	file
mola_latest_20260917_ws/src/mola_state_estimation/mola_state_estimation_simple/src/register.cpp	localization/mola_state_estimation_simple/src/register.cpp	file
mola_latest_20260917_ws/src/mola_state_estimation/mola_state_estimation_simple/CHANGELOG.rst	localization/mola_state_estimation_simple/CHANGELOG.rst	file
mola_latest_20260917_ws/src/mola_state_estimation/mola_state_estimation_simple/README.md	localization/mola_state_estimation_simple/README.md	file
mola_latest_20260917_ws/src/mola_state_estimation/mola_state_estimation_simple/tests/CMakeLists.txt	localization/mola_state_estimation_simple/tests/CMakeLists.txt	file
mola_latest_20260917_ws/src/mola_state_estimation/mola_state_estimation_simple/tests/test-state-estimation-simple.cpp	localization/mola_state_estimation_simple/tests/test-state-estimation-simple.cpp	file
mola_latest_20260917_ws/src/mola_state_estimation/mola_state_estimation_simple/CMakeLists.txt	localization/mola_state_estimation_simple/CMakeLists.txt	file
mola_latest_20260917_ws/src/mola_state_estimation/mola_state_estimation_simple/LICENSE	localization/mola_state_estimation_simple/LICENSE	file
mola_latest_20260917_ws/src/mola_state_estimation/mola_state_estimation_simple/include/mola_state_estimation_simple/Parameters.h	localization/mola_state_estimation_simple/include/mola_state_estimation_simple/Parameters.h	file
mola_latest_20260917_ws/src/mola_state_estimation/mola_state_estimation_simple/include/mola_state_estimation_simple/StateEstimationSimple.h	localization/mola_state_estimation_simple/include/mola_state_estimation_simple/StateEstimationSimple.h	file
mola_latest_20260917_ws/src/mola_state_estimation/mola_state_estimation_simple/package.xml	localization/mola_state_estimation_simple/package.xml	file
mola_latest_20260917_ws/src/mola_state_estimation/docs/mola_state_estimators.rst	localization/mola_source_metadata/mola_state_estimation/docs/mola_state_estimators.rst	file
mola_latest_20260917_ws/src/mola_state_estimation/docs/imgs/mola_state_estimation_api_overview.webp	localization/mola_source_metadata/mola_state_estimation/docs/imgs/mola_state_estimation_api_overview.webp	file
mola_latest_20260917_ws/src/mola_state_estimation/docs/georef-apps.rst	localization/mola_source_metadata/mola_state_estimation/docs/georef-apps.rst	file
mola_latest_20260917_ws/src/mola_state_estimation/AGENTS.md	localization/mola_source_metadata/mola_state_estimation/AGENTS.md	file
mola_latest_20260917_ws/src/mola_state_estimation/cla/individual-cla.md	localization/mola_source_metadata/mola_state_estimation/cla/individual-cla.md	file
mola_latest_20260917_ws/src/mola_state_estimation/LICENSE	localization/mola_source_metadata/mola_state_estimation/LICENSE	file
mola_latest_20260917_ws/src/mola_state_estimation/.gitignore	localization/mola_source_metadata/mola_state_estimation/.gitignore	file
mola_latest_20260917_ws/src/mola_state_estimation/CONTRIBUTING.md	localization/mola_source_metadata/mola_state_estimation/CONTRIBUTING.md	file
mola_latest_20260917_ws/src/mola_state_estimation/scripts/clang_git_format/clang_git_format/repo.py	localization/mola_source_metadata/mola_state_estimation/scripts/clang_git_format/clang_git_format/repo.py	file
mola_latest_20260917_ws/src/mola_state_estimation/scripts/clang_git_format/clang_git_format/__init__.py	localization/mola_source_metadata/mola_state_estimation/scripts/clang_git_format/clang_git_format/__init__.py	file
mola_latest_20260917_ws/src/mola_state_estimation/scripts/clang_git_format/clang_git_format/config.py	localization/mola_source_metadata/mola_state_estimation/scripts/clang_git_format/clang_git_format/config.py	file
mola_latest_20260917_ws/src/mola_state_estimation/scripts/clang_git_format/clang_git_format/custom_exceptions.py	localization/mola_source_metadata/mola_state_estimation/scripts/clang_git_format/clang_git_format/custom_exceptions.py	file
mola_latest_20260917_ws/src/mola_state_estimation/scripts/clang_git_format/clang_git_format/utils.py	localization/mola_source_metadata/mola_state_estimation/scripts/clang_git_format/clang_git_format/utils.py	file
mola_latest_20260917_ws/src/mola_state_estimation/scripts/clang_git_format/clang_git_format/clang_format.py	localization/mola_source_metadata/mola_state_estimation/scripts/clang_git_format/clang_git_format/clang_format.py	file
mola_latest_20260917_ws/src/mola_state_estimation/scripts/clang_git_format/format_code.py	localization/mola_source_metadata/mola_state_estimation/scripts/clang_git_format/format_code.py	file
mola_latest_20260917_ws/src/mola_state_estimation/scripts/clang_git_format/README.md	localization/mola_source_metadata/mola_state_estimation/scripts/clang_git_format/README.md	file
mola_latest_20260917_ws/src/mola_state_estimation/scripts/clang_git_format/LICENSE	localization/mola_source_metadata/mola_state_estimation/scripts/clang_git_format/LICENSE	file
mola_latest_20260917_ws/src/mola_state_estimation/scripts/clang_git_format/.gitignore	localization/mola_source_metadata/mola_state_estimation/scripts/clang_git_format/.gitignore	file
mola_latest_20260917_ws/src/mola_state_estimation/scripts/clang-formatter.sh	localization/mola_source_metadata/mola_state_estimation/scripts/clang-formatter.sh	file
mola_latest_20260917_ws/src/mola_state_estimation/scripts/generate_statuses_table.py	localization/mola_source_metadata/mola_state_estimation/scripts/generate_statuses_table.py	file
mola_latest_20260917_ws/src/mola_state_estimation/.clang-format	localization/mola_source_metadata/mola_state_estimation/.clang-format	file
mola_latest_20260917_ws/src/mola_state_estimation/mola_state_estimation/CHANGELOG.rst	localization/mola_state_estimation/CHANGELOG.rst	file
mola_latest_20260917_ws/src/mola_state_estimation/mola_state_estimation/CMakeLists.txt	localization/mola_state_estimation/CMakeLists.txt	file
mola_latest_20260917_ws/src/mola_state_estimation/mola_state_estimation/LICENSE	localization/mola_state_estimation/LICENSE	file
mola_latest_20260917_ws/src/mola_state_estimation/mola_state_estimation/package.xml	localization/mola_state_estimation/package.xml	file
mola_latest_20260917_ws/src/mola_state_estimation/mola_state_estimation_smoother/test/integration/data/moving_test_smoother_params.yaml	localization/mola_state_estimation_smoother/test/integration/data/moving_test_smoother_params.yaml	file
mola_latest_20260917_ws/src/mola_state_estimation/mola_state_estimation_smoother/test/integration/data/static_test_smoother_params.yaml	localization/mola_state_estimation_smoother/test/integration/data/static_test_smoother_params.yaml	file
mola_latest_20260917_ws/src/mola_state_estimation/mola_state_estimation_smoother/test/integration/__init__.py	localization/mola_state_estimation_smoother/test/integration/__init__.py	file
mola_latest_20260917_ws/src/mola_state_estimation/mola_state_estimation_smoother/test/integration/test_moving_georef.py	localization/mola_state_estimation_smoother/test/integration/test_moving_georef.py	file
mola_latest_20260917_ws/src/mola_state_estimation/mola_state_estimation_smoother/test/integration/sensor_mock_node.py	localization/mola_state_estimation_smoother/test/integration/sensor_mock_node.py	file
mola_latest_20260917_ws/src/mola_state_estimation/mola_state_estimation_smoother/test/integration/common.py	localization/mola_state_estimation_smoother/test/integration/common.py	file
mola_latest_20260917_ws/src/mola_state_estimation/mola_state_estimation_smoother/test/integration/test_static_convergence.py	localization/mola_state_estimation_smoother/test/integration/test_static_convergence.py	file
mola_latest_20260917_ws/src/mola_state_estimation/mola_state_estimation_smoother/src/pose_pdf_to_string_with_sigmas.cpp	localization/mola_state_estimation_smoother/src/pose_pdf_to_string_with_sigmas.cpp	file
mola_latest_20260917_ws/src/mola_state_estimation/mola_state_estimation_smoother/src/Parameters.cpp	localization/mola_state_estimation_smoother/src/Parameters.cpp	file
mola_latest_20260917_ws/src/mola_state_estimation/mola_state_estimation_smoother/src/register.cpp	localization/mola_state_estimation_smoother/src/register.cpp	file
mola_latest_20260917_ws/src/mola_state_estimation/mola_state_estimation_smoother/src/StateEstimationSmoother.cpp	localization/mola_state_estimation_smoother/src/StateEstimationSmoother.cpp	file
mola_latest_20260917_ws/src/mola_state_estimation/mola_state_estimation_smoother/ros2-launchs/ros2-state-estimator.launch.py	localization/mola_state_estimation_smoother/ros2-launchs/ros2-state-estimator.launch.py	file
mola_latest_20260917_ws/src/mola_state_estimation/mola_state_estimation_smoother/ros2-launchs/ros2-fuse-two-odometries.launch.py	localization/mola_state_estimation_smoother/ros2-launchs/ros2-fuse-two-odometries.launch.py	file
mola_latest_20260917_ws/src/mola_state_estimation/mola_state_estimation_smoother/CHANGELOG.rst	localization/mola_state_estimation_smoother/CHANGELOG.rst	file
mola_latest_20260917_ws/src/mola_state_estimation/mola_state_estimation_smoother/README.md	localization/mola_state_estimation_smoother/README.md	file
mola_latest_20260917_ws/src/mola_state_estimation/mola_state_estimation_smoother/tests/test-static-gnss-imu-orientation.cpp	localization/mola_state_estimation_smoother/tests/test-static-gnss-imu-orientation.cpp	file
mola_latest_20260917_ws/src/mola_state_estimation/mola_state_estimation_smoother/tests/mola-navstate-fg-params.yaml	localization/mola_state_estimation_smoother/tests/mola-navstate-fg-params.yaml	file
mola_latest_20260917_ws/src/mola_state_estimation/mola_state_estimation_smoother/tests/test-two-odometries.cpp	localization/mola_state_estimation_smoother/tests/test-two-odometries.cpp	file
mola_latest_20260917_ws/src/mola_state_estimation/mola_state_estimation_smoother/tests/test-navstate-basic.cpp	localization/mola_state_estimation_smoother/tests/test-navstate-basic.cpp	file
mola_latest_20260917_ws/src/mola_state_estimation/mola_state_estimation_smoother/tests/CMakeLists.txt	localization/mola_state_estimation_smoother/tests/CMakeLists.txt	file
mola_latest_20260917_ws/src/mola_state_estimation/mola_state_estimation_smoother/tests/test-twist-fusion.cpp	localization/mola_state_estimation_smoother/tests/test-twist-fusion.cpp	file
mola_latest_20260917_ws/src/mola_state_estimation/mola_state_estimation_smoother/tests/test-navstate-odom-gnss-fusion.cpp	localization/mola_state_estimation_smoother/tests/test-navstate-odom-gnss-fusion.cpp	file
mola_latest_20260917_ws/src/mola_state_estimation/mola_state_estimation_smoother/tests/test-lidar-imu-leveling.cpp	localization/mola_state_estimation_smoother/tests/test-lidar-imu-leveling.cpp	file
mola_latest_20260917_ws/src/mola_state_estimation/mola_state_estimation_smoother/mola-cli-launchs/demo_lidar_odom_plus_wheel_odom_fusion.yaml	localization/mola_state_estimation_smoother/mola-cli-launchs/demo_lidar_odom_plus_wheel_odom_fusion.yaml	file
mola_latest_20260917_ws/src/mola_state_estimation/mola_state_estimation_smoother/mola-cli-launchs/state_estimator_ros2.yaml	localization/mola_state_estimation_smoother/mola-cli-launchs/state_estimator_ros2.yaml	file
mola_latest_20260917_ws/src/mola_state_estimation/mola_state_estimation_smoother/apps/mola-navstate-cli.cpp	localization/mola_state_estimation_smoother/apps/mola-navstate-cli.cpp	file
mola_latest_20260917_ws/src/mola_state_estimation/mola_state_estimation_smoother/CMakeLists.txt	localization/mola_state_estimation_smoother/CMakeLists.txt	file
mola_latest_20260917_ws/src/mola_state_estimation/mola_state_estimation_smoother/params/state-estimation-smoother.yaml	localization/mola_state_estimation_smoother/params/state-estimation-smoother.yaml	file
mola_latest_20260917_ws/src/mola_state_estimation/mola_state_estimation_smoother/LICENSE	localization/mola_state_estimation_smoother/LICENSE	file
mola_latest_20260917_ws/src/mola_state_estimation/mola_state_estimation_smoother/include/mola_state_estimation_smoother/Parameters.h	localization/mola_state_estimation_smoother/include/mola_state_estimation_smoother/Parameters.h	file
mola_latest_20260917_ws/src/mola_state_estimation/mola_state_estimation_smoother/include/mola_state_estimation_smoother/pose_pdf_to_string_with_sigmas.h	localization/mola_state_estimation_smoother/include/mola_state_estimation_smoother/pose_pdf_to_string_with_sigmas.h	file
mola_latest_20260917_ws/src/mola_state_estimation/mola_state_estimation_smoother/include/mola_state_estimation_smoother/StateEstimationSmoother.h	localization/mola_state_estimation_smoother/include/mola_state_estimation_smoother/StateEstimationSmoother.h	file
mola_latest_20260917_ws/src/mola_state_estimation/mola_state_estimation_smoother/package.xml	localization/mola_state_estimation_smoother/package.xml	file
mola_latest_20260917_ws/src/mola_state_estimation/.clang-tidy	localization/mola_source_metadata/mola_state_estimation/.clang-tidy	file
mola_latest_20260917_ws/src/mola_imu_preintegration/agents.md	localization/mola_imu_preintegration/agents.md	file
mola_latest_20260917_ws/src/mola_imu_preintegration/colcon_defaults.yaml	localization/mola_imu_preintegration/colcon_defaults.yaml	file
mola_latest_20260917_ws/src/mola_imu_preintegration/.github/workflows/build-ros.yml	localization/mola_imu_preintegration/.github/workflows/build-ros.yml	file
mola_latest_20260917_ws/src/mola_imu_preintegration/.github/workflows/check-clang-format.yml	localization/mola_imu_preintegration/.github/workflows/check-clang-format.yml	file
mola_latest_20260917_ws/src/mola_imu_preintegration/src/MapGravityEstimator.cpp	localization/mola_imu_preintegration/src/MapGravityEstimator.cpp	file
mola_latest_20260917_ws/src/mola_imu_preintegration/src/trajectory_from_buffer.cpp	localization/mola_imu_preintegration/src/trajectory_from_buffer.cpp	file
mola_latest_20260917_ws/src/mola_imu_preintegration/src/ImuIntegrator.cpp	localization/mola_imu_preintegration/src/ImuIntegrator.cpp	file
mola_latest_20260917_ws/src/mola_imu_preintegration/src/so3_jacobians.cpp	localization/mola_imu_preintegration/src/so3_jacobians.cpp	file
mola_latest_20260917_ws/src/mola_imu_preintegration/src/register.cpp	localization/mola_imu_preintegration/src/register.cpp	file
mola_latest_20260917_ws/src/mola_imu_preintegration/src/ImuIntegrationParams.cpp	localization/mola_imu_preintegration/src/ImuIntegrationParams.cpp	file
mola_latest_20260917_ws/src/mola_imu_preintegration/src/ImuInitialCalibrator.cpp	localization/mola_imu_preintegration/src/ImuInitialCalibrator.cpp	file
mola_latest_20260917_ws/src/mola_imu_preintegration/src/ImuTransformer.cpp	localization/mola_imu_preintegration/src/ImuTransformer.cpp	file
mola_latest_20260917_ws/src/mola_imu_preintegration/src/LocalVelocityBuffer.cpp	localization/mola_imu_preintegration/src/LocalVelocityBuffer.cpp	file
mola_latest_20260917_ws/src/mola_imu_preintegration/src/ImuPreintegrator.cpp	localization/mola_imu_preintegration/src/ImuPreintegrator.cpp	file
mola_latest_20260917_ws/src/mola_imu_preintegration/CHANGELOG.rst	localization/mola_imu_preintegration/CHANGELOG.rst	file
mola_latest_20260917_ws/src/mola_imu_preintegration/README.md	localization/mola_imu_preintegration/README.md	file
mola_latest_20260917_ws/src/mola_imu_preintegration/tests/test-imu-initial-calibrator.cpp	localization/mola_imu_preintegration/tests/test-imu-initial-calibrator.cpp	file
mola_latest_20260917_ws/src/mola_imu_preintegration/tests/test-imu-preintegrator.cpp	localization/mola_imu_preintegration/tests/test-imu-preintegrator.cpp	file
mola_latest_20260917_ws/src/mola_imu_preintegration/tests/test-so3-jacobians.cpp	localization/mola_imu_preintegration/tests/test-so3-jacobians.cpp	file
mola_latest_20260917_ws/src/mola_imu_preintegration/tests/test-imu-transformer.cpp	localization/mola_imu_preintegration/tests/test-imu-transformer.cpp	file
mola_latest_20260917_ws/src/mola_imu_preintegration/tests/test-velocity-buffer.cpp	localization/mola_imu_preintegration/tests/test-velocity-buffer.cpp	file
mola_latest_20260917_ws/src/mola_imu_preintegration/tests/test-map-gravity-estimator.cpp	localization/mola_imu_preintegration/tests/test-map-gravity-estimator.cpp	file
mola_latest_20260917_ws/src/mola_imu_preintegration/tests/CMakeLists.txt	localization/mola_imu_preintegration/tests/CMakeLists.txt	file
mola_latest_20260917_ws/src/mola_imu_preintegration/tests/test-imu-rotation-integrator.cpp	localization/mola_imu_preintegration/tests/test-imu-rotation-integrator.cpp	file
mola_latest_20260917_ws/src/mola_imu_preintegration/tests/test-trajectory-from-buffer.cpp	localization/mola_imu_preintegration/tests/test-trajectory-from-buffer.cpp	file
mola_latest_20260917_ws/src/mola_imu_preintegration/docs/module-mola-imu-preintegration.rst	localization/mola_imu_preintegration/docs/module-mola-imu-preintegration.rst	file
mola_latest_20260917_ws/src/mola_imu_preintegration/CMakeLists.txt	localization/mola_imu_preintegration/CMakeLists.txt	file
mola_latest_20260917_ws/src/mola_imu_preintegration/cla/individual-cla.md	localization/mola_imu_preintegration/cla/individual-cla.md	file
mola_latest_20260917_ws/src/mola_imu_preintegration/LICENSE	localization/mola_imu_preintegration/LICENSE	file
mola_latest_20260917_ws/src/mola_imu_preintegration/.gitignore	localization/mola_imu_preintegration/.gitignore	file
mola_latest_20260917_ws/src/mola_imu_preintegration/CONTRIBUTING.md	localization/mola_imu_preintegration/CONTRIBUTING.md	file
mola_latest_20260917_ws/src/mola_imu_preintegration/scripts/formatter.sh	localization/mola_imu_preintegration/scripts/formatter.sh	file
mola_latest_20260917_ws/src/mola_imu_preintegration/.clang-format	localization/mola_imu_preintegration/.clang-format	file
mola_latest_20260917_ws/src/mola_imu_preintegration/include/mola_imu_preintegration/trajectory_from_buffer.h	localization/mola_imu_preintegration/include/mola_imu_preintegration/trajectory_from_buffer.h	file
mola_latest_20260917_ws/src/mola_imu_preintegration/include/mola_imu_preintegration/so3_jacobians.h	localization/mola_imu_preintegration/include/mola_imu_preintegration/so3_jacobians.h	file
mola_latest_20260917_ws/src/mola_imu_preintegration/include/mola_imu_preintegration/ImuIntegrationParams.h	localization/mola_imu_preintegration/include/mola_imu_preintegration/ImuIntegrationParams.h	file
mola_latest_20260917_ws/src/mola_imu_preintegration/include/mola_imu_preintegration/ImuInitialCalibrator.h	localization/mola_imu_preintegration/include/mola_imu_preintegration/ImuInitialCalibrator.h	file
mola_latest_20260917_ws/src/mola_imu_preintegration/include/mola_imu_preintegration/types.h	localization/mola_imu_preintegration/include/mola_imu_preintegration/types.h	file
mola_latest_20260917_ws/src/mola_imu_preintegration/include/mola_imu_preintegration/ImuTransformer.h	localization/mola_imu_preintegration/include/mola_imu_preintegration/ImuTransformer.h	file
mola_latest_20260917_ws/src/mola_imu_preintegration/include/mola_imu_preintegration/ImuPreintegrator.h	localization/mola_imu_preintegration/include/mola_imu_preintegration/ImuPreintegrator.h	file
mola_latest_20260917_ws/src/mola_imu_preintegration/include/mola_imu_preintegration/LocalVelocityBuffer.h	localization/mola_imu_preintegration/include/mola_imu_preintegration/LocalVelocityBuffer.h	file
mola_latest_20260917_ws/src/mola_imu_preintegration/include/mola_imu_preintegration/ImuIntegrator.h	localization/mola_imu_preintegration/include/mola_imu_preintegration/ImuIntegrator.h	file
mola_latest_20260917_ws/src/mola_imu_preintegration/include/mola_imu_preintegration/MapGravityEstimator.h	localization/mola_imu_preintegration/include/mola_imu_preintegration/MapGravityEstimator.h	file
mola_latest_20260917_ws/src/mola_imu_preintegration/package.xml	localization/mola_imu_preintegration/package.xml	file
mola_latest_20260917_ws/src/mola_imu_preintegration/.clang-tidy	localization/mola_imu_preintegration/.clang-tidy	file
mola_latest_20260917_ws/latest_env.bash	system/workspace_support/mola_latest_20260917_ws/latest_env.bash	file
hardware_drivers_ws/src/ros_robot_controller_msgs/srv/GetPWMServoState.srv	vehicle/ros_robot_controller_msgs/srv/GetPWMServoState.srv	file
hardware_drivers_ws/src/ros_robot_controller_msgs/srv/GetBusServoState.srv	vehicle/ros_robot_controller_msgs/srv/GetBusServoState.srv	file
hardware_drivers_ws/src/ros_robot_controller_msgs/CMakeLists.txt	vehicle/ros_robot_controller_msgs/CMakeLists.txt	file
hardware_drivers_ws/src/ros_robot_controller_msgs/msg/GetPWMServoCmd.msg	vehicle/ros_robot_controller_msgs/msg/GetPWMServoCmd.msg	file
hardware_drivers_ws/src/ros_robot_controller_msgs/msg/SetPWMServoState.msg	vehicle/ros_robot_controller_msgs/msg/SetPWMServoState.msg	file
hardware_drivers_ws/src/ros_robot_controller_msgs/msg/LedState.msg	vehicle/ros_robot_controller_msgs/msg/LedState.msg	file
hardware_drivers_ws/src/ros_robot_controller_msgs/msg/MotorState.msg	vehicle/ros_robot_controller_msgs/msg/MotorState.msg	file
hardware_drivers_ws/src/ros_robot_controller_msgs/msg/BusServoState.msg	vehicle/ros_robot_controller_msgs/msg/BusServoState.msg	file
hardware_drivers_ws/src/ros_robot_controller_msgs/msg/BuzzerState.msg	vehicle/ros_robot_controller_msgs/msg/BuzzerState.msg	file
hardware_drivers_ws/src/ros_robot_controller_msgs/msg/Sbus.msg	vehicle/ros_robot_controller_msgs/msg/Sbus.msg	file
hardware_drivers_ws/src/ros_robot_controller_msgs/msg/GetBusServoCmd.msg	vehicle/ros_robot_controller_msgs/msg/GetBusServoCmd.msg	file
hardware_drivers_ws/src/ros_robot_controller_msgs/msg/MotorsState.msg	vehicle/ros_robot_controller_msgs/msg/MotorsState.msg	file
hardware_drivers_ws/src/ros_robot_controller_msgs/msg/SetBusServoState.msg	vehicle/ros_robot_controller_msgs/msg/SetBusServoState.msg	file
hardware_drivers_ws/src/ros_robot_controller_msgs/msg/PWMServoState.msg	vehicle/ros_robot_controller_msgs/msg/PWMServoState.msg	file
hardware_drivers_ws/src/ros_robot_controller_msgs/msg/ButtonState.msg	vehicle/ros_robot_controller_msgs/msg/ButtonState.msg	file
hardware_drivers_ws/src/ros_robot_controller_msgs/package.xml	vehicle/ros_robot_controller_msgs/package.xml	file
hardware_drivers_ws/src/rrc_tank_description/urdf/rrc_tank.urdf.bak-before-airy-20260719	vehicle/rrc_tank_description/urdf/rrc_tank.urdf.bak-before-airy-20260719	file
hardware_drivers_ws/src/rrc_tank_description/urdf/rrc_tank.urdf.bak_20260720_153808	vehicle/rrc_tank_description/urdf/rrc_tank.urdf.bak_20260720_153808	file
hardware_drivers_ws/src/rrc_tank_description/urdf/rrc_tank.urdf	vehicle/rrc_tank_description/urdf/rrc_tank.urdf	file
hardware_drivers_ws/src/rrc_tank_description/CMakeLists.txt	vehicle/rrc_tank_description/CMakeLists.txt	file
hardware_drivers_ws/src/rrc_tank_description/launch/tank_description.launch.py	vehicle/rrc_tank_description/launch/tank_description.launch.py	file
hardware_drivers_ws/src/rrc_tank_description/rviz/rrc_tank.rviz	vehicle/rrc_tank_description/rviz/rrc_tank.rviz	file
hardware_drivers_ws/src/rrc_tank_description/package.xml	vehicle/rrc_tank_description/package.xml	file
hardware_drivers_ws/src/ros_robot_controller/setup.cfg	vehicle/ros_robot_controller/setup.cfg	file
hardware_drivers_ws/src/ros_robot_controller/test/test_flake8.py	vehicle/ros_robot_controller/test/test_flake8.py	file
hardware_drivers_ws/src/ros_robot_controller/test/test_pep257.py	vehicle/ros_robot_controller/test/test_pep257.py	file
hardware_drivers_ws/src/ros_robot_controller/test/test_copyright.py	vehicle/ros_robot_controller/test/test_copyright.py	file
hardware_drivers_ws/src/ros_robot_controller/ros_robot_controller/ros_robot_controller_sdk.py	vehicle/ros_robot_controller/ros_robot_controller/ros_robot_controller_sdk.py	file
hardware_drivers_ws/src/ros_robot_controller/ros_robot_controller/__init__.py	vehicle/ros_robot_controller/ros_robot_controller/__init__.py	file
hardware_drivers_ws/src/ros_robot_controller/ros_robot_controller/ros_robot_controller_node.py	vehicle/ros_robot_controller/ros_robot_controller/ros_robot_controller_node.py	file
hardware_drivers_ws/src/ros_robot_controller/launch/ros_robot_controller.launch.xml	vehicle/ros_robot_controller/launch/ros_robot_controller.launch.xml	file
hardware_drivers_ws/src/ros_robot_controller/resource/ros_robot_controller	vehicle/ros_robot_controller/resource/ros_robot_controller	file
hardware_drivers_ws/src/ros_robot_controller/setup.py	vehicle/ros_robot_controller/setup.py	file
hardware_drivers_ws/src/ros_robot_controller/scripts/create_udev_rules.sh	vehicle/ros_robot_controller/scripts/create_udev_rules.sh	file
hardware_drivers_ws/src/ros_robot_controller/scripts/99-ttyACM0.rules	vehicle/ros_robot_controller/scripts/99-ttyACM0.rules	file
hardware_drivers_ws/src/ros_robot_controller/package.xml	vehicle/ros_robot_controller/package.xml	file
hardware_drivers_ws/src/rrc_tank_bridge/setup.cfg	vehicle/rrc_tank_bridge/setup.cfg	file
hardware_drivers_ws/src/rrc_tank_bridge/rrc_tank_bridge/node.py.bak-before-yaw-fix-20260719	vehicle/rrc_tank_bridge/rrc_tank_bridge/node.py.bak-before-yaw-fix-20260719	file
hardware_drivers_ws/src/rrc_tank_bridge/rrc_tank_bridge/__init__.py	vehicle/rrc_tank_bridge/rrc_tank_bridge/__init__.py	file
hardware_drivers_ws/src/rrc_tank_bridge/rrc_tank_bridge/node.py	vehicle/rrc_tank_bridge/rrc_tank_bridge/node.py	file
hardware_drivers_ws/src/rrc_tank_bridge/resource/rrc_tank_bridge	vehicle/rrc_tank_bridge/resource/rrc_tank_bridge	file
hardware_drivers_ws/src/rrc_tank_bridge/setup.py	vehicle/rrc_tank_bridge/setup.py	file
hardware_drivers_ws/src/rrc_tank_bridge/package.xml	vehicle/rrc_tank_bridge/package.xml	file
hardware_drivers_ws/src/rslidar_msg/ros2/CMakeLists.txt	sensing/rslidar_msg/ros2/CMakeLists.txt	file
hardware_drivers_ws/src/rslidar_msg/ros2/package.xml	sensing/rslidar_msg/ros2/package.xml	file
hardware_drivers_ws/src/rslidar_msg/README.md	sensing/rslidar_msg/README.md	file
hardware_drivers_ws/src/rslidar_msg/ros1/CMakeLists.txt	sensing/rslidar_msg/ros1/CMakeLists.txt	file
hardware_drivers_ws/src/rslidar_msg/ros1/package.xml	sensing/rslidar_msg/ros1/package.xml	file
hardware_drivers_ws/src/rslidar_msg/CMakeLists.txt	sensing/rslidar_msg/CMakeLists.txt	file
hardware_drivers_ws/src/rslidar_msg/msg/RslidarPacket.msg	sensing/rslidar_msg/msg/RslidarPacket.msg	file
hardware_drivers_ws/src/rslidar_msg/LICENSE	sensing/rslidar_msg/LICENSE	file
hardware_drivers_ws/src/rslidar_msg/package.xml	sensing/rslidar_msg/package.xml	file
hardware_drivers_ws/src/OrbbecSDK_ROS2/README.MD	sensing/OrbbecSDK_ROS2_metadata/README.MD	file
hardware_drivers_ws/src/OrbbecSDK_ROS2/orbbec_camera_msgs/srv/GetInt32.srv	sensing/orbbec_camera_msgs/srv/GetInt32.srv	file
hardware_drivers_ws/src/OrbbecSDK_ROS2/orbbec_camera_msgs/srv/GetCameraInfo.srv	sensing/orbbec_camera_msgs/srv/GetCameraInfo.srv	file
hardware_drivers_ws/src/OrbbecSDK_ROS2/orbbec_camera_msgs/srv/GetDeviceInfo.srv	sensing/orbbec_camera_msgs/srv/GetDeviceInfo.srv	file
hardware_drivers_ws/src/OrbbecSDK_ROS2/orbbec_camera_msgs/srv/GetString.srv	sensing/orbbec_camera_msgs/srv/GetString.srv	file
hardware_drivers_ws/src/OrbbecSDK_ROS2/orbbec_camera_msgs/srv/GetBool.srv	sensing/orbbec_camera_msgs/srv/GetBool.srv	file
hardware_drivers_ws/src/OrbbecSDK_ROS2/orbbec_camera_msgs/srv/SetString.srv	sensing/orbbec_camera_msgs/srv/SetString.srv	file
hardware_drivers_ws/src/OrbbecSDK_ROS2/orbbec_camera_msgs/srv/SetInt32.srv	sensing/orbbec_camera_msgs/srv/SetInt32.srv	file
hardware_drivers_ws/src/OrbbecSDK_ROS2/orbbec_camera_msgs/CHANGELOG.rst	sensing/orbbec_camera_msgs/CHANGELOG.rst	file
hardware_drivers_ws/src/OrbbecSDK_ROS2/orbbec_camera_msgs/.make_deb.sh	sensing/orbbec_camera_msgs/.make_deb.sh	file
hardware_drivers_ws/src/OrbbecSDK_ROS2/orbbec_camera_msgs/CMakeLists.txt	sensing/orbbec_camera_msgs/CMakeLists.txt	file
hardware_drivers_ws/src/OrbbecSDK_ROS2/orbbec_camera_msgs/msg/Metadata.msg	sensing/orbbec_camera_msgs/msg/Metadata.msg	file
hardware_drivers_ws/src/OrbbecSDK_ROS2/orbbec_camera_msgs/msg/IMUInfo.msg	sensing/orbbec_camera_msgs/msg/IMUInfo.msg	file
hardware_drivers_ws/src/OrbbecSDK_ROS2/orbbec_camera_msgs/msg/Extrinsics.msg	sensing/orbbec_camera_msgs/msg/Extrinsics.msg	file
hardware_drivers_ws/src/OrbbecSDK_ROS2/orbbec_camera_msgs/msg/RGBD.msg	sensing/orbbec_camera_msgs/msg/RGBD.msg	file
hardware_drivers_ws/src/OrbbecSDK_ROS2/orbbec_camera_msgs/msg/DeviceInfo.msg	sensing/orbbec_camera_msgs/msg/DeviceInfo.msg	file
hardware_drivers_ws/src/OrbbecSDK_ROS2/orbbec_camera_msgs/package.xml	sensing/orbbec_camera_msgs/package.xml	file
hardware_drivers_ws/src/OrbbecSDK_ROS2/.gitattributes	sensing/OrbbecSDK_ROS2_metadata/.gitattributes	file
hardware_drivers_ws/src/OrbbecSDK_ROS2/README_CN.MD	sensing/OrbbecSDK_ROS2_metadata/README_CN.MD	file
hardware_drivers_ws/src/OrbbecSDK_ROS2/.make_deb.sh	sensing/OrbbecSDK_ROS2_metadata/.make_deb.sh	file
hardware_drivers_ws/src/OrbbecSDK_ROS2/docs/point_cloud_CN.MD	sensing/OrbbecSDK_ROS2_metadata/docs/point_cloud_CN.MD	file
hardware_drivers_ws/src/OrbbecSDK_ROS2/docs/multi_camera_CN.MD	sensing/OrbbecSDK_ROS2_metadata/docs/multi_camera_CN.MD	file
hardware_drivers_ws/src/OrbbecSDK_ROS2/docs/images/image4.jpg	sensing/OrbbecSDK_ROS2_metadata/docs/images/image4.jpg	file
hardware_drivers_ws/src/OrbbecSDK_ROS2/docs/images/image6.jpg	sensing/OrbbecSDK_ROS2_metadata/docs/images/image6.jpg	file
hardware_drivers_ws/src/OrbbecSDK_ROS2/docs/images/image5.jpg	sensing/OrbbecSDK_ROS2_metadata/docs/images/image5.jpg	file
hardware_drivers_ws/src/OrbbecSDK_ROS2/docs/images/image2.jpg	sensing/OrbbecSDK_ROS2_metadata/docs/images/image2.jpg	file
hardware_drivers_ws/src/OrbbecSDK_ROS2/docs/images/image1.jpg	sensing/OrbbecSDK_ROS2_metadata/docs/images/image1.jpg	file
hardware_drivers_ws/src/OrbbecSDK_ROS2/docs/images/image3.png	sensing/OrbbecSDK_ROS2_metadata/docs/images/image3.png	file
hardware_drivers_ws/src/OrbbecSDK_ROS2/docs/fastdds_tuning.md	sensing/OrbbecSDK_ROS2_metadata/docs/fastdds_tuning.md	file
hardware_drivers_ws/src/OrbbecSDK_ROS2/docs/start_camera_node_CN.MD	sensing/OrbbecSDK_ROS2_metadata/docs/start_camera_node_CN.MD	file
hardware_drivers_ws/src/OrbbecSDK_ROS2/docs/start_camera_node.MD	sensing/OrbbecSDK_ROS2_metadata/docs/start_camera_node.MD	file
hardware_drivers_ws/src/OrbbecSDK_ROS2/docs/align_depth_color_CN.MD	sensing/OrbbecSDK_ROS2_metadata/docs/align_depth_color_CN.MD	file
hardware_drivers_ws/src/OrbbecSDK_ROS2/docs/multi_camera.MD	sensing/OrbbecSDK_ROS2_metadata/docs/multi_camera.MD	file
hardware_drivers_ws/src/OrbbecSDK_ROS2/docs/align_depth_color.MD	sensing/OrbbecSDK_ROS2_metadata/docs/align_depth_color.MD	file
hardware_drivers_ws/src/OrbbecSDK_ROS2/docs/point_cloud.MD	sensing/OrbbecSDK_ROS2_metadata/docs/point_cloud.MD	file
hardware_drivers_ws/src/OrbbecSDK_ROS2/NOTICE	sensing/OrbbecSDK_ROS2_metadata/NOTICE	file
hardware_drivers_ws/src/OrbbecSDK_ROS2/orbbec_camera/SDK/lib/arm32/libob_usb.so	sensing/orbbec_camera/SDK/lib/arm32/libob_usb.so	file
hardware_drivers_ws/src/OrbbecSDK_ROS2/orbbec_camera/SDK/lib/arm32/libOrbbecSDK.so.1.10.35	sensing/orbbec_camera/SDK/lib/arm32/libOrbbecSDK.so.1.10.35	file
hardware_drivers_ws/src/OrbbecSDK_ROS2/orbbec_camera/SDK/lib/arm32/libOrbbecSDK.so	sensing/orbbec_camera/SDK/lib/arm32/libOrbbecSDK.so	symlink
hardware_drivers_ws/src/OrbbecSDK_ROS2/orbbec_camera/SDK/lib/arm32/liblive555.so	sensing/orbbec_camera/SDK/lib/arm32/liblive555.so	file
hardware_drivers_ws/src/OrbbecSDK_ROS2/orbbec_camera/SDK/lib/arm32/libOrbbecSDK.so.1.10	sensing/orbbec_camera/SDK/lib/arm32/libOrbbecSDK.so.1.10	symlink
hardware_drivers_ws/src/OrbbecSDK_ROS2/orbbec_camera/SDK/lib/arm64/libob_usb.so	sensing/orbbec_camera/SDK/lib/arm64/libob_usb.so	file
hardware_drivers_ws/src/OrbbecSDK_ROS2/orbbec_camera/SDK/lib/arm64/libOrbbecSDK.so.1.10.35	sensing/orbbec_camera/SDK/lib/arm64/libOrbbecSDK.so.1.10.35	file
hardware_drivers_ws/src/OrbbecSDK_ROS2/orbbec_camera/SDK/lib/arm64/libOrbbecSDK.so	sensing/orbbec_camera/SDK/lib/arm64/libOrbbecSDK.so	symlink
hardware_drivers_ws/src/OrbbecSDK_ROS2/orbbec_camera/SDK/lib/arm64/libdepthengine.so.2.0	sensing/orbbec_camera/SDK/lib/arm64/libdepthengine.so.2.0	file
hardware_drivers_ws/src/OrbbecSDK_ROS2/orbbec_camera/SDK/lib/arm64/liblive555.so	sensing/orbbec_camera/SDK/lib/arm64/liblive555.so	file
hardware_drivers_ws/src/OrbbecSDK_ROS2/orbbec_camera/SDK/lib/arm64/libOrbbecSDK.so.1.10	sensing/orbbec_camera/SDK/lib/arm64/libOrbbecSDK.so.1.10	symlink
hardware_drivers_ws/src/OrbbecSDK_ROS2/orbbec_camera/SDK/lib/arm64/libdepthengine.so	sensing/orbbec_camera/SDK/lib/arm64/libdepthengine.so	symlink
hardware_drivers_ws/src/OrbbecSDK_ROS2/orbbec_camera/SDK/lib/x64/libob_usb.so	sensing/orbbec_camera/SDK/lib/x64/libob_usb.so	file
hardware_drivers_ws/src/OrbbecSDK_ROS2/orbbec_camera/SDK/lib/x64/libOrbbecSDK.so.1.10.35	sensing/orbbec_camera/SDK/lib/x64/libOrbbecSDK.so.1.10.35	file
hardware_drivers_ws/src/OrbbecSDK_ROS2/orbbec_camera/SDK/lib/x64/libOrbbecSDK.so	sensing/orbbec_camera/SDK/lib/x64/libOrbbecSDK.so	symlink
hardware_drivers_ws/src/OrbbecSDK_ROS2/orbbec_camera/SDK/lib/x64/libdepthengine.so.2.0	sensing/orbbec_camera/SDK/lib/x64/libdepthengine.so.2.0	file
hardware_drivers_ws/src/OrbbecSDK_ROS2/orbbec_camera/SDK/lib/x64/liblive555.so	sensing/orbbec_camera/SDK/lib/x64/liblive555.so	file
hardware_drivers_ws/src/OrbbecSDK_ROS2/orbbec_camera/SDK/lib/x64/libOrbbecSDK.so.1.10	sensing/orbbec_camera/SDK/lib/x64/libOrbbecSDK.so.1.10	symlink
hardware_drivers_ws/src/OrbbecSDK_ROS2/orbbec_camera/SDK/lib/x64/libdepthengine.so	sensing/orbbec_camera/SDK/lib/x64/libdepthengine.so	symlink
hardware_drivers_ws/src/OrbbecSDK_ROS2/orbbec_camera/SDK/include/libobsensor/hpp/Version.hpp	sensing/orbbec_camera/SDK/include/libobsensor/hpp/Version.hpp	file
hardware_drivers_ws/src/OrbbecSDK_ROS2/orbbec_camera/SDK/include/libobsensor/hpp/Pipeline.hpp	sensing/orbbec_camera/SDK/include/libobsensor/hpp/Pipeline.hpp	file
hardware_drivers_ws/src/OrbbecSDK_ROS2/orbbec_camera/SDK/include/libobsensor/hpp/Device.hpp	sensing/orbbec_camera/SDK/include/libobsensor/hpp/Device.hpp	file
hardware_drivers_ws/src/OrbbecSDK_ROS2/orbbec_camera/SDK/include/libobsensor/hpp/Filter.hpp	sensing/orbbec_camera/SDK/include/libobsensor/hpp/Filter.hpp	file
hardware_drivers_ws/src/OrbbecSDK_ROS2/orbbec_camera/SDK/include/libobsensor/hpp/Utils.hpp	sensing/orbbec_camera/SDK/include/libobsensor/hpp/Utils.hpp	file
hardware_drivers_ws/src/OrbbecSDK_ROS2/orbbec_camera/SDK/include/libobsensor/hpp/Context.hpp	sensing/orbbec_camera/SDK/include/libobsensor/hpp/Context.hpp	file
hardware_drivers_ws/src/OrbbecSDK_ROS2/orbbec_camera/SDK/include/libobsensor/hpp/Sensor.hpp	sensing/orbbec_camera/SDK/include/libobsensor/hpp/Sensor.hpp	file
hardware_drivers_ws/src/OrbbecSDK_ROS2/orbbec_camera/SDK/include/libobsensor/hpp/StreamProfile.hpp	sensing/orbbec_camera/SDK/include/libobsensor/hpp/StreamProfile.hpp	file
hardware_drivers_ws/src/OrbbecSDK_ROS2/orbbec_camera/SDK/include/libobsensor/hpp/Error.hpp	sensing/orbbec_camera/SDK/include/libobsensor/hpp/Error.hpp	file
hardware_drivers_ws/src/OrbbecSDK_ROS2/orbbec_camera/SDK/include/libobsensor/hpp/Frame.hpp	sensing/orbbec_camera/SDK/include/libobsensor/hpp/Frame.hpp	file
hardware_drivers_ws/src/OrbbecSDK_ROS2/orbbec_camera/SDK/include/libobsensor/hpp/RecordPlayback.hpp	sensing/orbbec_camera/SDK/include/libobsensor/hpp/RecordPlayback.hpp	file
hardware_drivers_ws/src/OrbbecSDK_ROS2/orbbec_camera/SDK/include/libobsensor/hpp/Types.hpp	sensing/orbbec_camera/SDK/include/libobsensor/hpp/Types.hpp	file
hardware_drivers_ws/src/OrbbecSDK_ROS2/orbbec_camera/SDK/include/libobsensor/ObSensor.h	sensing/orbbec_camera/SDK/include/libobsensor/ObSensor.h	file
hardware_drivers_ws/src/OrbbecSDK_ROS2/orbbec_camera/SDK/include/libobsensor/ObSensor.hpp	sensing/orbbec_camera/SDK/include/libobsensor/ObSensor.hpp	file
hardware_drivers_ws/src/OrbbecSDK_ROS2/orbbec_camera/SDK/include/libobsensor/h/Device.h	sensing/orbbec_camera/SDK/include/libobsensor/h/Device.h	file
hardware_drivers_ws/src/OrbbecSDK_ROS2/orbbec_camera/SDK/include/libobsensor/h/Filter.h	sensing/orbbec_camera/SDK/include/libobsensor/h/Filter.h	file
hardware_drivers_ws/src/OrbbecSDK_ROS2/orbbec_camera/SDK/include/libobsensor/h/Version.h	sensing/orbbec_camera/SDK/include/libobsensor/h/Version.h	file
hardware_drivers_ws/src/OrbbecSDK_ROS2/orbbec_camera/SDK/include/libobsensor/h/Frame.h	sensing/orbbec_camera/SDK/include/libobsensor/h/Frame.h	file
hardware_drivers_ws/src/OrbbecSDK_ROS2/orbbec_camera/SDK/include/libobsensor/h/Utils.h	sensing/orbbec_camera/SDK/include/libobsensor/h/Utils.h	file
hardware_drivers_ws/src/OrbbecSDK_ROS2/orbbec_camera/SDK/include/libobsensor/h/Context.h	sensing/orbbec_camera/SDK/include/libobsensor/h/Context.h	file
hardware_drivers_ws/src/OrbbecSDK_ROS2/orbbec_camera/SDK/include/libobsensor/h/StreamProfile.h	sensing/orbbec_camera/SDK/include/libobsensor/h/StreamProfile.h	file
hardware_drivers_ws/src/OrbbecSDK_ROS2/orbbec_camera/SDK/include/libobsensor/h/Sensor.h	sensing/orbbec_camera/SDK/include/libobsensor/h/Sensor.h	file
hardware_drivers_ws/src/OrbbecSDK_ROS2/orbbec_camera/SDK/include/libobsensor/h/Pipeline.h	sensing/orbbec_camera/SDK/include/libobsensor/h/Pipeline.h	file
hardware_drivers_ws/src/OrbbecSDK_ROS2/orbbec_camera/SDK/include/libobsensor/h/RecordPlayback.h	sensing/orbbec_camera/SDK/include/libobsensor/h/RecordPlayback.h	file
hardware_drivers_ws/src/OrbbecSDK_ROS2/orbbec_camera/SDK/include/libobsensor/h/Property.h	sensing/orbbec_camera/SDK/include/libobsensor/h/Property.h	file
hardware_drivers_ws/src/OrbbecSDK_ROS2/orbbec_camera/SDK/include/libobsensor/h/ObTypes.h	sensing/orbbec_camera/SDK/include/libobsensor/h/ObTypes.h	file
hardware_drivers_ws/src/OrbbecSDK_ROS2/orbbec_camera/SDK/include/libobsensor/h/Error.h	sensing/orbbec_camera/SDK/include/libobsensor/h/Error.h	file
hardware_drivers_ws/src/OrbbecSDK_ROS2/orbbec_camera/SDK/include/libobsensor/h/MultipleDevices.h	sensing/orbbec_camera/SDK/include/libobsensor/h/MultipleDevices.h	file
hardware_drivers_ws/src/OrbbecSDK_ROS2/orbbec_camera/src/jetson_nv_decoder.cpp	sensing/orbbec_camera/src/jetson_nv_decoder.cpp	file
hardware_drivers_ws/src/OrbbecSDK_ROS2/orbbec_camera/src/utils.cpp	sensing/orbbec_camera/src/utils.cpp	file
hardware_drivers_ws/src/OrbbecSDK_ROS2/orbbec_camera/src/d2c_viewer.cpp	sensing/orbbec_camera/src/d2c_viewer.cpp	file
hardware_drivers_ws/src/OrbbecSDK_ROS2/orbbec_camera/src/image_publisher.cpp	sensing/orbbec_camera/src/image_publisher.cpp	file
hardware_drivers_ws/src/OrbbecSDK_ROS2/orbbec_camera/src/jpeg_decoder.cpp	sensing/orbbec_camera/src/jpeg_decoder.cpp	file
hardware_drivers_ws/src/OrbbecSDK_ROS2/orbbec_camera/src/ob_camera_node_driver.cpp	sensing/orbbec_camera/src/ob_camera_node_driver.cpp	file
hardware_drivers_ws/src/OrbbecSDK_ROS2/orbbec_camera/src/ob_camera_node.cpp	sensing/orbbec_camera/src/ob_camera_node.cpp	file
hardware_drivers_ws/src/OrbbecSDK_ROS2/orbbec_camera/src/dynamic_params.cpp	sensing/orbbec_camera/src/dynamic_params.cpp	file
hardware_drivers_ws/src/OrbbecSDK_ROS2/orbbec_camera/src/ros_param_backend.cpp	sensing/orbbec_camera/src/ros_param_backend.cpp	file
hardware_drivers_ws/src/OrbbecSDK_ROS2/orbbec_camera/src/rk_mpp_decoder.cpp	sensing/orbbec_camera/src/rk_mpp_decoder.cpp	file
hardware_drivers_ws/src/OrbbecSDK_ROS2/orbbec_camera/src/ros_service.cpp	sensing/orbbec_camera/src/ros_service.cpp	file
hardware_drivers_ws/src/OrbbecSDK_ROS2/orbbec_camera/src/synced_imu_publisher.cpp	sensing/orbbec_camera/src/synced_imu_publisher.cpp	file
hardware_drivers_ws/src/OrbbecSDK_ROS2/orbbec_camera/CHANGELOG.rst	sensing/orbbec_camera/CHANGELOG.rst	file
hardware_drivers_ws/src/OrbbecSDK_ROS2/orbbec_camera/tools/csv.hpp	sensing/orbbec_camera/tools/csv.hpp	file
hardware_drivers_ws/src/OrbbecSDK_ROS2/orbbec_camera/tools/topic_statistics.hpp	sensing/orbbec_camera/tools/topic_statistics.hpp	file
hardware_drivers_ws/src/OrbbecSDK_ROS2/orbbec_camera/tools/list_devices_node.cpp	sensing/orbbec_camera/tools/list_devices_node.cpp	file
hardware_drivers_ws/src/OrbbecSDK_ROS2/orbbec_camera/tools/frame_latency.hpp	sensing/orbbec_camera/tools/frame_latency.hpp	file
hardware_drivers_ws/src/OrbbecSDK_ROS2/orbbec_camera/tools/list_depth_work_mode.cpp	sensing/orbbec_camera/tools/list_depth_work_mode.cpp	file
hardware_drivers_ws/src/OrbbecSDK_ROS2/orbbec_camera/tools/list_camera_profile.cpp	sensing/orbbec_camera/tools/list_camera_profile.cpp	file
hardware_drivers_ws/src/OrbbecSDK_ROS2/orbbec_camera/tools/topic_statistics.cpp	sensing/orbbec_camera/tools/topic_statistics.cpp	file
hardware_drivers_ws/src/OrbbecSDK_ROS2/orbbec_camera/tools/frame_latency.cpp	sensing/orbbec_camera/tools/frame_latency.cpp	file
hardware_drivers_ws/src/OrbbecSDK_ROS2/orbbec_camera/.make_deb.sh	sensing/orbbec_camera/.make_deb.sh	file
hardware_drivers_ws/src/OrbbecSDK_ROS2/orbbec_camera/CMakeLists.txt	sensing/orbbec_camera/CMakeLists.txt	file
hardware_drivers_ws/src/OrbbecSDK_ROS2/orbbec_camera/launch/astra_stereo_u3.launch.py	sensing/orbbec_camera/launch/astra_stereo_u3.launch.py	file
hardware_drivers_ws/src/OrbbecSDK_ROS2/orbbec_camera/launch/dabai_dw.launch.py	sensing/orbbec_camera/launch/dabai_dw.launch.py	file
hardware_drivers_ws/src/OrbbecSDK_ROS2/orbbec_camera/launch/dabai_d1.launch.py	sensing/orbbec_camera/launch/dabai_d1.launch.py	file
hardware_drivers_ws/src/OrbbecSDK_ROS2/orbbec_camera/launch/dabai_dcw.launch.py	sensing/orbbec_camera/launch/dabai_dcw.launch.py	file
hardware_drivers_ws/src/OrbbecSDK_ROS2/orbbec_camera/launch/dabai.launch.py	sensing/orbbec_camera/launch/dabai.launch.py	file
hardware_drivers_ws/src/OrbbecSDK_ROS2/orbbec_camera/launch/femto.launch.py	sensing/orbbec_camera/launch/femto.launch.py	file
hardware_drivers_ws/src/OrbbecSDK_ROS2/orbbec_camera/launch/femto_bolt.launch.py	sensing/orbbec_camera/launch/femto_bolt.launch.py	file
hardware_drivers_ws/src/OrbbecSDK_ROS2/orbbec_camera/launch/gemini_ew.launch.py	sensing/orbbec_camera/launch/gemini_ew.launch.py	file
hardware_drivers_ws/src/OrbbecSDK_ROS2/orbbec_camera/launch/multi_camera_synced.launch.py	sensing/orbbec_camera/launch/multi_camera_synced.launch.py	file
hardware_drivers_ws/src/OrbbecSDK_ROS2/orbbec_camera/launch/astra_pro2.launch.py	sensing/orbbec_camera/launch/astra_pro2.launch.py	file
hardware_drivers_ws/src/OrbbecSDK_ROS2/orbbec_camera/launch/gemini2L.launch.py	sensing/orbbec_camera/launch/gemini2L.launch.py	file
hardware_drivers_ws/src/OrbbecSDK_ROS2/orbbec_camera/launch/femto_mega.launch.py	sensing/orbbec_camera/launch/femto_mega.launch.py	file
hardware_drivers_ws/src/OrbbecSDK_ROS2/orbbec_camera/launch/dabai_dcw2.launch.py	sensing/orbbec_camera/launch/dabai_dcw2.launch.py	file
hardware_drivers_ws/src/OrbbecSDK_ROS2/orbbec_camera/launch/gemini_uw.launch.py	sensing/orbbec_camera/launch/gemini_uw.launch.py	file
hardware_drivers_ws/src/OrbbecSDK_ROS2/orbbec_camera/launch/gemini_ew_lite.launch.py	sensing/orbbec_camera/launch/gemini_ew_lite.launch.py	file
hardware_drivers_ws/src/OrbbecSDK_ROS2/orbbec_camera/launch/gemini2XL.launch.py	sensing/orbbec_camera/launch/gemini2XL.launch.py	file
hardware_drivers_ws/src/OrbbecSDK_ROS2/orbbec_camera/launch/multi_camera.launch.py	sensing/orbbec_camera/launch/multi_camera.launch.py	file
hardware_drivers_ws/src/OrbbecSDK_ROS2/orbbec_camera/launch/dabai_dcl.py	sensing/orbbec_camera/launch/dabai_dcl.py	file
hardware_drivers_ws/src/OrbbecSDK_ROS2/orbbec_camera/launch/gemini_330_series.launch.py	sensing/orbbec_camera/launch/gemini_330_series.launch.py	file
hardware_drivers_ws/src/OrbbecSDK_ROS2/orbbec_camera/launch/gemini2.launch.py	sensing/orbbec_camera/launch/gemini2.launch.py	file
hardware_drivers_ws/src/OrbbecSDK_ROS2/orbbec_camera/launch/astra2.launch.py	sensing/orbbec_camera/launch/astra2.launch.py	file
hardware_drivers_ws/src/OrbbecSDK_ROS2/orbbec_camera/launch/gemini_e.launch.py	sensing/orbbec_camera/launch/gemini_e.launch.py	file
hardware_drivers_ws/src/OrbbecSDK_ROS2/orbbec_camera/launch/astra_pro_plus.launch.py	sensing/orbbec_camera/launch/astra_pro_plus.launch.py	file
hardware_drivers_ws/src/OrbbecSDK_ROS2/orbbec_camera/launch/gemini2VL.launch.py	sensing/orbbec_camera/launch/gemini2VL.launch.py	file
hardware_drivers_ws/src/OrbbecSDK_ROS2/orbbec_camera/launch/gemini_intra_process_demo_launch.py	sensing/orbbec_camera/launch/gemini_intra_process_demo_launch.py	file
hardware_drivers_ws/src/OrbbecSDK_ROS2/orbbec_camera/launch/dabai_pro.launch.py	sensing/orbbec_camera/launch/dabai_pro.launch.py	file
hardware_drivers_ws/src/OrbbecSDK_ROS2/orbbec_camera/launch/dabai_max_pro.launch.py	sensing/orbbec_camera/launch/dabai_max_pro.launch.py	file
hardware_drivers_ws/src/OrbbecSDK_ROS2/orbbec_camera/launch/astra_embedded_s.launch.py	sensing/orbbec_camera/launch/astra_embedded_s.launch.py	file
hardware_drivers_ws/src/OrbbecSDK_ROS2/orbbec_camera/launch/gemini_e_lite.launch.py	sensing/orbbec_camera/launch/gemini_e_lite.launch.py	file
hardware_drivers_ws/src/OrbbecSDK_ROS2/orbbec_camera/launch/deeya.launch.py	sensing/orbbec_camera/launch/deeya.launch.py	file
hardware_drivers_ws/src/OrbbecSDK_ROS2/orbbec_camera/launch/ob_camera.launch.py	sensing/orbbec_camera/launch/ob_camera.launch.py	file
hardware_drivers_ws/src/OrbbecSDK_ROS2/orbbec_camera/launch/femto_net_camera.launch.py	sensing/orbbec_camera/launch/femto_net_camera.launch.py	file
hardware_drivers_ws/src/OrbbecSDK_ROS2/orbbec_camera/launch/multi_net_camera.launch.py	sensing/orbbec_camera/launch/multi_net_camera.launch.py	file
hardware_drivers_ws/src/OrbbecSDK_ROS2/orbbec_camera/launch/astra_adv.launch.py	sensing/orbbec_camera/launch/astra_adv.launch.py	file
hardware_drivers_ws/src/OrbbecSDK_ROS2/orbbec_camera/launch/dabai_dw2.launch.py	sensing/orbbec_camera/launch/dabai_dw2.launch.py	file
hardware_drivers_ws/src/OrbbecSDK_ROS2/orbbec_camera/launch/astra.launch.py	sensing/orbbec_camera/launch/astra.launch.py	file
hardware_drivers_ws/src/OrbbecSDK_ROS2/orbbec_camera/launch/dabai_max.launch.py	sensing/orbbec_camera/launch/dabai_max.launch.py	file
hardware_drivers_ws/src/OrbbecSDK_ROS2/orbbec_camera/rviz/pointcloud.rviz	sensing/orbbec_camera/rviz/pointcloud.rviz	file
hardware_drivers_ws/src/OrbbecSDK_ROS2/orbbec_camera/scripts/receive_pc.py	sensing/orbbec_camera/scripts/receive_pc.py	file
hardware_drivers_ws/src/OrbbecSDK_ROS2/orbbec_camera/scripts/generate_orbbec_launch.sh	sensing/orbbec_camera/scripts/generate_orbbec_launch.sh	file
hardware_drivers_ws/src/OrbbecSDK_ROS2/orbbec_camera/scripts/99-obsensor-libusb.rules	sensing/orbbec_camera/scripts/99-obsensor-libusb.rules	file
hardware_drivers_ws/src/OrbbecSDK_ROS2/orbbec_camera/scripts/echo_extrintisics.sh	sensing/orbbec_camera/scripts/echo_extrintisics.sh	file
hardware_drivers_ws/src/OrbbecSDK_ROS2/orbbec_camera/scripts/list_ob_devices.sh	sensing/orbbec_camera/scripts/list_ob_devices.sh	file
hardware_drivers_ws/src/OrbbecSDK_ROS2/orbbec_camera/scripts/plot_stat.py	sensing/orbbec_camera/scripts/plot_stat.py	file
hardware_drivers_ws/src/OrbbecSDK_ROS2/orbbec_camera/scripts/install_udev_rules.sh	sensing/orbbec_camera/scripts/install_udev_rules.sh	file
hardware_drivers_ws/src/OrbbecSDK_ROS2/orbbec_camera/scripts/monitor_fd.sh	sensing/orbbec_camera/scripts/monitor_fd.sh	file
hardware_drivers_ws/src/OrbbecSDK_ROS2/orbbec_camera/scripts/group_image.py	sensing/orbbec_camera/scripts/group_image.py	file
hardware_drivers_ws/src/OrbbecSDK_ROS2/orbbec_camera/scripts/save_images.sh	sensing/orbbec_camera/scripts/save_images.sh	file
hardware_drivers_ws/src/OrbbecSDK_ROS2/orbbec_camera/scripts/static_transforms_publisher.py	sensing/orbbec_camera/scripts/static_transforms_publisher.py	file
hardware_drivers_ws/src/OrbbecSDK_ROS2/orbbec_camera/include/orbbec_camera/constants.h	sensing/orbbec_camera/include/orbbec_camera/constants.h	file
hardware_drivers_ws/src/OrbbecSDK_ROS2/orbbec_camera/include/orbbec_camera/jpeg_decoder.h	sensing/orbbec_camera/include/orbbec_camera/jpeg_decoder.h	file
hardware_drivers_ws/src/OrbbecSDK_ROS2/orbbec_camera/include/orbbec_camera/d2c_viewer.h	sensing/orbbec_camera/include/orbbec_camera/d2c_viewer.h	file
hardware_drivers_ws/src/OrbbecSDK_ROS2/orbbec_camera/include/orbbec_camera/image_publisher.h	sensing/orbbec_camera/include/orbbec_camera/image_publisher.h	file
hardware_drivers_ws/src/OrbbecSDK_ROS2/orbbec_camera/include/orbbec_camera/ros_param_backend.h	sensing/orbbec_camera/include/orbbec_camera/ros_param_backend.h	file
hardware_drivers_ws/src/OrbbecSDK_ROS2/orbbec_camera/include/orbbec_camera/ob_camera_node.h	sensing/orbbec_camera/include/orbbec_camera/ob_camera_node.h	file
hardware_drivers_ws/src/OrbbecSDK_ROS2/orbbec_camera/include/orbbec_camera/synced_imu_publisher.h	sensing/orbbec_camera/include/orbbec_camera/synced_imu_publisher.h	file
hardware_drivers_ws/src/OrbbecSDK_ROS2/orbbec_camera/include/orbbec_camera/ob_camera_node_driver.h	sensing/orbbec_camera/include/orbbec_camera/ob_camera_node_driver.h	file
hardware_drivers_ws/src/OrbbecSDK_ROS2/orbbec_camera/include/orbbec_camera/dynamic_params.h	sensing/orbbec_camera/include/orbbec_camera/dynamic_params.h	file
hardware_drivers_ws/src/OrbbecSDK_ROS2/orbbec_camera/include/orbbec_camera/utils.h	sensing/orbbec_camera/include/orbbec_camera/utils.h	file
hardware_drivers_ws/src/OrbbecSDK_ROS2/orbbec_camera/include/orbbec_camera/jetson_nv_decoder.h	sensing/orbbec_camera/include/orbbec_camera/jetson_nv_decoder.h	file
hardware_drivers_ws/src/OrbbecSDK_ROS2/orbbec_camera/include/orbbec_camera/rk_mpp_decoder.h	sensing/orbbec_camera/include/orbbec_camera/rk_mpp_decoder.h	file
hardware_drivers_ws/src/OrbbecSDK_ROS2/orbbec_camera/include/magic_enum/magic_enum.hpp	sensing/orbbec_camera/include/magic_enum/magic_enum.hpp	file
hardware_drivers_ws/src/OrbbecSDK_ROS2/orbbec_camera/cmake/FindORBBEC_SDK.cmake	sensing/orbbec_camera/cmake/FindORBBEC_SDK.cmake	file
hardware_drivers_ws/src/OrbbecSDK_ROS2/orbbec_camera/config/.gitkeep	sensing/orbbec_camera/config/.gitkeep	file
hardware_drivers_ws/src/OrbbecSDK_ROS2/orbbec_camera/config/camera_params.yaml	sensing/orbbec_camera/config/camera_params.yaml	file
hardware_drivers_ws/src/OrbbecSDK_ROS2/orbbec_camera/config/OrbbecSDKConfig_v1.0.xml	sensing/orbbec_camera/config/OrbbecSDKConfig_v1.0.xml	file
hardware_drivers_ws/src/OrbbecSDK_ROS2/orbbec_camera/config/depthfilter/Gemini2_v1.8.json	sensing/orbbec_camera/config/depthfilter/Gemini2_v1.8.json	file
hardware_drivers_ws/src/OrbbecSDK_ROS2/orbbec_camera/config/depthfilter/Openni_device.json	sensing/orbbec_camera/config/depthfilter/Openni_device.json	file
hardware_drivers_ws/src/OrbbecSDK_ROS2/orbbec_camera/package.xml	sensing/orbbec_camera/package.xml	file
hardware_drivers_ws/src/OrbbecSDK_ROS2/LICENSE	sensing/OrbbecSDK_ROS2_metadata/LICENSE	file
hardware_drivers_ws/src/OrbbecSDK_ROS2/.gitignore	sensing/OrbbecSDK_ROS2_metadata/.gitignore	file
hardware_drivers_ws/src/OrbbecSDK_ROS2/.clang-format	sensing/OrbbecSDK_ROS2_metadata/.clang-format	file
hardware_drivers_ws/src/OrbbecSDK_ROS2/orbbec_description/CHANGELOG.rst	sensing/orbbec_description/CHANGELOG.rst	file
hardware_drivers_ws/src/OrbbecSDK_ROS2/orbbec_description/urdf/test_gemini2L.urdf.xacro	sensing/orbbec_description/urdf/test_gemini2L.urdf.xacro	file
hardware_drivers_ws/src/OrbbecSDK_ROS2/orbbec_description/urdf/gemini2.urdf.xacro	sensing/orbbec_description/urdf/gemini2.urdf.xacro	file
hardware_drivers_ws/src/OrbbecSDK_ROS2/orbbec_description/urdf/test_gemini_335.urdf.xarco	sensing/orbbec_description/urdf/test_gemini_335.urdf.xarco	file
hardware_drivers_ws/src/OrbbecSDK_ROS2/orbbec_description/urdf/test_gemini_336.urdf.xarco	sensing/orbbec_description/urdf/test_gemini_336.urdf.xarco	file
hardware_drivers_ws/src/OrbbecSDK_ROS2/orbbec_description/urdf/test_gemini335L.urdf.xacro	sensing/orbbec_description/urdf/test_gemini335L.urdf.xacro	file
hardware_drivers_ws/src/OrbbecSDK_ROS2/orbbec_description/urdf/gemini2L.urdf.xacro	sensing/orbbec_description/urdf/gemini2L.urdf.xacro	file
hardware_drivers_ws/src/OrbbecSDK_ROS2/orbbec_description/urdf/gemini335L_336L.urdf.xacro	sensing/orbbec_description/urdf/gemini335L_336L.urdf.xacro	file
hardware_drivers_ws/src/OrbbecSDK_ROS2/orbbec_description/urdf/femto_bolt.urdf.xacro	sensing/orbbec_description/urdf/femto_bolt.urdf.xacro	file
hardware_drivers_ws/src/OrbbecSDK_ROS2/orbbec_description/urdf/test_femto_bolt.urdf.xacro	sensing/orbbec_description/urdf/test_femto_bolt.urdf.xacro	file
hardware_drivers_ws/src/OrbbecSDK_ROS2/orbbec_description/urdf/gemini_335_336.urdf.xacro	sensing/orbbec_description/urdf/gemini_335_336.urdf.xacro	file
hardware_drivers_ws/src/OrbbecSDK_ROS2/orbbec_description/urdf/test_gemini336L.urdf.xacro	sensing/orbbec_description/urdf/test_gemini336L.urdf.xacro	file
hardware_drivers_ws/src/OrbbecSDK_ROS2/orbbec_description/urdf/test_astra2.urdf.xacro	sensing/orbbec_description/urdf/test_astra2.urdf.xacro	file
hardware_drivers_ws/src/OrbbecSDK_ROS2/orbbec_description/urdf/astra2.urdf.xacro	sensing/orbbec_description/urdf/astra2.urdf.xacro	file
hardware_drivers_ws/src/OrbbecSDK_ROS2/orbbec_description/urdf/test_gemini2.urdf.xacro	sensing/orbbec_description/urdf/test_gemini2.urdf.xacro	file
hardware_drivers_ws/src/OrbbecSDK_ROS2/orbbec_description/CMakeLists.txt	sensing/orbbec_description/CMakeLists.txt	file
hardware_drivers_ws/src/OrbbecSDK_ROS2/orbbec_description/launch/view_model.launch.py	sensing/orbbec_description/launch/view_model.launch.py	file
hardware_drivers_ws/src/OrbbecSDK_ROS2/orbbec_description/launch/launch_utils.py	sensing/orbbec_description/launch/launch_utils.py	file
hardware_drivers_ws/src/OrbbecSDK_ROS2/orbbec_description/rviz/urdf.rviz	sensing/orbbec_description/rviz/urdf.rviz	file
hardware_drivers_ws/src/OrbbecSDK_ROS2/orbbec_description/meshes/AstraPlus.stl	sensing/orbbec_description/meshes/AstraPlus.stl	file
hardware_drivers_ws/src/OrbbecSDK_ROS2/orbbec_description/meshes/astra2/camera_infra1_frame.STL	sensing/orbbec_description/meshes/astra2/camera_infra1_frame.STL	file
hardware_drivers_ws/src/OrbbecSDK_ROS2/orbbec_description/meshes/astra2/camera_color_optical_frame.STL	sensing/orbbec_description/meshes/astra2/camera_color_optical_frame.STL	file
hardware_drivers_ws/src/OrbbecSDK_ROS2/orbbec_description/meshes/astra2/camera_depth_optical_frame.STL	sensing/orbbec_description/meshes/astra2/camera_depth_optical_frame.STL	file
hardware_drivers_ws/src/OrbbecSDK_ROS2/orbbec_description/meshes/astra2/camera_bottom_screw_frame.STL	sensing/orbbec_description/meshes/astra2/camera_bottom_screw_frame.STL	file
hardware_drivers_ws/src/OrbbecSDK_ROS2/orbbec_description/meshes/astra2/camera_depth_frame.STL	sensing/orbbec_description/meshes/astra2/camera_depth_frame.STL	file
hardware_drivers_ws/src/OrbbecSDK_ROS2/orbbec_description/meshes/astra2/camera_infra1_optical_frame.STL	sensing/orbbec_description/meshes/astra2/camera_infra1_optical_frame.STL	file
hardware_drivers_ws/src/OrbbecSDK_ROS2/orbbec_description/meshes/astra2/base_link.STL	sensing/orbbec_description/meshes/astra2/base_link.STL	file
hardware_drivers_ws/src/OrbbecSDK_ROS2/orbbec_description/meshes/astra2/camera_colorl_frame.STL	sensing/orbbec_description/meshes/astra2/camera_colorl_frame.STL	file
hardware_drivers_ws/src/OrbbecSDK_ROS2/orbbec_description/meshes/gemini335L_336L/camera_infra1_frame.STL	sensing/orbbec_description/meshes/gemini335L_336L/camera_infra1_frame.STL	file
hardware_drivers_ws/src/OrbbecSDK_ROS2/orbbec_description/meshes/gemini335L_336L/camera_color_optical_frame.STL	sensing/orbbec_description/meshes/gemini335L_336L/camera_color_optical_frame.STL	file
hardware_drivers_ws/src/OrbbecSDK_ROS2/orbbec_description/meshes/gemini335L_336L/camera_infra2_optical_frame.STL	sensing/orbbec_description/meshes/gemini335L_336L/camera_infra2_optical_frame.STL	file
hardware_drivers_ws/src/OrbbecSDK_ROS2/orbbec_description/meshes/gemini335L_336L/camera_IMU_frame.STL	sensing/orbbec_description/meshes/gemini335L_336L/camera_IMU_frame.STL	file
hardware_drivers_ws/src/OrbbecSDK_ROS2/orbbec_description/meshes/gemini335L_336L/camera_depth_frame.STL	sensing/orbbec_description/meshes/gemini335L_336L/camera_depth_frame.STL	file
hardware_drivers_ws/src/OrbbecSDK_ROS2/orbbec_description/meshes/gemini335L_336L/camera_infra1_optical_frame.STL	sensing/orbbec_description/meshes/gemini335L_336L/camera_infra1_optical_frame.STL	file
hardware_drivers_ws/src/OrbbecSDK_ROS2/orbbec_description/meshes/gemini335L_336L/camera_color_screw_frame.STL	sensing/orbbec_description/meshes/gemini335L_336L/camera_color_screw_frame.STL	file
hardware_drivers_ws/src/OrbbecSDK_ROS2/orbbec_description/meshes/gemini335L_336L/base_link.STL	sensing/orbbec_description/meshes/gemini335L_336L/base_link.STL	file
hardware_drivers_ws/src/OrbbecSDK_ROS2/orbbec_description/meshes/gemini335L_336L/camera_infra2_frame.STL	sensing/orbbec_description/meshes/gemini335L_336L/camera_infra2_frame.STL	file
hardware_drivers_ws/src/OrbbecSDK_ROS2/orbbec_description/meshes/gemini335L_336L/camera_color_frame.STL	sensing/orbbec_description/meshes/gemini335L_336L/camera_color_frame.STL	file
hardware_drivers_ws/src/OrbbecSDK_ROS2/orbbec_description/meshes/femto_bolt/femto_bolt.stl	sensing/orbbec_description/meshes/femto_bolt/femto_bolt.stl	file
hardware_drivers_ws/src/OrbbecSDK_ROS2/orbbec_description/meshes/gemini2/camera_infra1_frame.STL	sensing/orbbec_description/meshes/gemini2/camera_infra1_frame.STL	file
hardware_drivers_ws/src/OrbbecSDK_ROS2/orbbec_description/meshes/gemini2/camera_color_optical_frame.STL	sensing/orbbec_description/meshes/gemini2/camera_color_optical_frame.STL	file
hardware_drivers_ws/src/OrbbecSDK_ROS2/orbbec_description/meshes/gemini2/camera_infra2_optical_frame.STL	sensing/orbbec_description/meshes/gemini2/camera_infra2_optical_frame.STL	file
hardware_drivers_ws/src/OrbbecSDK_ROS2/orbbec_description/meshes/gemini2/camera_depth_frame.STL	sensing/orbbec_description/meshes/gemini2/camera_depth_frame.STL	file
hardware_drivers_ws/src/OrbbecSDK_ROS2/orbbec_description/meshes/gemini2/camera_infra1_optical_frame.STL	sensing/orbbec_description/meshes/gemini2/camera_infra1_optical_frame.STL	file
hardware_drivers_ws/src/OrbbecSDK_ROS2/orbbec_description/meshes/gemini2/base_link.STL	sensing/orbbec_description/meshes/gemini2/base_link.STL	file
hardware_drivers_ws/src/OrbbecSDK_ROS2/orbbec_description/meshes/gemini2/camera_infra2_frame.STL	sensing/orbbec_description/meshes/gemini2/camera_infra2_frame.STL	file
hardware_drivers_ws/src/OrbbecSDK_ROS2/orbbec_description/meshes/gemini2/camera_color_frame.STL	sensing/orbbec_description/meshes/gemini2/camera_color_frame.STL	file
hardware_drivers_ws/src/OrbbecSDK_ROS2/orbbec_description/meshes/gemini2/camera_botter_screw_frame.STL	sensing/orbbec_description/meshes/gemini2/camera_botter_screw_frame.STL	file
hardware_drivers_ws/src/OrbbecSDK_ROS2/orbbec_description/meshes/gemini335_336/camera_color_optical_frame.STL	sensing/orbbec_description/meshes/gemini335_336/camera_color_optical_frame.STL	file
hardware_drivers_ws/src/OrbbecSDK_ROS2/orbbec_description/meshes/gemini335_336/camera_left_ir_frame.STL	sensing/orbbec_description/meshes/gemini335_336/camera_left_ir_frame.STL	file
hardware_drivers_ws/src/OrbbecSDK_ROS2/orbbec_description/meshes/gemini335_336/camera_depth_optical_frame.STL	sensing/orbbec_description/meshes/gemini335_336/camera_depth_optical_frame.STL	file
hardware_drivers_ws/src/OrbbecSDK_ROS2/orbbec_description/meshes/gemini335_336/camera_bottom_screw_frame.STL	sensing/orbbec_description/meshes/gemini335_336/camera_bottom_screw_frame.STL	file
hardware_drivers_ws/src/OrbbecSDK_ROS2/orbbec_description/meshes/gemini335_336/camera_right_ir_optical_frame.STL	sensing/orbbec_description/meshes/gemini335_336/camera_right_ir_optical_frame.STL	file
hardware_drivers_ws/src/OrbbecSDK_ROS2/orbbec_description/meshes/gemini335_336/camera_depth_frame.STL	sensing/orbbec_description/meshes/gemini335_336/camera_depth_frame.STL	file
hardware_drivers_ws/src/OrbbecSDK_ROS2/orbbec_description/meshes/gemini335_336/camera_right_ir_frame.STL	sensing/orbbec_description/meshes/gemini335_336/camera_right_ir_frame.STL	file
hardware_drivers_ws/src/OrbbecSDK_ROS2/orbbec_description/meshes/gemini335_336/camera_link.STL	sensing/orbbec_description/meshes/gemini335_336/camera_link.STL	file
hardware_drivers_ws/src/OrbbecSDK_ROS2/orbbec_description/meshes/gemini335_336/camera_left_ir_optical_frame.STL	sensing/orbbec_description/meshes/gemini335_336/camera_left_ir_optical_frame.STL	file
hardware_drivers_ws/src/OrbbecSDK_ROS2/orbbec_description/meshes/gemini335_336/camera_color_frame.STL	sensing/orbbec_description/meshes/gemini335_336/camera_color_frame.STL	file
hardware_drivers_ws/src/OrbbecSDK_ROS2/orbbec_description/meshes/gemini2l/camera_imu_frame.STL	sensing/orbbec_description/meshes/gemini2l/camera_imu_frame.STL	file
hardware_drivers_ws/src/OrbbecSDK_ROS2/orbbec_description/meshes/gemini2l/camera_IR1_frame.STL	sensing/orbbec_description/meshes/gemini2l/camera_IR1_frame.STL	file
hardware_drivers_ws/src/OrbbecSDK_ROS2/orbbec_description/meshes/gemini2l/camera_bottom_screw_frame.STL	sensing/orbbec_description/meshes/gemini2l/camera_bottom_screw_frame.STL	file
hardware_drivers_ws/src/OrbbecSDK_ROS2/orbbec_description/meshes/gemini2l/camera_IR1_optical_frame.STL	sensing/orbbec_description/meshes/gemini2l/camera_IR1_optical_frame.STL	file
hardware_drivers_ws/src/OrbbecSDK_ROS2/orbbec_description/meshes/gemini2l/camera_depth_frame.STL	sensing/orbbec_description/meshes/gemini2l/camera_depth_frame.STL	file
hardware_drivers_ws/src/OrbbecSDK_ROS2/orbbec_description/meshes/gemini2l/camera_rgb_optical_frame.STL	sensing/orbbec_description/meshes/gemini2l/camera_rgb_optical_frame.STL	file
hardware_drivers_ws/src/OrbbecSDK_ROS2/orbbec_description/meshes/gemini2l/camera_IR2_optical_frame.STL	sensing/orbbec_description/meshes/gemini2l/camera_IR2_optical_frame.STL	file
hardware_drivers_ws/src/OrbbecSDK_ROS2/orbbec_description/meshes/gemini2l/base_link.STL	sensing/orbbec_description/meshes/gemini2l/base_link.STL	file
hardware_drivers_ws/src/OrbbecSDK_ROS2/orbbec_description/meshes/gemini2l/camera_IR2_frame.STL	sensing/orbbec_description/meshes/gemini2l/camera_IR2_frame.STL	file
hardware_drivers_ws/src/OrbbecSDK_ROS2/orbbec_description/meshes/gemini2l/camera_color_frame.STL	sensing/orbbec_description/meshes/gemini2l/camera_color_frame.STL	file
hardware_drivers_ws/src/OrbbecSDK_ROS2/orbbec_description/package.xml	sensing/orbbec_description/package.xml	file
hardware_drivers_ws/src/rslidar_sdk/src/source/source_pointcloud_ros.hpp	sensing/rslidar_sdk/src/source/source_pointcloud_ros.hpp	file
hardware_drivers_ws/src/rslidar_sdk/src/source/source.hpp	sensing/rslidar_sdk/src/source/source.hpp	file
hardware_drivers_ws/src/rslidar_sdk/src/source/source_driver.hpp	sensing/rslidar_sdk/src/source/source_driver.hpp	file
hardware_drivers_ws/src/rslidar_sdk/src/source/source_packet_ros.hpp	sensing/rslidar_sdk/src/source/source_packet_ros.hpp	file
hardware_drivers_ws/src/rslidar_sdk/src/manager/node_manager.cpp	sensing/rslidar_sdk/src/manager/node_manager.cpp	file
hardware_drivers_ws/src/rslidar_sdk/src/manager/node_manager.hpp	sensing/rslidar_sdk/src/manager/node_manager.hpp	file
hardware_drivers_ws/src/rslidar_sdk/src/msg/rs_msg/lidar_point_cloud_msg.hpp	sensing/rslidar_sdk/src/msg/rs_msg/lidar_point_cloud_msg.hpp	file
hardware_drivers_ws/src/rslidar_sdk/src/msg/ros_msg/rs_compressed_image.hpp	sensing/rslidar_sdk/src/msg/ros_msg/rs_compressed_image.hpp	file
hardware_drivers_ws/src/rslidar_sdk/src/msg/ros_msg/rslidar_packet_legacy.hpp	sensing/rslidar_sdk/src/msg/ros_msg/rslidar_packet_legacy.hpp	file
hardware_drivers_ws/src/rslidar_sdk/src/msg/ros_msg/rslidar_scan_legacy.hpp	sensing/rslidar_sdk/src/msg/ros_msg/rslidar_scan_legacy.hpp	file
hardware_drivers_ws/src/rslidar_sdk/src/msg/ros_msg/rslidar_packet.hpp	sensing/rslidar_sdk/src/msg/ros_msg/rslidar_packet.hpp	file
hardware_drivers_ws/src/rslidar_sdk/src/msg/ros_msg/RslidarPacket.msg	sensing/rslidar_sdk/src/msg/ros_msg/RslidarPacket.msg	file
hardware_drivers_ws/src/rslidar_sdk/src/msg/ros_msg/RsCompressedImage.msg	sensing/rslidar_sdk/src/msg/ros_msg/RsCompressedImage.msg	file
hardware_drivers_ws/src/rslidar_sdk/src/rs_driver/tool/rs_driver_viewer.cpp	sensing/rslidar_sdk/src/rs_driver/tool/rs_driver_viewer.cpp	file
hardware_drivers_ws/src/rslidar_sdk/src/rs_driver/tool/CMakeLists.txt	sensing/rslidar_sdk/src/rs_driver/tool/CMakeLists.txt	file
hardware_drivers_ws/src/rslidar_sdk/src/rs_driver/tool/rs_driver_pcdsaver.cpp	sensing/rslidar_sdk/src/rs_driver/tool/rs_driver_pcdsaver.cpp	file
hardware_drivers_ws/src/rslidar_sdk/src/rs_driver/test/dbg_test.cpp	sensing/rslidar_sdk/src/rs_driver/test/dbg_test.cpp	file
hardware_drivers_ws/src/rslidar_sdk/src/rs_driver/test/sync_queue_test.cpp	sensing/rslidar_sdk/src/rs_driver/test/sync_queue_test.cpp	file
hardware_drivers_ws/src/rslidar_sdk/src/rs_driver/test/decoder_rs16_test.cpp	sensing/rslidar_sdk/src/rs_driver/test/decoder_rs16_test.cpp	file
hardware_drivers_ws/src/rslidar_sdk/src/rs_driver/test/rs_driver_test.cpp	sensing/rslidar_sdk/src/rs_driver/test/rs_driver_test.cpp	file
hardware_drivers_ws/src/rslidar_sdk/src/rs_driver/test/trigon_test.cpp	sensing/rslidar_sdk/src/rs_driver/test/trigon_test.cpp	file
hardware_drivers_ws/src/rslidar_sdk/src/rs_driver/test/res/angle.csv	sensing/rslidar_sdk/src/rs_driver/test/res/angle.csv	file
hardware_drivers_ws/src/rslidar_sdk/src/rs_driver/test/split_strategy_test.cpp	sensing/rslidar_sdk/src/rs_driver/test/split_strategy_test.cpp	file
hardware_drivers_ws/src/rslidar_sdk/src/rs_driver/test/rs16_single_return_block_iterator_test.cpp	sensing/rslidar_sdk/src/rs_driver/test/rs16_single_return_block_iterator_test.cpp	file
hardware_drivers_ws/src/rslidar_sdk/src/rs_driver/test/chan_angles_test.cpp	sensing/rslidar_sdk/src/rs_driver/test/chan_angles_test.cpp	file
hardware_drivers_ws/src/rslidar_sdk/src/rs_driver/test/buffer_test.cpp	sensing/rslidar_sdk/src/rs_driver/test/buffer_test.cpp	file
hardware_drivers_ws/src/rslidar_sdk/src/rs_driver/test/CMakeLists.txt	sensing/rslidar_sdk/src/rs_driver/test/CMakeLists.txt	file
hardware_drivers_ws/src/rslidar_sdk/src/rs_driver/test/dual_return_block_iterator_test.cpp	sensing/rslidar_sdk/src/rs_driver/test/dual_return_block_iterator_test.cpp	file
hardware_drivers_ws/src/rslidar_sdk/src/rs_driver/test/decoder_test.cpp	sensing/rslidar_sdk/src/rs_driver/test/decoder_test.cpp	file
hardware_drivers_ws/src/rslidar_sdk/src/rs_driver/test/rs16_dual_return_block_iterator_test.cpp	sensing/rslidar_sdk/src/rs_driver/test/rs16_dual_return_block_iterator_test.cpp	file
hardware_drivers_ws/src/rslidar_sdk/src/rs_driver/test/section_test.cpp	sensing/rslidar_sdk/src/rs_driver/test/section_test.cpp	file
hardware_drivers_ws/src/rslidar_sdk/src/rs_driver/test/rs_common_test.cpp	sensing/rslidar_sdk/src/rs_driver/test/rs_common_test.cpp	file
hardware_drivers_ws/src/rslidar_sdk/src/rs_driver/test/basic_attr_test.cpp	sensing/rslidar_sdk/src/rs_driver/test/basic_attr_test.cpp	file
hardware_drivers_ws/src/rslidar_sdk/src/rs_driver/test/ab_dual_return_block_iterator_test.cpp	sensing/rslidar_sdk/src/rs_driver/test/ab_dual_return_block_iterator_test.cpp	file
hardware_drivers_ws/src/rslidar_sdk/src/rs_driver/test/single_return_block_iterator_test.cpp	sensing/rslidar_sdk/src/rs_driver/test/single_return_block_iterator_test.cpp	file
hardware_drivers_ws/src/rslidar_sdk/src/rs_driver/test/decoder_rs32_test.cpp	sensing/rslidar_sdk/src/rs_driver/test/decoder_rs32_test.cpp	file
hardware_drivers_ws/src/rslidar_sdk/src/rs_driver/test/decoder_rsbp_test.cpp	sensing/rslidar_sdk/src/rs_driver/test/decoder_rsbp_test.cpp	file
hardware_drivers_ws/src/rslidar_sdk/src/rs_driver/demo/demo_pcap.cpp	sensing/rslidar_sdk/src/rs_driver/demo/demo_pcap.cpp	file
hardware_drivers_ws/src/rslidar_sdk/src/rs_driver/demo/demo_online.cpp	sensing/rslidar_sdk/src/rs_driver/demo/demo_online.cpp	file
hardware_drivers_ws/src/rslidar_sdk/src/rs_driver/demo/demo_online_multi_lidars.cpp	sensing/rslidar_sdk/src/rs_driver/demo/demo_online_multi_lidars.cpp	file
hardware_drivers_ws/src/rslidar_sdk/src/rs_driver/demo/CMakeLists.txt	sensing/rslidar_sdk/src/rs_driver/demo/CMakeLists.txt	file
hardware_drivers_ws/src/rslidar_sdk/src/rs_driver/src/rs_driver/common/rs_common.hpp	sensing/rslidar_sdk/src/rs_driver/src/rs_driver/common/rs_common.hpp	file
hardware_drivers_ws/src/rslidar_sdk/src/rs_driver/src/rs_driver/common/error_code.hpp	sensing/rslidar_sdk/src/rs_driver/src/rs_driver/common/error_code.hpp	file
hardware_drivers_ws/src/rslidar_sdk/src/rs_driver/src/rs_driver/common/rs_log.hpp	sensing/rslidar_sdk/src/rs_driver/src/rs_driver/common/rs_log.hpp	file
hardware_drivers_ws/src/rslidar_sdk/src/rs_driver/src/rs_driver/macro/version.hpp	sensing/rslidar_sdk/src/rs_driver/src/rs_driver/macro/version.hpp	file
hardware_drivers_ws/src/rslidar_sdk/src/rs_driver/src/rs_driver/macro/version.hpp.in	sensing/rslidar_sdk/src/rs_driver/src/rs_driver/macro/version.hpp.in	file
hardware_drivers_ws/src/rslidar_sdk/src/rs_driver/src/rs_driver/driver/driver_param.hpp	sensing/rslidar_sdk/src/rs_driver/src/rs_driver/driver/driver_param.hpp	file
hardware_drivers_ws/src/rslidar_sdk/src/rs_driver/src/rs_driver/driver/decoder/chan_angles.hpp	sensing/rslidar_sdk/src/rs_driver/src/rs_driver/driver/decoder/chan_angles.hpp	file
hardware_drivers_ws/src/rslidar_sdk/src/rs_driver/src/rs_driver/driver/decoder/decoder_RSMX.hpp	sensing/rslidar_sdk/src/rs_driver/src/rs_driver/driver/decoder/decoder_RSMX.hpp	file
hardware_drivers_ws/src/rslidar_sdk/src/rs_driver/src/rs_driver/driver/decoder/decoder_RS128.hpp	sensing/rslidar_sdk/src/rs_driver/src/rs_driver/driver/decoder/decoder_RS128.hpp	file
hardware_drivers_ws/src/rslidar_sdk/src/rs_driver/src/rs_driver/driver/decoder/decoder_RSEMX.hpp	sensing/rslidar_sdk/src/rs_driver/src/rs_driver/driver/decoder/decoder_RSEMX.hpp	file
hardware_drivers_ws/src/rslidar_sdk/src/rs_driver/src/rs_driver/driver/decoder/decoder_RSM1.hpp	sensing/rslidar_sdk/src/rs_driver/src/rs_driver/driver/decoder/decoder_RSM1.hpp	file
hardware_drivers_ws/src/rslidar_sdk/src/rs_driver/src/rs_driver/driver/decoder/basic_attr.hpp	sensing/rslidar_sdk/src/rs_driver/src/rs_driver/driver/decoder/basic_attr.hpp	file
hardware_drivers_ws/src/rslidar_sdk/src/rs_driver/src/rs_driver/driver/decoder/split_strategy.hpp	sensing/rslidar_sdk/src/rs_driver/src/rs_driver/driver/decoder/split_strategy.hpp	file
hardware_drivers_ws/src/rslidar_sdk/src/rs_driver/src/rs_driver/driver/decoder/decoder_mech.hpp	sensing/rslidar_sdk/src/rs_driver/src/rs_driver/driver/decoder/decoder_mech.hpp	file
hardware_drivers_ws/src/rslidar_sdk/src/rs_driver/src/rs_driver/driver/decoder/trigon.hpp	sensing/rslidar_sdk/src/rs_driver/src/rs_driver/driver/decoder/trigon.hpp	file
hardware_drivers_ws/src/rslidar_sdk/src/rs_driver/src/rs_driver/driver/decoder/block_iterator.hpp	sensing/rslidar_sdk/src/rs_driver/src/rs_driver/driver/decoder/block_iterator.hpp	file
hardware_drivers_ws/src/rslidar_sdk/src/rs_driver/src/rs_driver/driver/decoder/decoder_RSP80.hpp	sensing/rslidar_sdk/src/rs_driver/src/rs_driver/driver/decoder/decoder_RSP80.hpp	file
hardware_drivers_ws/src/rslidar_sdk/src/rs_driver/src/rs_driver/driver/decoder/decoder_RSFAIRY.hpp	sensing/rslidar_sdk/src/rs_driver/src/rs_driver/driver/decoder/decoder_RSFAIRY.hpp	file
hardware_drivers_ws/src/rslidar_sdk/src/rs_driver/src/rs_driver/driver/decoder/decoder_RS48.hpp	sensing/rslidar_sdk/src/rs_driver/src/rs_driver/driver/decoder/decoder_RS48.hpp	file
hardware_drivers_ws/src/rslidar_sdk/src/rs_driver/src/rs_driver/driver/decoder/decoder_RS80.hpp	sensing/rslidar_sdk/src/rs_driver/src/rs_driver/driver/decoder/decoder_RS80.hpp	file
hardware_drivers_ws/src/rslidar_sdk/src/rs_driver/src/rs_driver/driver/decoder/section.hpp	sensing/rslidar_sdk/src/rs_driver/src/rs_driver/driver/decoder/section.hpp	file
hardware_drivers_ws/src/rslidar_sdk/src/rs_driver/src/rs_driver/driver/decoder/sensor_clock_bridge.hpp	sensing/rslidar_sdk/src/rs_driver/src/rs_driver/driver/decoder/sensor_clock_bridge.hpp	file
hardware_drivers_ws/src/rslidar_sdk/src/rs_driver/src/rs_driver/driver/decoder/decoder_RSHELIOS.hpp	sensing/rslidar_sdk/src/rs_driver/src/rs_driver/driver/decoder/decoder_RSHELIOS.hpp	file
hardware_drivers_ws/src/rslidar_sdk/src/rs_driver/src/rs_driver/driver/decoder/decoder_RSP48.hpp	sensing/rslidar_sdk/src/rs_driver/src/rs_driver/driver/decoder/decoder_RSP48.hpp	file
hardware_drivers_ws/src/rslidar_sdk/src/rs_driver/src/rs_driver/driver/decoder/decoder_RSM2.hpp	sensing/rslidar_sdk/src/rs_driver/src/rs_driver/driver/decoder/decoder_RSM2.hpp	file
hardware_drivers_ws/src/rslidar_sdk/src/rs_driver/src/rs_driver/driver/decoder/decoder_RSM3.hpp	sensing/rslidar_sdk/src/rs_driver/src/rs_driver/driver/decoder/decoder_RSM3.hpp	file
hardware_drivers_ws/src/rslidar_sdk/src/rs_driver/src/rs_driver/driver/decoder/decoder_RSAIRY.hpp	sensing/rslidar_sdk/src/rs_driver/src/rs_driver/driver/decoder/decoder_RSAIRY.hpp	file
hardware_drivers_ws/src/rslidar_sdk/src/rs_driver/src/rs_driver/driver/decoder/member_checker.hpp	sensing/rslidar_sdk/src/rs_driver/src/rs_driver/driver/decoder/member_checker.hpp	file
hardware_drivers_ws/src/rslidar_sdk/src/rs_driver/src/rs_driver/driver/decoder/decoder_RSE1.hpp	sensing/rslidar_sdk/src/rs_driver/src/rs_driver/driver/decoder/decoder_RSE1.hpp	file
hardware_drivers_ws/src/rslidar_sdk/src/rs_driver/src/rs_driver/driver/decoder/decoder_factory.hpp	sensing/rslidar_sdk/src/rs_driver/src/rs_driver/driver/decoder/decoder_factory.hpp	file
hardware_drivers_ws/src/rslidar_sdk/src/rs_driver/src/rs_driver/driver/decoder/decoder_RS32.hpp	sensing/rslidar_sdk/src/rs_driver/src/rs_driver/driver/decoder/decoder_RS32.hpp	file
hardware_drivers_ws/src/rslidar_sdk/src/rs_driver/src/rs_driver/driver/decoder/decoder_RSM1_Jumbo.hpp	sensing/rslidar_sdk/src/rs_driver/src/rs_driver/driver/decoder/decoder_RSM1_Jumbo.hpp	file
hardware_drivers_ws/src/rslidar_sdk/src/rs_driver/src/rs_driver/driver/decoder/decoder_RS16.hpp	sensing/rslidar_sdk/src/rs_driver/src/rs_driver/driver/decoder/decoder_RS16.hpp	file
hardware_drivers_ws/src/rslidar_sdk/src/rs_driver/src/rs_driver/driver/decoder/decoder_RSHELIOS_16P.hpp	sensing/rslidar_sdk/src/rs_driver/src/rs_driver/driver/decoder/decoder_RSHELIOS_16P.hpp	file
hardware_drivers_ws/src/rslidar_sdk/src/rs_driver/src/rs_driver/driver/decoder/decoder_RSBP.hpp	sensing/rslidar_sdk/src/rs_driver/src/rs_driver/driver/decoder/decoder_RSBP.hpp	file
hardware_drivers_ws/src/rslidar_sdk/src/rs_driver/src/rs_driver/driver/decoder/decoder_RSP128.hpp	sensing/rslidar_sdk/src/rs_driver/src/rs_driver/driver/decoder/decoder_RSP128.hpp	file
hardware_drivers_ws/src/rslidar_sdk/src/rs_driver/src/rs_driver/driver/decoder/decoder_RSAIRYLITE_ETH.hpp	sensing/rslidar_sdk/src/rs_driver/src/rs_driver/driver/decoder/decoder_RSAIRYLITE_ETH.hpp	file
hardware_drivers_ws/src/rslidar_sdk/src/rs_driver/src/rs_driver/driver/decoder/decoder.hpp	sensing/rslidar_sdk/src/rs_driver/src/rs_driver/driver/decoder/decoder.hpp	file
hardware_drivers_ws/src/rslidar_sdk/src/rs_driver/src/rs_driver/driver/input/input_sock.hpp	sensing/rslidar_sdk/src/rs_driver/src/rs_driver/driver/input/input_sock.hpp	file
hardware_drivers_ws/src/rslidar_sdk/src/rs_driver/src/rs_driver/driver/input/unix/input_sock_epoll.hpp	sensing/rslidar_sdk/src/rs_driver/src/rs_driver/driver/input/unix/input_sock_epoll.hpp	file
hardware_drivers_ws/src/rslidar_sdk/src/rs_driver/src/rs_driver/driver/input/unix/input_sock_select.hpp	sensing/rslidar_sdk/src/rs_driver/src/rs_driver/driver/input/unix/input_sock_select.hpp	file
hardware_drivers_ws/src/rslidar_sdk/src/rs_driver/src/rs_driver/driver/input/unix/qnx_recvmmsg.hpp	sensing/rslidar_sdk/src/rs_driver/src/rs_driver/driver/input/unix/qnx_recvmmsg.hpp	file
hardware_drivers_ws/src/rslidar_sdk/src/rs_driver/src/rs_driver/driver/input/input_pcap.hpp	sensing/rslidar_sdk/src/rs_driver/src/rs_driver/driver/input/input_pcap.hpp	file
hardware_drivers_ws/src/rslidar_sdk/src/rs_driver/src/rs_driver/driver/input/input_sock_jumbo.hpp	sensing/rslidar_sdk/src/rs_driver/src/rs_driver/driver/input/input_sock_jumbo.hpp	file
hardware_drivers_ws/src/rslidar_sdk/src/rs_driver/src/rs_driver/driver/input/input_raw_jumbo.hpp	sensing/rslidar_sdk/src/rs_driver/src/rs_driver/driver/input/input_raw_jumbo.hpp	file
hardware_drivers_ws/src/rslidar_sdk/src/rs_driver/src/rs_driver/driver/input/input_factory.hpp	sensing/rslidar_sdk/src/rs_driver/src/rs_driver/driver/input/input_factory.hpp	file
hardware_drivers_ws/src/rslidar_sdk/src/rs_driver/src/rs_driver/driver/input/input_raw.hpp	sensing/rslidar_sdk/src/rs_driver/src/rs_driver/driver/input/input_raw.hpp	file
hardware_drivers_ws/src/rslidar_sdk/src/rs_driver/src/rs_driver/driver/input/input.hpp	sensing/rslidar_sdk/src/rs_driver/src/rs_driver/driver/input/input.hpp	file
hardware_drivers_ws/src/rslidar_sdk/src/rs_driver/src/rs_driver/driver/input/win/input_sock_select.hpp	sensing/rslidar_sdk/src/rs_driver/src/rs_driver/driver/input/win/input_sock_select.hpp	file
hardware_drivers_ws/src/rslidar_sdk/src/rs_driver/src/rs_driver/driver/input/jumbo.hpp	sensing/rslidar_sdk/src/rs_driver/src/rs_driver/driver/input/jumbo.hpp	file
hardware_drivers_ws/src/rslidar_sdk/src/rs_driver/src/rs_driver/driver/input/input_pcap_jumbo.hpp	sensing/rslidar_sdk/src/rs_driver/src/rs_driver/driver/input/input_pcap_jumbo.hpp	file
hardware_drivers_ws/src/rslidar_sdk/src/rs_driver/src/rs_driver/driver/lidar_driver_impl.hpp	sensing/rslidar_sdk/src/rs_driver/src/rs_driver/driver/lidar_driver_impl.hpp	file
hardware_drivers_ws/src/rslidar_sdk/src/rs_driver/src/rs_driver/msg/imu_data_msg.hpp	sensing/rslidar_sdk/src/rs_driver/src/rs_driver/msg/imu_data_msg.hpp	file
hardware_drivers_ws/src/rslidar_sdk/src/rs_driver/src/rs_driver/msg/point_cloud_msg.hpp	sensing/rslidar_sdk/src/rs_driver/src/rs_driver/msg/point_cloud_msg.hpp	file
hardware_drivers_ws/src/rslidar_sdk/src/rs_driver/src/rs_driver/msg/pcl_point_cloud_msg.hpp	sensing/rslidar_sdk/src/rs_driver/src/rs_driver/msg/pcl_point_cloud_msg.hpp	file
hardware_drivers_ws/src/rslidar_sdk/src/rs_driver/src/rs_driver/msg/packet.hpp	sensing/rslidar_sdk/src/rs_driver/src/rs_driver/msg/packet.hpp	file
hardware_drivers_ws/src/rslidar_sdk/src/rs_driver/src/rs_driver/api/lidar_driver.hpp	sensing/rslidar_sdk/src/rs_driver/src/rs_driver/api/lidar_driver.hpp	file
hardware_drivers_ws/src/rslidar_sdk/src/rs_driver/src/rs_driver/utility/buffer.hpp	sensing/rslidar_sdk/src/rs_driver/src/rs_driver/utility/buffer.hpp	file
hardware_drivers_ws/src/rslidar_sdk/src/rs_driver/src/rs_driver/utility/sync_queue.hpp	sensing/rslidar_sdk/src/rs_driver/src/rs_driver/utility/sync_queue.hpp	file
hardware_drivers_ws/src/rslidar_sdk/src/rs_driver/src/rs_driver/utility/dbg.hpp	sensing/rslidar_sdk/src/rs_driver/src/rs_driver/utility/dbg.hpp	file
hardware_drivers_ws/src/rslidar_sdk/src/rs_driver/README.md	sensing/rslidar_sdk/src/rs_driver/README.md	file
hardware_drivers_ws/src/rslidar_sdk/src/rs_driver/win/rs_driver.sln	sensing/rslidar_sdk/src/rs_driver/win/rs_driver.sln	file
hardware_drivers_ws/src/rslidar_sdk/src/rs_driver/win/demo_pcap/demo_pcap.vcxproj	sensing/rslidar_sdk/src/rs_driver/win/demo_pcap/demo_pcap.vcxproj	file
hardware_drivers_ws/src/rslidar_sdk/src/rs_driver/win/rs_driver_viewer/rs_driver_viewer.vcxproj	sensing/rslidar_sdk/src/rs_driver/win/rs_driver_viewer/rs_driver_viewer.vcxproj	file
hardware_drivers_ws/src/rslidar_sdk/src/rs_driver/win/demo_online/demo_online.vcxproj	sensing/rslidar_sdk/src/rs_driver/win/demo_online/demo_online.vcxproj	file
hardware_drivers_ws/src/rslidar_sdk/src/rs_driver/CMakeLists.txt	sensing/rslidar_sdk/src/rs_driver/CMakeLists.txt	file
hardware_drivers_ws/src/rslidar_sdk/src/rs_driver/LICENSE	sensing/rslidar_sdk/src/rs_driver/LICENSE	file
hardware_drivers_ws/src/rslidar_sdk/src/rs_driver/.gitignore	sensing/rslidar_sdk/src/rs_driver/.gitignore	file
hardware_drivers_ws/src/rslidar_sdk/src/rs_driver/README_CN.md	sensing/rslidar_sdk/src/rs_driver/README_CN.md	file
hardware_drivers_ws/src/rslidar_sdk/src/rs_driver/.clang-format	sensing/rslidar_sdk/src/rs_driver/.clang-format	file
hardware_drivers_ws/src/rslidar_sdk/src/rs_driver/doc/howto/20_about_usage_of_cpu_and_memory_CN.md	sensing/rslidar_sdk/src/rs_driver/doc/howto/20_about_usage_of_cpu_and_memory_CN.md	file
hardware_drivers_ws/src/rslidar_sdk/src/rs_driver/doc/howto/16_how_to_compile_on_windows.md	sensing/rslidar_sdk/src/rs_driver/doc/howto/16_how_to_compile_on_windows.md	file
hardware_drivers_ws/src/rslidar_sdk/src/rs_driver/doc/howto/11_pcap_file_advanced_topics.md	sensing/rslidar_sdk/src/rs_driver/doc/howto/11_pcap_file_advanced_topics.md	file
hardware_drivers_ws/src/rslidar_sdk/src/rs_driver/doc/howto/img/16_10_viewer_add_env_var.png	sensing/rslidar_sdk/src/rs_driver/doc/howto/img/16_10_viewer_add_env_var.png	file
hardware_drivers_ws/src/rslidar_sdk/src/rs_driver/doc/howto/img/16_15_viewer_lib.png	sensing/rslidar_sdk/src/rs_driver/doc/howto/img/16_15_viewer_lib.png	file
hardware_drivers_ws/src/rslidar_sdk/src/rs_driver/doc/howto/img/13_08_wireshark_export_marked_range.png	sensing/rslidar_sdk/src/rs_driver/doc/howto/img/13_08_wireshark_export_marked_range.png	file
hardware_drivers_ws/src/rslidar_sdk/src/rs_driver/doc/howto/img/13_05_wireshark_export_range.png	sensing/rslidar_sdk/src/rs_driver/doc/howto/img/13_05_wireshark_export_range.png	file
hardware_drivers_ws/src/rslidar_sdk/src/rs_driver/doc/howto/img/09_06_vlan_layer.png	sensing/rslidar_sdk/src/rs_driver/doc/howto/img/09_06_vlan_layer.png	file
hardware_drivers_ws/src/rslidar_sdk/src/rs_driver/doc/howto/img/09_01_broadcast.png	sensing/rslidar_sdk/src/rs_driver/doc/howto/img/09_01_broadcast.png	file
hardware_drivers_ws/src/rslidar_sdk/src/rs_driver/doc/howto/img/16_05_demo_lib_path.png	sensing/rslidar_sdk/src/rs_driver/doc/howto/img/16_05_demo_lib_path.png	file
hardware_drivers_ws/src/rslidar_sdk/src/rs_driver/doc/howto/img/13_03_wireshark_filter_by_port.png	sensing/rslidar_sdk/src/rs_driver/doc/howto/img/13_03_wireshark_filter_by_port.png	file
hardware_drivers_ws/src/rslidar_sdk/src/rs_driver/doc/howto/img/19_01_split_angle.png	sensing/rslidar_sdk/src/rs_driver/doc/howto/img/19_01_split_angle.png	file
hardware_drivers_ws/src/rslidar_sdk/src/rs_driver/doc/howto/img/16_03_demo_extra_include.png	sensing/rslidar_sdk/src/rs_driver/doc/howto/img/16_03_demo_extra_include.png	file
hardware_drivers_ws/src/rslidar_sdk/src/rs_driver/doc/howto/img/16_11_viewer_project.png	sensing/rslidar_sdk/src/rs_driver/doc/howto/img/16_11_viewer_project.png	file
hardware_drivers_ws/src/rslidar_sdk/src/rs_driver/doc/howto/img/07_03_cpu_usage_dev_opt.png	sensing/rslidar_sdk/src/rs_driver/doc/howto/img/07_03_cpu_usage_dev_opt.png	file
hardware_drivers_ws/src/rslidar_sdk/src/rs_driver/doc/howto/img/09_03_multicast.png	sensing/rslidar_sdk/src/rs_driver/doc/howto/img/09_03_multicast.png	file
hardware_drivers_ws/src/rslidar_sdk/src/rs_driver/doc/howto/img/07_02_cpu_usage_dev.png	sensing/rslidar_sdk/src/rs_driver/doc/howto/img/07_02_cpu_usage_dev.png	file
hardware_drivers_ws/src/rslidar_sdk/src/rs_driver/doc/howto/img/16_08_viewer_install_pcl.png	sensing/rslidar_sdk/src/rs_driver/doc/howto/img/16_08_viewer_install_pcl.png	file
hardware_drivers_ws/src/rslidar_sdk/src/rs_driver/doc/howto/img/12_07_with_tail_layer.png	sensing/rslidar_sdk/src/rs_driver/doc/howto/img/12_07_with_tail_layer.png	file
hardware_drivers_ws/src/rslidar_sdk/src/rs_driver/doc/howto/img/09_04_multi_lidars_port.png	sensing/rslidar_sdk/src/rs_driver/doc/howto/img/09_04_multi_lidars_port.png	file
hardware_drivers_ws/src/rslidar_sdk/src/rs_driver/doc/howto/img/16_02_demo_use_cpp14.png	sensing/rslidar_sdk/src/rs_driver/doc/howto/img/16_02_demo_use_cpp14.png	file
hardware_drivers_ws/src/rslidar_sdk/src/rs_driver/doc/howto/img/16_06_demo_lib.png	sensing/rslidar_sdk/src/rs_driver/doc/howto/img/16_06_demo_lib.png	file
hardware_drivers_ws/src/rslidar_sdk/src/rs_driver/doc/howto/img/07_01_branches.png	sensing/rslidar_sdk/src/rs_driver/doc/howto/img/07_01_branches.png	file
hardware_drivers_ws/src/rslidar_sdk/src/rs_driver/doc/howto/img/09_08_user_layer.png	sensing/rslidar_sdk/src/rs_driver/doc/howto/img/09_08_user_layer.png	file
hardware_drivers_ws/src/rslidar_sdk/src/rs_driver/doc/howto/img/13_07_wireshark_export_marked.png	sensing/rslidar_sdk/src/rs_driver/doc/howto/img/13_07_wireshark_export_marked.png	file
hardware_drivers_ws/src/rslidar_sdk/src/rs_driver/doc/howto/img/16_13_viewer_include_path.png	sensing/rslidar_sdk/src/rs_driver/doc/howto/img/16_13_viewer_include_path.png	file
hardware_drivers_ws/src/rslidar_sdk/src/rs_driver/doc/howto/img/12_05_with_vlan.png	sensing/rslidar_sdk/src/rs_driver/doc/howto/img/12_05_with_vlan.png	file
hardware_drivers_ws/src/rslidar_sdk/src/rs_driver/doc/howto/img/18_06_mems_points.png	sensing/rslidar_sdk/src/rs_driver/doc/howto/img/18_06_mems_points.png	file
hardware_drivers_ws/src/rslidar_sdk/src/rs_driver/doc/howto/img/12_01_select_by_port.png	sensing/rslidar_sdk/src/rs_driver/doc/howto/img/12_01_select_by_port.png	file
hardware_drivers_ws/src/rslidar_sdk/src/rs_driver/doc/howto/img/16_14_viewer_lib_path.png	sensing/rslidar_sdk/src/rs_driver/doc/howto/img/16_14_viewer_lib_path.png	file
hardware_drivers_ws/src/rslidar_sdk/src/rs_driver/doc/howto/img/19_02_safe_range.png	sensing/rslidar_sdk/src/rs_driver/doc/howto/img/19_02_safe_range.png	file
hardware_drivers_ws/src/rslidar_sdk/src/rs_driver/doc/howto/img/13_04_wireshark_export_all.png	sensing/rslidar_sdk/src/rs_driver/doc/howto/img/13_04_wireshark_export_all.png	file
hardware_drivers_ws/src/rslidar_sdk/src/rs_driver/doc/howto/img/16_09_viewer_install_pcl_dep.png	sensing/rslidar_sdk/src/rs_driver/doc/howto/img/16_09_viewer_install_pcl_dep.png	file
hardware_drivers_ws/src/rslidar_sdk/src/rs_driver/doc/howto/img/09_07_vlan.png	sensing/rslidar_sdk/src/rs_driver/doc/howto/img/09_07_vlan.png	file
hardware_drivers_ws/src/rslidar_sdk/src/rs_driver/doc/howto/img/18_03_mech_lasers_and_points.png	sensing/rslidar_sdk/src/rs_driver/doc/howto/img/18_03_mech_lasers_and_points.png	file
hardware_drivers_ws/src/rslidar_sdk/src/rs_driver/doc/howto/img/12_04_rs32_difop_packet.png	sensing/rslidar_sdk/src/rs_driver/doc/howto/img/12_04_rs32_difop_packet.png	file
hardware_drivers_ws/src/rslidar_sdk/src/rs_driver/doc/howto/img/18_05_mems_lasers_and_points.png	sensing/rslidar_sdk/src/rs_driver/doc/howto/img/18_05_mems_lasers_and_points.png	file
hardware_drivers_ws/src/rslidar_sdk/src/rs_driver/doc/howto/img/12_02_select_by_non_port.png	sensing/rslidar_sdk/src/rs_driver/doc/howto/img/12_02_select_by_non_port.png	file
hardware_drivers_ws/src/rslidar_sdk/src/rs_driver/doc/howto/img/16_16_viewer_precompile_macro.png	sensing/rslidar_sdk/src/rs_driver/doc/howto/img/16_16_viewer_precompile_macro.png	file
hardware_drivers_ws/src/rslidar_sdk/src/rs_driver/doc/howto/img/16_04_demo_include_path.png	sensing/rslidar_sdk/src/rs_driver/doc/howto/img/16_04_demo_include_path.png	file
hardware_drivers_ws/src/rslidar_sdk/src/rs_driver/doc/howto/img/13_02_wireshark_capture.png	sensing/rslidar_sdk/src/rs_driver/doc/howto/img/13_02_wireshark_capture.png	file
hardware_drivers_ws/src/rslidar_sdk/src/rs_driver/doc/howto/img/14_01_rs_driver_viewer_point_cloud.png	sensing/rslidar_sdk/src/rs_driver/doc/howto/img/14_01_rs_driver_viewer_point_cloud.png	file
hardware_drivers_ws/src/rslidar_sdk/src/rs_driver/doc/howto/img/18_02_mems_lasers.png	sensing/rslidar_sdk/src/rs_driver/doc/howto/img/18_02_mems_lasers.png	file
hardware_drivers_ws/src/rslidar_sdk/src/rs_driver/doc/howto/img/12_03_rs32_msop_packet.png	sensing/rslidar_sdk/src/rs_driver/doc/howto/img/12_03_rs32_msop_packet.png	file
hardware_drivers_ws/src/rslidar_sdk/src/rs_driver/doc/howto/img/20_01_components_and_threads.png	sensing/rslidar_sdk/src/rs_driver/doc/howto/img/20_01_components_and_threads.png	file
hardware_drivers_ws/src/rslidar_sdk/src/rs_driver/doc/howto/img/18_01_mech_lasers.png	sensing/rslidar_sdk/src/rs_driver/doc/howto/img/18_01_mech_lasers.png	file
hardware_drivers_ws/src/rslidar_sdk/src/rs_driver/doc/howto/img/16_01_demo_project.png	sensing/rslidar_sdk/src/rs_driver/doc/howto/img/16_01_demo_project.png	file
hardware_drivers_ws/src/rslidar_sdk/src/rs_driver/doc/howto/img/12_06_with_user_layer.png	sensing/rslidar_sdk/src/rs_driver/doc/howto/img/12_06_with_user_layer.png	file
hardware_drivers_ws/src/rslidar_sdk/src/rs_driver/doc/howto/img/09_05_multi_lidars_ip.png	sensing/rslidar_sdk/src/rs_driver/doc/howto/img/09_05_multi_lidars_ip.png	file
hardware_drivers_ws/src/rslidar_sdk/src/rs_driver/doc/howto/img/13_06_wireshark_mark.png	sensing/rslidar_sdk/src/rs_driver/doc/howto/img/13_06_wireshark_mark.png	file
hardware_drivers_ws/src/rslidar_sdk/src/rs_driver/doc/howto/img/13_01_wireshark_select_nic.png	sensing/rslidar_sdk/src/rs_driver/doc/howto/img/13_01_wireshark_select_nic.png	file
hardware_drivers_ws/src/rslidar_sdk/src/rs_driver/doc/howto/img/09_02_unicast.png	sensing/rslidar_sdk/src/rs_driver/doc/howto/img/09_02_unicast.png	file
hardware_drivers_ws/src/rslidar_sdk/src/rs_driver/doc/howto/img/12_08_not_supported.png	sensing/rslidar_sdk/src/rs_driver/doc/howto/img/12_08_not_supported.png	file
hardware_drivers_ws/src/rslidar_sdk/src/rs_driver/doc/howto/img/16_07_demo_precompile_macro.png	sensing/rslidar_sdk/src/rs_driver/doc/howto/img/16_07_demo_precompile_macro.png	file
hardware_drivers_ws/src/rslidar_sdk/src/rs_driver/doc/howto/img/16_12_viewer_sdl_check.png	sensing/rslidar_sdk/src/rs_driver/doc/howto/img/16_12_viewer_sdl_check.png	file
hardware_drivers_ws/src/rslidar_sdk/src/rs_driver/doc/howto/img/18_04_mech_points.png	sensing/rslidar_sdk/src/rs_driver/doc/howto/img/18_04_mech_points.png	file
hardware_drivers_ws/src/rslidar_sdk/src/rs_driver/doc/howto/13_how_to_capture_pcap_file.md	sensing/rslidar_sdk/src/rs_driver/doc/howto/13_how_to_capture_pcap_file.md	file
hardware_drivers_ws/src/rslidar_sdk/src/rs_driver/doc/howto/12_how_to_configure_by_pcap_file_CN.md	sensing/rslidar_sdk/src/rs_driver/doc/howto/12_how_to_configure_by_pcap_file_CN.md	file
hardware_drivers_ws/src/rslidar_sdk/src/rs_driver/doc/howto/09_online_lidar_advanced_topics.md	sensing/rslidar_sdk/src/rs_driver/doc/howto/09_online_lidar_advanced_topics.md	file
hardware_drivers_ws/src/rslidar_sdk/src/rs_driver/doc/howto/18_about_point_layout.md	sensing/rslidar_sdk/src/rs_driver/doc/howto/18_about_point_layout.md	file
hardware_drivers_ws/src/rslidar_sdk/src/rs_driver/doc/howto/17_how_to_avoid_packet_loss_CN.md	sensing/rslidar_sdk/src/rs_driver/doc/howto/17_how_to_avoid_packet_loss_CN.md	file
hardware_drivers_ws/src/rslidar_sdk/src/rs_driver/doc/howto/07_how_to_port_your_app_from_rs_driver_1.3.x_to_1.5.x_CN.md	sensing/rslidar_sdk/src/rs_driver/doc/howto/07_how_to_port_your_app_from_rs_driver_1.3.x_to_1.5.x_CN.md	file
hardware_drivers_ws/src/rslidar_sdk/src/rs_driver/doc/howto/10_how_to_decode_pcap_file.md	sensing/rslidar_sdk/src/rs_driver/doc/howto/10_how_to_decode_pcap_file.md	file
hardware_drivers_ws/src/rslidar_sdk/src/rs_driver/doc/howto/09_online_lidar_advanced_topics_CN.md	sensing/rslidar_sdk/src/rs_driver/doc/howto/09_online_lidar_advanced_topics_CN.md	file
hardware_drivers_ws/src/rslidar_sdk/src/rs_driver/doc/howto/21_how_to_parse_difop_CN.md	sensing/rslidar_sdk/src/rs_driver/doc/howto/21_how_to_parse_difop_CN.md	file
hardware_drivers_ws/src/rslidar_sdk/src/rs_driver/doc/howto/12_how_to_configure_by_pcap_file.md	sensing/rslidar_sdk/src/rs_driver/doc/howto/12_how_to_configure_by_pcap_file.md	file
hardware_drivers_ws/src/rslidar_sdk/src/rs_driver/doc/howto/15_how_to_transform_pointcloud_CN.md	sensing/rslidar_sdk/src/rs_driver/doc/howto/15_how_to_transform_pointcloud_CN.md	file
hardware_drivers_ws/src/rslidar_sdk/src/rs_driver/doc/howto/17_how_to_avoid_packet_loss.md	sensing/rslidar_sdk/src/rs_driver/doc/howto/17_how_to_avoid_packet_loss.md	file
hardware_drivers_ws/src/rslidar_sdk/src/rs_driver/doc/howto/10_how_to_decode_pcap_file_CN.md	sensing/rslidar_sdk/src/rs_driver/doc/howto/10_how_to_decode_pcap_file_CN.md	file
hardware_drivers_ws/src/rslidar_sdk/src/rs_driver/doc/howto/08_how_to_decode_online_lidar.md	sensing/rslidar_sdk/src/rs_driver/doc/howto/08_how_to_decode_online_lidar.md	file
hardware_drivers_ws/src/rslidar_sdk/src/rs_driver/doc/howto/13_how_to_capture_pcap_file_CN.md	sensing/rslidar_sdk/src/rs_driver/doc/howto/13_how_to_capture_pcap_file_CN.md	file
hardware_drivers_ws/src/rslidar_sdk/src/rs_driver/doc/howto/19_about_splitting_frame_CN.md	sensing/rslidar_sdk/src/rs_driver/doc/howto/19_about_splitting_frame_CN.md	file
hardware_drivers_ws/src/rslidar_sdk/src/rs_driver/doc/howto/07_how_to_port_your_app_from_rs_driver_1.3.x_to_1.5.x.md	sensing/rslidar_sdk/src/rs_driver/doc/howto/07_how_to_port_your_app_from_rs_driver_1.3.x_to_1.5.x.md	file
hardware_drivers_ws/src/rslidar_sdk/src/rs_driver/doc/howto/11_pcap_file_advanced_topics_CN.md	sensing/rslidar_sdk/src/rs_driver/doc/howto/11_pcap_file_advanced_topics_CN.md	file
hardware_drivers_ws/src/rslidar_sdk/src/rs_driver/doc/howto/20_about_usage_of_cpu_and_memory.md	sensing/rslidar_sdk/src/rs_driver/doc/howto/20_about_usage_of_cpu_and_memory.md	file
hardware_drivers_ws/src/rslidar_sdk/src/rs_driver/doc/howto/15_how_to_transform_pointcloud.md	sensing/rslidar_sdk/src/rs_driver/doc/howto/15_how_to_transform_pointcloud.md	file
hardware_drivers_ws/src/rslidar_sdk/src/rs_driver/doc/howto/14_how_to_use_rs_driver_viewer.md	sensing/rslidar_sdk/src/rs_driver/doc/howto/14_how_to_use_rs_driver_viewer.md	file
hardware_drivers_ws/src/rslidar_sdk/src/rs_driver/doc/howto/19_about_splitting_frame.md	sensing/rslidar_sdk/src/rs_driver/doc/howto/19_about_splitting_frame.md	file
hardware_drivers_ws/src/rslidar_sdk/src/rs_driver/doc/howto/08_how_to_decode_online_lidar_CN.md	sensing/rslidar_sdk/src/rs_driver/doc/howto/08_how_to_decode_online_lidar_CN.md	file
hardware_drivers_ws/src/rslidar_sdk/src/rs_driver/doc/howto/14_how_to_use_rs_driver_viewer_CN.md	sensing/rslidar_sdk/src/rs_driver/doc/howto/14_how_to_use_rs_driver_viewer_CN.md	file
hardware_drivers_ws/src/rslidar_sdk/src/rs_driver/doc/howto/16_how_to_compile_on_windows_CN.md	sensing/rslidar_sdk/src/rs_driver/doc/howto/16_how_to_compile_on_windows_CN.md	file
hardware_drivers_ws/src/rslidar_sdk/src/rs_driver/doc/howto/21_how_to_parse_difop.md	sensing/rslidar_sdk/src/rs_driver/doc/howto/21_how_to_parse_difop.md	file
hardware_drivers_ws/src/rslidar_sdk/src/rs_driver/doc/howto/18_about_point_layout_CN.md	sensing/rslidar_sdk/src/rs_driver/doc/howto/18_about_point_layout_CN.md	file
hardware_drivers_ws/src/rslidar_sdk/src/rs_driver/doc/intro/03_thread_model_CN.md	sensing/rslidar_sdk/src/rs_driver/doc/intro/03_thread_model_CN.md	file
hardware_drivers_ws/src/rslidar_sdk/src/rs_driver/doc/intro/04_parameter_intro.md	sensing/rslidar_sdk/src/rs_driver/doc/intro/04_parameter_intro.md	file
hardware_drivers_ws/src/rslidar_sdk/src/rs_driver/doc/intro/05_cmake_macros_intro_CN.md	sensing/rslidar_sdk/src/rs_driver/doc/intro/05_cmake_macros_intro_CN.md	file
hardware_drivers_ws/src/rslidar_sdk/src/rs_driver/doc/intro/04_parameter_intro_CN.md	sensing/rslidar_sdk/src/rs_driver/doc/intro/04_parameter_intro_CN.md	file
hardware_drivers_ws/src/rslidar_sdk/src/rs_driver/doc/intro/06_error_code_intro_CN.md	sensing/rslidar_sdk/src/rs_driver/doc/intro/06_error_code_intro_CN.md	file
hardware_drivers_ws/src/rslidar_sdk/src/rs_driver/doc/intro/img/03_02_interface_with_threads.png	sensing/rslidar_sdk/src/rs_driver/doc/intro/img/03_02_interface_with_threads.png	file
hardware_drivers_ws/src/rslidar_sdk/src/rs_driver/doc/intro/img/03_01_components_and_threads.png	sensing/rslidar_sdk/src/rs_driver/doc/intro/img/03_01_components_and_threads.png	file
hardware_drivers_ws/src/rslidar_sdk/src/rs_driver/doc/intro/05_cmake_macros_intro.md	sensing/rslidar_sdk/src/rs_driver/doc/intro/05_cmake_macros_intro.md	file
hardware_drivers_ws/src/rslidar_sdk/src/rs_driver/doc/intro/03_thread_model.md	sensing/rslidar_sdk/src/rs_driver/doc/intro/03_thread_model.md	file
hardware_drivers_ws/src/rslidar_sdk/src/rs_driver/doc/intro/02_directories_and_files.md	sensing/rslidar_sdk/src/rs_driver/doc/intro/02_directories_and_files.md	file
hardware_drivers_ws/src/rslidar_sdk/src/rs_driver/doc/intro/02_directories_and_files_CN.md	sensing/rslidar_sdk/src/rs_driver/doc/intro/02_directories_and_files_CN.md	file
hardware_drivers_ws/src/rslidar_sdk/src/rs_driver/doc/intro/06_error_code_intro.md	sensing/rslidar_sdk/src/rs_driver/doc/intro/06_error_code_intro.md	file
hardware_drivers_ws/src/rslidar_sdk/src/rs_driver/doc/src_intro/rs_driver_intro_CN.md	sensing/rslidar_sdk/src/rs_driver/doc/src_intro/rs_driver_intro_CN.md	file
hardware_drivers_ws/src/rslidar_sdk/src/rs_driver/doc/src_intro/img/class_decoder_mech.png	sensing/rslidar_sdk/src/rs_driver/doc/src_intro/img/class_decoder_mech.png	file
hardware_drivers_ws/src/rslidar_sdk/src/rs_driver/doc/src_intro/img/rs16_msop_single_return.png	sensing/rslidar_sdk/src/rs_driver/doc/src_intro/img/rs16_msop_single_return.png	file
hardware_drivers_ws/src/rslidar_sdk/src/rs_driver/doc/src_intro/img/class_lidar_driver_impl.png	sensing/rslidar_sdk/src/rs_driver/doc/src_intro/img/class_lidar_driver_impl.png	file
hardware_drivers_ws/src/rslidar_sdk/src/rs_driver/doc/src_intro/img/class_chan_angles.png	sensing/rslidar_sdk/src/rs_driver/doc/src_intro/img/class_chan_angles.png	file
hardware_drivers_ws/src/rslidar_sdk/src/rs_driver/doc/src_intro/img/.xdp_components.8OXVH1	sensing/rslidar_sdk/src/rs_driver/doc/src_intro/img/.xdp_components.8OXVH1	file
hardware_drivers_ws/src/rslidar_sdk/src/rs_driver/doc/src_intro/img/classes_decoder.png	sensing/rslidar_sdk/src/rs_driver/doc/src_intro/img/classes_decoder.png	file
hardware_drivers_ws/src/rslidar_sdk/src/rs_driver/doc/src_intro/img/classes_split_strategy.png	sensing/rslidar_sdk/src/rs_driver/doc/src_intro/img/classes_split_strategy.png	file
hardware_drivers_ws/src/rslidar_sdk/src/rs_driver/doc/src_intro/img/class_input_raw.png	sensing/rslidar_sdk/src/rs_driver/doc/src_intro/img/class_input_raw.png	file
hardware_drivers_ws/src/rslidar_sdk/src/rs_driver/doc/src_intro/img/class_distance_section.png	sensing/rslidar_sdk/src/rs_driver/doc/src_intro/img/class_distance_section.png	file
hardware_drivers_ws/src/rslidar_sdk/src/rs_driver/doc/src_intro/img/class_trigon.png	sensing/rslidar_sdk/src/rs_driver/doc/src_intro/img/class_trigon.png	file
hardware_drivers_ws/src/rslidar_sdk/src/rs_driver/doc/src_intro/img/class_input_sock.png	sensing/rslidar_sdk/src/rs_driver/doc/src_intro/img/class_input_sock.png	file
hardware_drivers_ws/src/rslidar_sdk/src/rs_driver/doc/src_intro/img/components.png	sensing/rslidar_sdk/src/rs_driver/doc/src_intro/img/components.png	file
hardware_drivers_ws/src/rslidar_sdk/src/rs_driver/doc/src_intro/img/packet_layers.png	sensing/rslidar_sdk/src/rs_driver/doc/src_intro/img/packet_layers.png	file
hardware_drivers_ws/src/rslidar_sdk/src/rs_driver/doc/src_intro/img/.xdp_01_components.QEQTH1	sensing/rslidar_sdk/src/rs_driver/doc/src_intro/img/.xdp_01_components.QEQTH1	file
hardware_drivers_ws/src/rslidar_sdk/src/rs_driver/doc/src_intro/img/split_position.png	sensing/rslidar_sdk/src/rs_driver/doc/src_intro/img/split_position.png	file
hardware_drivers_ws/src/rslidar_sdk/src/rs_driver/doc/src_intro/img/trigon_sinss.png	sensing/rslidar_sdk/src/rs_driver/doc/src_intro/img/trigon_sinss.png	file
hardware_drivers_ws/src/rslidar_sdk/src/rs_driver/doc/src_intro/img/class_input_pcap.png	sensing/rslidar_sdk/src/rs_driver/doc/src_intro/img/class_input_pcap.png	file
hardware_drivers_ws/src/rslidar_sdk/src/rs_driver/doc/src_intro/img/class_azimuth_section.png	sensing/rslidar_sdk/src/rs_driver/doc/src_intro/img/class_azimuth_section.png	file
hardware_drivers_ws/src/rslidar_sdk/src/rs_driver/doc/src_intro/img/packet_layers_full.png	sensing/rslidar_sdk/src/rs_driver/doc/src_intro/img/packet_layers_full.png	file
hardware_drivers_ws/src/rslidar_sdk/src/rs_driver/doc/src_intro/img/class_decoder_factory.png	sensing/rslidar_sdk/src/rs_driver/doc/src_intro/img/class_decoder_factory.png	file
hardware_drivers_ws/src/rslidar_sdk/src/rs_driver/doc/src_intro/img/class_decoder_rsbp.png	sensing/rslidar_sdk/src/rs_driver/doc/src_intro/img/class_decoder_rsbp.png	file
hardware_drivers_ws/src/rslidar_sdk/src/rs_driver/doc/src_intro/img/fov.png	sensing/rslidar_sdk/src/rs_driver/doc/src_intro/img/fov.png	file
hardware_drivers_ws/src/rslidar_sdk/src/rs_driver/doc/src_intro/img/split_angle.png	sensing/rslidar_sdk/src/rs_driver/doc/src_intro/img/split_angle.png	file
hardware_drivers_ws/src/rslidar_sdk/src/rs_driver/doc/src_intro/img/rs16_msop_dual_return.png	sensing/rslidar_sdk/src/rs_driver/doc/src_intro/img/rs16_msop_dual_return.png	file
hardware_drivers_ws/src/rslidar_sdk/src/rs_driver/doc/src_intro/img/classes_split_strategy_by_seq.png	sensing/rslidar_sdk/src/rs_driver/doc/src_intro/img/classes_split_strategy_by_seq.png	file
hardware_drivers_ws/src/rslidar_sdk/src/rs_driver/doc/src_intro/img/msop_dual_return.png	sensing/rslidar_sdk/src/rs_driver/doc/src_intro/img/msop_dual_return.png	file
hardware_drivers_ws/src/rslidar_sdk/src/rs_driver/doc/src_intro/img/safe_range.png	sensing/rslidar_sdk/src/rs_driver/doc/src_intro/img/safe_range.png	file
hardware_drivers_ws/src/rslidar_sdk/src/rs_driver/doc/src_intro/img/class_decoder_rsm1.png	sensing/rslidar_sdk/src/rs_driver/doc/src_intro/img/class_decoder_rsm1.png	file
hardware_drivers_ws/src/rslidar_sdk/src/rs_driver/doc/src_intro/img/classes_input.png	sensing/rslidar_sdk/src/rs_driver/doc/src_intro/img/classes_input.png	file
hardware_drivers_ws/src/rslidar_sdk/src/rs_driver/doc/src_intro/img/classes_rs16_block_iterator.png	sensing/rslidar_sdk/src/rs_driver/doc/src_intro/img/classes_rs16_block_iterator.png	file
hardware_drivers_ws/src/rslidar_sdk/src/rs_driver/doc/src_intro/img/classes_block_iterator.png	sensing/rslidar_sdk/src/rs_driver/doc/src_intro/img/classes_block_iterator.png	file
hardware_drivers_ws/src/rslidar_sdk/src/rs_driver/doc/src_intro/img/packet_record_replay.png	sensing/rslidar_sdk/src/rs_driver/doc/src_intro/img/packet_record_replay.png	file
hardware_drivers_ws/src/rslidar_sdk/src/rs_driver/doc/src_intro/img/msop_ruby128.png	sensing/rslidar_sdk/src/rs_driver/doc/src_intro/img/msop_ruby128.png	file
hardware_drivers_ws/src/rslidar_sdk/src/rs_driver/doc/src_intro/img/msop_single_return.png	sensing/rslidar_sdk/src/rs_driver/doc/src_intro/img/msop_single_return.png	file
hardware_drivers_ws/src/rslidar_sdk/src/rs_driver/doc/src_intro/img/class_input_factory.png	sensing/rslidar_sdk/src/rs_driver/doc/src_intro/img/class_input_factory.png	file
hardware_drivers_ws/src/rslidar_sdk/src/rs_driver/doc/src_intro/img/class_decoder.png	sensing/rslidar_sdk/src/rs_driver/doc/src_intro/img/class_decoder.png	file
hardware_drivers_ws/src/rslidar_sdk/src/rs_driver/doc/src_intro/img/class_input.png	sensing/rslidar_sdk/src/rs_driver/doc/src_intro/img/class_input.png	file
hardware_drivers_ws/src/rslidar_sdk/src/rs_driver/cmake/rs_driverConfigVersion.cmake	sensing/rslidar_sdk/src/rs_driver/cmake/rs_driverConfigVersion.cmake	file
hardware_drivers_ws/src/rslidar_sdk/src/rs_driver/cmake/cmake_uninstall.cmake.in	sensing/rslidar_sdk/src/rs_driver/cmake/cmake_uninstall.cmake.in	file
hardware_drivers_ws/src/rslidar_sdk/src/rs_driver/cmake/rs_driverConfig.cmake	sensing/rslidar_sdk/src/rs_driver/cmake/rs_driverConfig.cmake	file
hardware_drivers_ws/src/rslidar_sdk/src/rs_driver/cmake/rs_driverConfig.cmake.in	sensing/rslidar_sdk/src/rs_driver/cmake/rs_driverConfig.cmake.in	file
hardware_drivers_ws/src/rslidar_sdk/src/rs_driver/cmake/FindPCAP.cmake	sensing/rslidar_sdk/src/rs_driver/cmake/FindPCAP.cmake	file
hardware_drivers_ws/src/rslidar_sdk/src/rs_driver/cmake/rs_driverConfigVersion.cmake.in	sensing/rslidar_sdk/src/rs_driver/cmake/rs_driverConfigVersion.cmake.in	file
hardware_drivers_ws/src/rslidar_sdk/src/rs_driver/CHANGELOG.md	sensing/rslidar_sdk/src/rs_driver/CHANGELOG.md	file
hardware_drivers_ws/src/rslidar_sdk/src/utility/common.hpp	sensing/rslidar_sdk/src/utility/common.hpp	file
hardware_drivers_ws/src/rslidar_sdk/src/utility/yaml_reader.hpp	sensing/rslidar_sdk/src/utility/yaml_reader.hpp	file
hardware_drivers_ws/src/rslidar_sdk/img/01_01_download_page.png	sensing/rslidar_sdk/img/01_01_download_page.png	file
hardware_drivers_ws/src/rslidar_sdk/README.md	sensing/rslidar_sdk/README.md	file
hardware_drivers_ws/src/rslidar_sdk/CMakeLists.txt	sensing/rslidar_sdk/CMakeLists.txt	file
hardware_drivers_ws/src/rslidar_sdk/launch/elequent_start.py	sensing/rslidar_sdk/launch/elequent_start.py	file
hardware_drivers_ws/src/rslidar_sdk/launch/start.py	sensing/rslidar_sdk/launch/start.py	file
hardware_drivers_ws/src/rslidar_sdk/launch/start.launch	sensing/rslidar_sdk/launch/start.launch	file
hardware_drivers_ws/src/rslidar_sdk/launch/humble_start.py	sensing/rslidar_sdk/launch/humble_start.py	file
hardware_drivers_ws/src/rslidar_sdk/LICENSE	sensing/rslidar_sdk/LICENSE	file
hardware_drivers_ws/src/rslidar_sdk/.gitignore	sensing/rslidar_sdk/.gitignore	file
hardware_drivers_ws/src/rslidar_sdk/node/rslidar_sdk_node.cpp	sensing/rslidar_sdk/node/rslidar_sdk_node.cpp	file
hardware_drivers_ws/src/rslidar_sdk/README_CN.md	sensing/rslidar_sdk/README_CN.md	file
hardware_drivers_ws/src/rslidar_sdk/rviz/rviz2.rviz	sensing/rslidar_sdk/rviz/rviz2.rviz	file
hardware_drivers_ws/src/rslidar_sdk/rviz/rviz.rviz	sensing/rslidar_sdk/rviz/rviz.rviz	file
hardware_drivers_ws/src/rslidar_sdk/create_debian.sh	sensing/rslidar_sdk/create_debian.sh	file
hardware_drivers_ws/src/rslidar_sdk/.gitmodules	sensing/rslidar_sdk/.gitmodules	file
hardware_drivers_ws/src/rslidar_sdk/.clang-format	sensing/rslidar_sdk/.clang-format	file
hardware_drivers_ws/src/rslidar_sdk/doc/howto/05_how_to_change_point_type_CN.md	sensing/rslidar_sdk/doc/howto/05_how_to_change_point_type_CN.md	file
hardware_drivers_ws/src/rslidar_sdk/doc/howto/10_how_to_use_coordinate_transformation_CN.md	sensing/rslidar_sdk/doc/howto/10_how_to_use_coordinate_transformation_CN.md	file
hardware_drivers_ws/src/rslidar_sdk/doc/howto/06_how_to_decode_online_lidar.md	sensing/rslidar_sdk/doc/howto/06_how_to_decode_online_lidar.md	file
hardware_drivers_ws/src/rslidar_sdk/doc/howto/img/07_03_multicast.png	sensing/rslidar_sdk/doc/howto/img/07_03_multicast.png	file
hardware_drivers_ws/src/rslidar_sdk/doc/howto/img/07_08_user_layer.png	sensing/rslidar_sdk/doc/howto/img/07_08_user_layer.png	file
hardware_drivers_ws/src/rslidar_sdk/doc/howto/img/07_06_vlan_layer.png	sensing/rslidar_sdk/doc/howto/img/07_06_vlan_layer.png	file
hardware_drivers_ws/src/rslidar_sdk/doc/howto/img/13_01_rviz.png	sensing/rslidar_sdk/doc/howto/img/13_01_rviz.png	file
hardware_drivers_ws/src/rslidar_sdk/doc/howto/img/07_05_multi_lidars_ip.png	sensing/rslidar_sdk/doc/howto/img/07_05_multi_lidars_ip.png	file
hardware_drivers_ws/src/rslidar_sdk/doc/howto/img/07_07_vlan.png	sensing/rslidar_sdk/doc/howto/img/07_07_vlan.png	file
hardware_drivers_ws/src/rslidar_sdk/doc/howto/img/07_04_multi_lidars_port.png	sensing/rslidar_sdk/doc/howto/img/07_04_multi_lidars_port.png	file
hardware_drivers_ws/src/rslidar_sdk/doc/howto/img/07_02_unicast.png	sensing/rslidar_sdk/doc/howto/img/07_02_unicast.png	file
hardware_drivers_ws/src/rslidar_sdk/doc/howto/img/04_01_packet_rosbag.png	sensing/rslidar_sdk/doc/howto/img/04_01_packet_rosbag.png	file
hardware_drivers_ws/src/rslidar_sdk/doc/howto/img/07_01_broadcast.png	sensing/rslidar_sdk/doc/howto/img/07_01_broadcast.png	file
hardware_drivers_ws/src/rslidar_sdk/doc/howto/08_how_to_decode_pcap_file_CN.md	sensing/rslidar_sdk/doc/howto/08_how_to_decode_pcap_file_CN.md	file
hardware_drivers_ws/src/rslidar_sdk/doc/howto/08_how_to_decode_pcap_file.md	sensing/rslidar_sdk/doc/howto/08_how_to_decode_pcap_file.md	file
hardware_drivers_ws/src/rslidar_sdk/doc/howto/13_how_to_solve_ROS2_humble_frame_rate_drop.md	sensing/rslidar_sdk/doc/howto/13_how_to_solve_ROS2_humble_frame_rate_drop.md	file
hardware_drivers_ws/src/rslidar_sdk/doc/howto/04_how_to_work_along_with_rslidar_sdk_node_v1.3.x_CN.md	sensing/rslidar_sdk/doc/howto/04_how_to_work_along_with_rslidar_sdk_node_v1.3.x_CN.md	file
hardware_drivers_ws/src/rslidar_sdk/doc/howto/11_how_to_record_replay_packet_rosbag_CN.md	sensing/rslidar_sdk/doc/howto/11_how_to_record_replay_packet_rosbag_CN.md	file
hardware_drivers_ws/src/rslidar_sdk/doc/howto/09_pcap_file_advanced_topics.md	sensing/rslidar_sdk/doc/howto/09_pcap_file_advanced_topics.md	file
hardware_drivers_ws/src/rslidar_sdk/doc/howto/13_how_to_solve_ROS2_humble_frame_rate_drop_CN.md	sensing/rslidar_sdk/doc/howto/13_how_to_solve_ROS2_humble_frame_rate_drop_CN.md	file
hardware_drivers_ws/src/rslidar_sdk/doc/howto/06_how_to_decode_online_lidar_CN.md	sensing/rslidar_sdk/doc/howto/06_how_to_decode_online_lidar_CN.md	file
hardware_drivers_ws/src/rslidar_sdk/doc/howto/09_pcap_file_advanced_topics_CN.md	sensing/rslidar_sdk/doc/howto/09_pcap_file_advanced_topics_CN.md	file
hardware_drivers_ws/src/rslidar_sdk/doc/howto/11_how_to_record_replay_packet_rosbag.md	sensing/rslidar_sdk/doc/howto/11_how_to_record_replay_packet_rosbag.md	file
hardware_drivers_ws/src/rslidar_sdk/doc/howto/12_how_to_create_deb.md	sensing/rslidar_sdk/doc/howto/12_how_to_create_deb.md	file
hardware_drivers_ws/src/rslidar_sdk/doc/howto/07_online_lidar_advanced_topics_CN.md	sensing/rslidar_sdk/doc/howto/07_online_lidar_advanced_topics_CN.md	file
hardware_drivers_ws/src/rslidar_sdk/doc/howto/10_how_to_use_coordinate_transformation.md	sensing/rslidar_sdk/doc/howto/10_how_to_use_coordinate_transformation.md	file
hardware_drivers_ws/src/rslidar_sdk/doc/howto/script/dds_mod.sh	sensing/rslidar_sdk/doc/howto/script/dds_mod.sh	file
hardware_drivers_ws/src/rslidar_sdk/doc/howto/07_online_lidar_advanced_topics.md	sensing/rslidar_sdk/doc/howto/07_online_lidar_advanced_topics.md	file
hardware_drivers_ws/src/rslidar_sdk/doc/howto/05_how_to_change_point_type.md	sensing/rslidar_sdk/doc/howto/05_how_to_change_point_type.md	file
hardware_drivers_ws/src/rslidar_sdk/doc/intro/02_parameter_intro.md	sensing/rslidar_sdk/doc/intro/02_parameter_intro.md	file
hardware_drivers_ws/src/rslidar_sdk/doc/intro/03_hiding_parameters_intro.md	sensing/rslidar_sdk/doc/intro/03_hiding_parameters_intro.md	file
hardware_drivers_ws/src/rslidar_sdk/doc/intro/02_parameter_intro_CN.md	sensing/rslidar_sdk/doc/intro/02_parameter_intro_CN.md	file
hardware_drivers_ws/src/rslidar_sdk/doc/intro/03_hiding_parameters_intro_CN.md	sensing/rslidar_sdk/doc/intro/03_hiding_parameters_intro_CN.md	file
hardware_drivers_ws/src/rslidar_sdk/doc/src_intro/img/class_node_manager.png	sensing/rslidar_sdk/doc/src_intro/img/class_node_manager.png	file
hardware_drivers_ws/src/rslidar_sdk/doc/src_intro/img/class_destination_packet.png	sensing/rslidar_sdk/doc/src_intro/img/class_destination_packet.png	file
hardware_drivers_ws/src/rslidar_sdk/doc/src_intro/img/class_destination_pointcloud.png	sensing/rslidar_sdk/doc/src_intro/img/class_destination_pointcloud.png	file
hardware_drivers_ws/src/rslidar_sdk/doc/src_intro/img/class_source_driver.png	sensing/rslidar_sdk/doc/src_intro/img/class_source_driver.png	file
hardware_drivers_ws/src/rslidar_sdk/doc/src_intro/img/class_source_packet_ros.png	sensing/rslidar_sdk/doc/src_intro/img/class_source_packet_ros.png	file
hardware_drivers_ws/src/rslidar_sdk/doc/src_intro/img/class_source_destination.png	sensing/rslidar_sdk/doc/src_intro/img/class_source_destination.png	file
hardware_drivers_ws/src/rslidar_sdk/doc/src_intro/rslidar_sdk_intro_CN.md	sensing/rslidar_sdk/doc/src_intro/rslidar_sdk_intro_CN.md	file
hardware_drivers_ws/src/rslidar_sdk/config/config.yaml	sensing/rslidar_sdk/config/config.yaml	file
hardware_drivers_ws/src/rslidar_sdk/CHANGELOG.md	sensing/rslidar_sdk/CHANGELOG.md	file
hardware_drivers_ws/src/rslidar_sdk/package.xml	sensing/rslidar_sdk/package.xml	file
hardware_drivers_ws/scripts/wait_for_time_sync.sh	system/workspace_support/hardware_drivers_ws/scripts/wait_for_time_sync.sh	file
omnifleet_t2_ws/foxglove/nav2_permanent_panel/test_parameter_store.py	visualization/omnifleet_t2_ws/foxglove/nav2_permanent_panel/test_parameter_store.py	file
omnifleet_t2_ws/foxglove/nav2_permanent_panel/deploy_panel.py	visualization/omnifleet_t2_ws/foxglove/nav2_permanent_panel/deploy_panel.py	file
omnifleet_t2_ws/foxglove/nav2_permanent_panel/test_dwb_minimums.py	visualization/omnifleet_t2_ws/foxglove/nav2_permanent_panel/test_dwb_minimums.py	file
omnifleet_t2_ws/foxglove/nav2_permanent_panel/nav2_parameter_store.py.before_bag_20260924_003223	visualization/omnifleet_t2_ws/foxglove/nav2_permanent_panel/nav2_parameter_store.py.before_bag_20260924_003223	file
omnifleet_t2_ws/foxglove/nav2_permanent_panel/Nav2PermanentPanel.js.before_service_ui_20260923	visualization/omnifleet_t2_ws/foxglove/nav2_permanent_panel/Nav2PermanentPanel.js.before_service_ui_20260923	file
omnifleet_t2_ws/foxglove/nav2_permanent_panel/parameter_links.py	visualization/omnifleet_t2_ws/foxglove/nav2_permanent_panel/parameter_links.py	file
omnifleet_t2_ws/foxglove/nav2_permanent_panel/omnifleet-t2-nav2-parameters.service	visualization/omnifleet_t2_ws/foxglove/nav2_permanent_panel/omnifleet-t2-nav2-parameters.service	file
omnifleet_t2_ws/foxglove/nav2_permanent_panel/navigation_restart.py.before_systemd_20260923	visualization/omnifleet_t2_ws/foxglove/nav2_permanent_panel/navigation_restart.py.before_systemd_20260923	file
omnifleet_t2_ws/foxglove/nav2_permanent_panel/foxglove.yaml.before_bag_20260924_003223	visualization/omnifleet_t2_ws/foxglove/nav2_permanent_panel/foxglove.yaml.before_bag_20260924_003223	file
omnifleet_t2_ws/foxglove/nav2_permanent_panel/README.md	visualization/omnifleet_t2_ws/foxglove/nav2_permanent_panel/README.md	file
omnifleet_t2_ws/foxglove/nav2_permanent_panel/nav2_parameter_store.py	visualization/omnifleet_t2_ws/foxglove/nav2_permanent_panel/nav2_parameter_store.py	file
omnifleet_t2_ws/foxglove/nav2_permanent_panel/test_shared_padding_links.py	visualization/omnifleet_t2_ws/foxglove/nav2_permanent_panel/test_shared_padding_links.py	file
omnifleet_t2_ws/foxglove/nav2_permanent_panel/nav2_parameter_store.py.before_record_topics_20260924_033952	visualization/omnifleet_t2_ws/foxglove/nav2_permanent_panel/nav2_parameter_store.py.before_record_topics_20260924_033952	file
omnifleet_t2_ws/foxglove/nav2_permanent_panel/Nav2PermanentPanel.js.before_record_topics_20260924_033952	visualization/omnifleet_t2_ws/foxglove/nav2_permanent_panel/Nav2PermanentPanel.js.before_record_topics_20260924_033952	file
omnifleet_t2_ws/foxglove/nav2_permanent_panel/nav2_parameter_store.py.before_mppi_map_20260923	visualization/omnifleet_t2_ws/foxglove/nav2_permanent_panel/nav2_parameter_store.py.before_mppi_map_20260923	file
omnifleet_t2_ws/foxglove/nav2_permanent_panel/navigation_restart.py	visualization/omnifleet_t2_ws/foxglove/nav2_permanent_panel/navigation_restart.py	file
omnifleet_t2_ws/foxglove/nav2_permanent_panel/cdp.cjs	visualization/omnifleet_t2_ws/foxglove/nav2_permanent_panel/cdp.cjs	file
omnifleet_t2_ws/foxglove/nav2_permanent_panel/test_shared_padding.cjs	visualization/omnifleet_t2_ws/foxglove/nav2_permanent_panel/test_shared_padding.cjs	file
omnifleet_t2_ws/foxglove/nav2_permanent_panel/height_linkage.py	visualization/omnifleet_t2_ws/foxglove/nav2_permanent_panel/height_linkage.py	file
omnifleet_t2_ws/foxglove/nav2_permanent_panel/Nav2PermanentPanel.js	visualization/omnifleet_t2_ws/foxglove/nav2_permanent_panel/Nav2PermanentPanel.js	file
omnifleet_t2_ws/foxglove/nav2_permanent_panel/verify_refresh.js	visualization/omnifleet_t2_ws/foxglove/nav2_permanent_panel/verify_refresh.js	file
omnifleet_t2_ws/foxglove/nav2_permanent_panel/navigation_restart.sh	visualization/omnifleet_t2_ws/foxglove/nav2_permanent_panel/navigation_restart.sh	file
omnifleet_t2_ws/foxglove/nav2_permanent_panel/verify_save.js	visualization/omnifleet_t2_ws/foxglove/nav2_permanent_panel/verify_save.js	file
omnifleet_t2_ws/foxglove/nav2_permanent_panel/nav2_error_hints.mjs	visualization/omnifleet_t2_ws/foxglove/nav2_permanent_panel/nav2_error_hints.mjs	file
omnifleet_t2_ws/foxglove/nav2_permanent_panel/Nav2PermanentPanel.js.before_costmap_service_20260923	visualization/omnifleet_t2_ws/foxglove/nav2_permanent_panel/Nav2PermanentPanel.js.before_costmap_service_20260923	file
omnifleet_t2_ws/foxglove/nav2_permanent_panel/navigation_restart.py.before_costmap_service_	visualization/omnifleet_t2_ws/foxglove/nav2_permanent_panel/navigation_restart.py.before_costmap_service_	file
omnifleet_t2_ws/foxglove/nav2_permanent_panel/verify_restore.js	visualization/omnifleet_t2_ws/foxglove/nav2_permanent_panel/verify_restore.js	file
omnifleet_t2_ws/foxglove/nav2_permanent_panel/Nav2PermanentPanel.js.before_costmap_service_	visualization/omnifleet_t2_ws/foxglove/nav2_permanent_panel/Nav2PermanentPanel.js.before_costmap_service_	file
omnifleet_t2_ws/foxglove/nav2_permanent_panel/parameter_docs.json	visualization/omnifleet_t2_ws/foxglove/nav2_permanent_panel/parameter_docs.json	file
omnifleet_t2_ws/foxglove/nav2_permanent_panel/navigation_restart.py.before_costmap_service_20260923	visualization/omnifleet_t2_ws/foxglove/nav2_permanent_panel/navigation_restart.py.before_costmap_service_20260923	file
omnifleet_t2_ws/foxglove/nav2_permanent_panel/Nav2PermanentPanel.js.before_bag_20260924_003223	visualization/omnifleet_t2_ws/foxglove/nav2_permanent_panel/Nav2PermanentPanel.js.before_bag_20260924_003223	file
omnifleet_t2_ws/foxglove/nav2_permanent_panel/verify_inflation.js	visualization/omnifleet_t2_ws/foxglove/nav2_permanent_panel/verify_inflation.js	file
omnifleet_t2_ws/foxglove/nav2_permanent_panel/test_parameter_search.cjs	visualization/omnifleet_t2_ws/foxglove/nav2_permanent_panel/test_parameter_search.cjs	file
omnifleet_t2_ws/foxglove/nav2_permanent_panel/inspect.js	visualization/omnifleet_t2_ws/foxglove/nav2_permanent_panel/inspect.js	file
omnifleet_t2_ws/foxglove/nav2_permanent_panel/verify_startup.py	visualization/omnifleet_t2_ws/foxglove/nav2_permanent_panel/verify_startup.py	file
omnifleet_t2_ws/foxglove/dsh_diagnostic_panel/test_causal_chain_optional.py	visualization/omnifleet_t2_ws/foxglove/dsh_diagnostic_panel/test_causal_chain_optional.py	file
omnifleet_t2_ws/foxglove/dsh_diagnostic_panel/dsh-readonly.patch.yml.before-plain-language-20260908	visualization/omnifleet_t2_ws/foxglove/dsh_diagnostic_panel/dsh-readonly.patch.yml.before-plain-language-20260908	file
omnifleet_t2_ws/foxglove/dsh_diagnostic_panel/test_timing.py	visualization/omnifleet_t2_ws/foxglove/dsh_diagnostic_panel/test_timing.py	file
omnifleet_t2_ws/foxglove/dsh_diagnostic_panel/test_policy.mjs	visualization/omnifleet_t2_ws/foxglove/dsh_diagnostic_panel/test_policy.mjs	file
omnifleet_t2_ws/foxglove/dsh_diagnostic_panel/panel-test.mjs	visualization/omnifleet_t2_ws/foxglove/dsh_diagnostic_panel/panel-test.mjs	file
omnifleet_t2_ws/foxglove/dsh_diagnostic_panel/test_diagnostic_request.py	visualization/omnifleet_t2_ws/foxglove/dsh_diagnostic_panel/test_diagnostic_request.py	file
omnifleet_t2_ws/foxglove/dsh_diagnostic_panel/causal_evidence.py	visualization/omnifleet_t2_ws/foxglove/dsh_diagnostic_panel/causal_evidence.py	file
omnifleet_t2_ws/foxglove/dsh_diagnostic_panel/dsh_runner.py	visualization/omnifleet_t2_ws/foxglove/dsh_diagnostic_panel/dsh_runner.py	file
omnifleet_t2_ws/foxglove/dsh_diagnostic_panel/diagnostic_payload.py	visualization/omnifleet_t2_ws/foxglove/dsh_diagnostic_panel/diagnostic_payload.py	file
omnifleet_t2_ws/foxglove/dsh_diagnostic_panel/README.md	visualization/omnifleet_t2_ws/foxglove/dsh_diagnostic_panel/README.md	file
omnifleet_t2_ws/foxglove/dsh_diagnostic_panel/make_dsh_overlay.py	visualization/omnifleet_t2_ws/foxglove/dsh_diagnostic_panel/make_dsh_overlay.py	file
omnifleet_t2_ws/foxglove/dsh_diagnostic_panel/test_error_log_retention.py	visualization/omnifleet_t2_ws/foxglove/dsh_diagnostic_panel/test_error_log_retention.py	file
omnifleet_t2_ws/foxglove/dsh_diagnostic_panel/test_guidance_ui.cjs	visualization/omnifleet_t2_ws/foxglove/dsh_diagnostic_panel/test_guidance_ui.cjs	file
omnifleet_t2_ws/foxglove/dsh_diagnostic_panel/dsh-readonly.patch.yml	visualization/omnifleet_t2_ws/foxglove/dsh_diagnostic_panel/dsh-readonly.patch.yml	file
omnifleet_t2_ws/foxglove/dsh_diagnostic_panel/test_timeout_fallback.py	visualization/omnifleet_t2_ws/foxglove/dsh_diagnostic_panel/test_timeout_fallback.py	file
omnifleet_t2_ws/foxglove/dsh_diagnostic_panel/parameter_guidance.py	visualization/omnifleet_t2_ws/foxglove/dsh_diagnostic_panel/parameter_guidance.py	file
omnifleet_t2_ws/foxglove/dsh_diagnostic_panel/model_timing.mjs	visualization/omnifleet_t2_ws/foxglove/dsh_diagnostic_panel/model_timing.mjs	file
omnifleet_t2_ws/foxglove/dsh_diagnostic_panel/verify_dsh_profile.py	visualization/omnifleet_t2_ws/foxglove/dsh_diagnostic_panel/verify_dsh_profile.py	file
omnifleet_t2_ws/foxglove/dsh_diagnostic_panel/DshDiagnosticPanel.js	visualization/omnifleet_t2_ws/foxglove/dsh_diagnostic_panel/DshDiagnosticPanel.js	file
omnifleet_t2_ws/foxglove/dsh_diagnostic_panel/test_skill_context.py	visualization/omnifleet_t2_ws/foxglove/dsh_diagnostic_panel/test_skill_context.py	file
omnifleet_t2_ws/foxglove/dsh_diagnostic_panel/test_answer_validation.py	visualization/omnifleet_t2_ws/foxglove/dsh_diagnostic_panel/test_answer_validation.py	file
omnifleet_t2_ws/foxglove/dsh_diagnostic_panel/panel-guidance-test.mjs	visualization/omnifleet_t2_ws/foxglove/dsh_diagnostic_panel/panel-guidance-test.mjs	file
omnifleet_t2_ws/foxglove/dsh_diagnostic_panel/model_timing_v2.mjs	visualization/omnifleet_t2_ws/foxglove/dsh_diagnostic_panel/model_timing_v2.mjs	file
omnifleet_t2_ws/foxglove/dsh_diagnostic_panel/replay_speed_link_case.py	visualization/omnifleet_t2_ws/foxglove/dsh_diagnostic_panel/replay_speed_link_case.py	file
omnifleet_t2_ws/foxglove/dsh_diagnostic_panel/test_transport.mjs	visualization/omnifleet_t2_ws/foxglove/dsh_diagnostic_panel/test_transport.mjs	file
omnifleet_t2_ws/foxglove/dsh_diagnostic_panel/test_snapshot_fallback.py	visualization/omnifleet_t2_ws/foxglove/dsh_diagnostic_panel/test_snapshot_fallback.py	file
omnifleet_t2_ws/foxglove/dsh_diagnostic_panel/omnifleet-t2-dsh-diagnostics.service	visualization/omnifleet_t2_ws/foxglove/dsh_diagnostic_panel/omnifleet-t2-dsh-diagnostics.service	file
omnifleet_t2_ws/foxglove/dsh_diagnostic_panel/diagnostic_policy.mjs	visualization/omnifleet_t2_ws/foxglove/dsh_diagnostic_panel/diagnostic_policy.mjs	file
omnifleet_t2_ws/foxglove/dsh_diagnostic_panel/paos_diagnostic_worker.py	visualization/omnifleet_t2_ws/foxglove/dsh_diagnostic_panel/paos_diagnostic_worker.py	file
omnifleet_t2_ws/foxglove/dsh_diagnostic_panel/make_dsh_overlay.py.before-plain-language-20260908	visualization/omnifleet_t2_ws/foxglove/dsh_diagnostic_panel/make_dsh_overlay.py.before-plain-language-20260908	file
omnifleet_t2_ws/foxglove/dsh_diagnostic_panel/qwen-policy.json	visualization/omnifleet_t2_ws/foxglove/dsh_diagnostic_panel/qwen-policy.json	file
omnifleet_t2_ws/foxglove/dsh_diagnostic_panel/answer_safety.py	visualization/omnifleet_t2_ws/foxglove/dsh_diagnostic_panel/answer_safety.py	file
omnifleet_t2_ws/foxglove/dsh_diagnostic_panel/diagnostic_node.py	visualization/omnifleet_t2_ws/foxglove/dsh_diagnostic_panel/diagnostic_node.py	file
omnifleet_t2_ws/foxglove/dsh_diagnostic_panel/deploy_diagnostic_panel.py	visualization/omnifleet_t2_ws/foxglove/dsh_diagnostic_panel/deploy_diagnostic_panel.py	file
omnifleet_t2_ws/foxglove/dsh_diagnostic_panel/require_evidenced_links.py	visualization/omnifleet_t2_ws/foxglove/dsh_diagnostic_panel/require_evidenced_links.py	file
omnifleet_t2_ws/foxglove/dsh_diagnostic_panel/test_snapshot.py	visualization/omnifleet_t2_ws/foxglove/dsh_diagnostic_panel/test_snapshot.py	file
omnifleet_t2_ws/foxglove/dsh_diagnostic_panel/skill_context.py	visualization/omnifleet_t2_ws/foxglove/dsh_diagnostic_panel/skill_context.py	file
omnifleet_t2_ws/foxglove/dsh_diagnostic_panel/test_panel.cjs	visualization/omnifleet_t2_ws/foxglove/dsh_diagnostic_panel/test_panel.cjs	file
omnifleet_t2_ws/foxglove/dsh_diagnostic_panel/test_timeout_ui.cjs	visualization/omnifleet_t2_ws/foxglove/dsh_diagnostic_panel/test_timeout_ui.cjs	file
omnifleet_t2_ws/foxglove/dsh_diagnostic_panel/test_general_guidance.py	visualization/omnifleet_t2_ws/foxglove/dsh_diagnostic_panel/test_general_guidance.py	file
omnifleet_t2_ws/foxglove/dsh_diagnostic_panel/model_catalog.py	visualization/omnifleet_t2_ws/foxglove/dsh_diagnostic_panel/model_catalog.py	file
omnifleet_t2_ws/foxglove/dsh_diagnostic_panel/snapshot_fallback.py	visualization/omnifleet_t2_ws/foxglove/dsh_diagnostic_panel/snapshot_fallback.py	file
omnifleet_t2_ws/foxglove/dsh_diagnostic_panel/smoke_dsh.py	visualization/omnifleet_t2_ws/foxglove/dsh_diagnostic_panel/smoke_dsh.py	file
omnifleet_t2_ws/foxglove/foxglove_extension/omnifleet-t2-semantic-waypoints/dist/extension.js	visualization/omnifleet_t2_ws/foxglove/foxglove_extension/omnifleet-t2-semantic-waypoints/dist/extension.js	file
omnifleet_t2_ws/foxglove/foxglove_extension/omnifleet-t2-semantic-waypoints/src/index.ts	visualization/omnifleet_t2_ws/foxglove/foxglove_extension/omnifleet-t2-semantic-waypoints/src/index.ts	file
omnifleet_t2_ws/foxglove/foxglove_extension/omnifleet-t2-semantic-waypoints/src/Nav2PermanentPanel.d.ts	visualization/omnifleet_t2_ws/foxglove/foxglove_extension/omnifleet-t2-semantic-waypoints/src/Nav2PermanentPanel.d.ts	file
omnifleet_t2_ws/foxglove/foxglove_extension/omnifleet-t2-semantic-waypoints/src/SemanticWaypointPanel.ts	visualization/omnifleet_t2_ws/foxglove/foxglove_extension/omnifleet-t2-semantic-waypoints/src/SemanticWaypointPanel.ts	file
omnifleet_t2_ws/foxglove/foxglove_extension/omnifleet-t2-semantic-waypoints/src/Nav2PermanentPanel.js	visualization/omnifleet_t2_ws/foxglove/foxglove_extension/omnifleet-t2-semantic-waypoints/src/Nav2PermanentPanel.js	file
omnifleet_t2_ws/foxglove/foxglove_extension/omnifleet-t2-semantic-waypoints/src/ContinuousRouteNative.js	visualization/omnifleet_t2_ws/foxglove/foxglove_extension/omnifleet-t2-semantic-waypoints/src/ContinuousRouteNative.js	file
omnifleet_t2_ws/foxglove/foxglove_extension/omnifleet-t2-semantic-waypoints/src/FleetPanel.d.ts	visualization/omnifleet_t2_ws/foxglove/foxglove_extension/omnifleet-t2-semantic-waypoints/src/FleetPanel.d.ts	file
omnifleet_t2_ws/foxglove/foxglove_extension/omnifleet-t2-semantic-waypoints/src/Nav2HotParamsPanel.ts	visualization/omnifleet_t2_ws/foxglove/foxglove_extension/omnifleet-t2-semantic-waypoints/src/Nav2HotParamsPanel.ts	file
omnifleet_t2_ws/foxglove/foxglove_extension/omnifleet-t2-semantic-waypoints/src/FleetPanel.js	visualization/omnifleet_t2_ws/foxglove/foxglove_extension/omnifleet-t2-semantic-waypoints/src/FleetPanel.js	file
omnifleet_t2_ws/foxglove/foxglove_extension/omnifleet-t2-semantic-waypoints/src/Nav2HotParamsPanel.ts.before_speed_hot_params_20260905	visualization/omnifleet_t2_ws/foxglove/foxglove_extension/omnifleet-t2-semantic-waypoints/src/Nav2HotParamsPanel.ts.before_speed_hot_params_20260905	file
omnifleet_t2_ws/foxglove/foxglove_extension/omnifleet-t2-semantic-waypoints/package.json	visualization/omnifleet_t2_ws/foxglove/foxglove_extension/omnifleet-t2-semantic-waypoints/package.json	file
omnifleet_t2_ws/foxglove/foxglove_extension/omnifleet-t2-semantic-waypoints/README.md	visualization/omnifleet_t2_ws/foxglove/foxglove_extension/omnifleet-t2-semantic-waypoints/README.md	file
omnifleet_t2_ws/foxglove/foxglove_extension/omnifleet-t2-semantic-waypoints/terryhank.omnifleet-t2-semantic-waypoints-0.5.0.foxe	visualization/omnifleet_t2_ws/foxglove/foxglove_extension/omnifleet-t2-semantic-waypoints/terryhank.omnifleet-t2-semantic-waypoints-0.5.0.foxe	file
omnifleet_t2_ws/foxglove/foxglove_extension/omnifleet-t2-semantic-waypoints/tsconfig.json	visualization/omnifleet_t2_ws/foxglove/foxglove_extension/omnifleet-t2-semantic-waypoints/tsconfig.json	file
omnifleet_t2_ws/foxglove/foxglove_extension/omnifleet-t2-semantic-waypoints/LICENSE	visualization/omnifleet_t2_ws/foxglove/foxglove_extension/omnifleet-t2-semantic-waypoints/LICENSE	file
omnifleet_t2_ws/foxglove/foxglove_extension/omnifleet-t2-semantic-waypoints/package-lock.json	visualization/omnifleet_t2_ws/foxglove/foxglove_extension/omnifleet-t2-semantic-waypoints/package-lock.json	file
omnifleet_t2_ws/foxglove/foxglove_extension/omnifleet-t2-semantic-waypoints/CHANGELOG.md	visualization/omnifleet_t2_ws/foxglove/foxglove_extension/omnifleet-t2-semantic-waypoints/CHANGELOG.md	file
omnifleet_t2_ws/foxglove/app_patch/fleet_semantic/FleetSemanticNative.js	visualization/omnifleet_t2_ws/foxglove/app_patch/fleet_semantic/FleetSemanticNative.js	file
omnifleet_t2_ws/foxglove/app_patch/fleet_semantic/交付说明.md	visualization/omnifleet_t2_ws/foxglove/app_patch/fleet_semantic/DELIVERY_NOTES.md	file
omnifleet_t2_ws/foxglove/app_patch/fleet_semantic/remove_naming_instructions.cjs	visualization/omnifleet_t2_ws/foxglove/app_patch/fleet_semantic/remove_naming_instructions.cjs	file
omnifleet_t2_ws/foxglove/app_patch/reset_map_inline_confirmation.js	visualization/omnifleet_t2_ws/foxglove/app_patch/reset_map_inline_confirmation.js	file
omnifleet_t2_ws/foxglove/app_patch/embed_semantic_panel.cjs	visualization/omnifleet_t2_ws/foxglove/app_patch/embed_semantic_panel.cjs	file
omnifleet_t2_ws/foxglove/app_patch/fix_reset_dialog_focus.py	visualization/omnifleet_t2_ws/foxglove/app_patch/fix_reset_dialog_focus.py	file
omnifleet_t2_ws/foxglove/app_patch/remove_semantic_floating.cjs	visualization/omnifleet_t2_ws/foxglove/app_patch/remove_semantic_floating.cjs	file
omnifleet_t2_ws/foxglove/app_patch/fix_fleet_native_registration.cjs	visualization/omnifleet_t2_ws/foxglove/app_patch/fix_fleet_native_registration.cjs	file
omnifleet_t2_ws/foxglove/app_patch/README.md	visualization/omnifleet_t2_ws/foxglove/app_patch/README.md	file
omnifleet_t2_ws/foxglove/app_patch/fix_semantic_panel_registration.cjs	visualization/omnifleet_t2_ws/foxglove/app_patch/fix_semantic_panel_registration.cjs	file
omnifleet_t2_ws/foxglove/app_patch/update_semantic_card_text.cjs	visualization/omnifleet_t2_ws/foxglove/app_patch/update_semantic_card_text.cjs	file
omnifleet_t2_ws/foxglove/app_patch/patch_map_reset_toolbar.py	visualization/omnifleet_t2_ws/foxglove/app_patch/patch_map_reset_toolbar.py	file
omnifleet_t2_ws/foxglove/app_patch/patch_map_service_namespace.py	visualization/omnifleet_t2_ws/foxglove/app_patch/patch_map_service_namespace.py	file
omnifleet_t2_ws/foxglove/fleet_panel/deploy_ui.cjs	visualization/omnifleet_t2_ws/foxglove/fleet_panel/deploy_ui.cjs	file
omnifleet_t2_ws/foxglove/fleet_panel/使用与验收.md	visualization/omnifleet_t2_ws/foxglove/fleet_panel/USAGE_AND_ACCEPTANCE.md	file
omnifleet_t2_ws/foxglove/fleet_panel/layout-updated.json	visualization/omnifleet_t2_ws/foxglove/fleet_panel/layout-updated.json	file
omnifleet_t2_ws/foxglove/fleet_panel/FleetPanel.js	visualization/omnifleet_t2_ws/foxglove/fleet_panel/FleetPanel.js	file
omnifleet_t2_ws/map_snapshot.png	system/workspace_support/omnifleet_t2_ws/map_snapshot.png	file
omnifleet_t2_ws/src/omnifleet_vr_bridge/omnifleet_vr_bridge/__init__.py	control/omnifleet_vr_bridge/omnifleet_vr_bridge/__init__.py	file
omnifleet_t2_ws/src/omnifleet_vr_bridge/omnifleet_vr_bridge/bridge_node.py	control/omnifleet_vr_bridge/omnifleet_vr_bridge/bridge_node.py	file
omnifleet_t2_ws/src/omnifleet_vr_bridge/CMakeLists.txt	control/omnifleet_vr_bridge/CMakeLists.txt	file
omnifleet_t2_ws/src/omnifleet_vr_bridge/launch/vr_bridge.launch.py	control/omnifleet_vr_bridge/launch/vr_bridge.launch.py	file
omnifleet_t2_ws/src/omnifleet_vr_bridge/scripts/vr_bridge	control/omnifleet_vr_bridge/scripts/vr_bridge	file
omnifleet_t2_ws/src/omnifleet_vr_bridge/config/vr_bridge.yaml	control/omnifleet_vr_bridge/config/vr_bridge.yaml	file
omnifleet_t2_ws/src/omnifleet_vr_bridge/package.xml	control/omnifleet_vr_bridge/package.xml	file
omnifleet_t2_ws/src/omnifleet_localization/test/test_cartographer_3d_contract.py	localization/omnifleet_localization/test/test_cartographer_3d_contract.py	file
omnifleet_t2_ws/src/omnifleet_localization/test/mapping/test_terrain_analysis.py	localization/omnifleet_localization/test/mapping/test_terrain_analysis.py	file
omnifleet_t2_ws/src/omnifleet_localization/test/test_mola_backend_contract.py	localization/omnifleet_localization/test/test_mola_backend_contract.py	file
omnifleet_t2_ws/src/omnifleet_localization/test/test_mode_configs.py	localization/omnifleet_localization/test/test_mode_configs.py	file
omnifleet_t2_ws/src/omnifleet_localization/test/airy/test_imu_rotation.cpp	localization/omnifleet_localization/test/airy/test_imu_rotation.cpp	file
omnifleet_t2_ws/src/omnifleet_localization/test/airy/test_launch_config.py	localization/omnifleet_localization/test/airy/test_launch_config.py	file
omnifleet_t2_ws/src/omnifleet_localization/omnifleet_localization/depth_dropoff_detector.py	localization/omnifleet_localization/omnifleet_localization/depth_dropoff_detector.py	file
omnifleet_t2_ws/src/omnifleet_localization/omnifleet_localization/cartographer_odom_adapter.py	localization/omnifleet_localization/omnifleet_localization/cartographer_odom_adapter.py	file
omnifleet_t2_ws/src/omnifleet_localization/omnifleet_localization/__init__.py	localization/omnifleet_localization/omnifleet_localization/__init__.py	file
omnifleet_t2_ws/src/omnifleet_localization/omnifleet_localization/terrain_analysis.py	localization/omnifleet_localization/omnifleet_localization/terrain_analysis.py	file
omnifleet_t2_ws/src/omnifleet_localization/omnifleet_localization/terrain_mapper.py	localization/omnifleet_localization/omnifleet_localization/terrain_mapper.py	file
omnifleet_t2_ws/src/omnifleet_localization/omnifleet_localization/wheel_slip_detector.py	localization/omnifleet_localization/omnifleet_localization/wheel_slip_detector.py	file
omnifleet_t2_ws/src/omnifleet_localization/omnifleet_localization/vector_math.py	localization/omnifleet_localization/omnifleet_localization/vector_math.py	file
omnifleet_t2_ws/src/omnifleet_localization/src/airy_imu_adapter_node.cpp	localization/omnifleet_localization/src/airy_imu_adapter_node.cpp	file
omnifleet_t2_ws/src/omnifleet_localization/src/conversions.cpp	localization/omnifleet_localization/src/conversions.cpp	file
omnifleet_t2_ws/src/omnifleet_localization/README.md	localization/omnifleet_localization/README.md	file
omnifleet_t2_ws/src/omnifleet_localization/CMakeLists.txt	localization/omnifleet_localization/CMakeLists.txt	file
omnifleet_t2_ws/src/omnifleet_localization/launch/includes/tof_rgbd_sensor.launch.py	localization/omnifleet_localization/launch/includes/tof_rgbd_sensor.launch.py	file
omnifleet_t2_ws/src/omnifleet_localization/launch/airy_gateway.launch.py	localization/omnifleet_localization/launch/airy_gateway.launch.py	file
omnifleet_t2_ws/src/omnifleet_localization/launch/backends/cartographer_3d_backend.launch.py	localization/omnifleet_localization/launch/backends/cartographer_3d_backend.launch.py	file
omnifleet_t2_ws/src/omnifleet_localization/launch/backends/mola_backend.launch.py	localization/omnifleet_localization/launch/backends/mola_backend.launch.py	file
omnifleet_t2_ws/src/omnifleet_localization/scripts/depth_dropoff_detector	localization/omnifleet_localization/scripts/depth_dropoff_detector	file
omnifleet_t2_ws/src/omnifleet_localization/scripts/cartographer_odom_adapter	localization/omnifleet_localization/scripts/cartographer_odom_adapter	file
omnifleet_t2_ws/src/omnifleet_localization/scripts/terrain_mapper	localization/omnifleet_localization/scripts/terrain_mapper	file
omnifleet_t2_ws/src/omnifleet_localization/scripts/wheel_slip_detector	localization/omnifleet_localization/scripts/wheel_slip_detector	file
omnifleet_t2_ws/src/omnifleet_localization/include/omnifleet_localization/conversions.hpp	localization/omnifleet_localization/include/omnifleet_localization/conversions.hpp	file
omnifleet_t2_ws/src/omnifleet_localization/config/modes.yaml	localization/omnifleet_localization/config/modes.yaml	file
omnifleet_t2_ws/src/omnifleet_localization/config/mola/lidar3d-icp-nav2.yaml	localization/omnifleet_localization/config/mola/lidar3d-icp-nav2.yaml	file
omnifleet_t2_ws/src/omnifleet_localization/config/cartographer_3d/omnifleet_3d.lua	localization/omnifleet_localization/config/cartographer_3d/omnifleet_3d.lua	file
omnifleet_t2_ws/src/omnifleet_localization/config/airy/airy.yaml	localization/omnifleet_localization/config/airy/airy.yaml	file
omnifleet_t2_ws/src/omnifleet_localization/package.xml	localization/omnifleet_localization/package.xml	file
omnifleet_t2_ws/src/omnifleet_interfaces/srv/StoreMission.srv	common/omnifleet_interfaces/srv/StoreMission.srv	file
omnifleet_t2_ws/src/omnifleet_interfaces/srv/SaveMap.srv	common/omnifleet_interfaces/srv/SaveMap.srv	file
omnifleet_t2_ws/src/omnifleet_interfaces/srv/RunMission.srv	common/omnifleet_interfaces/srv/RunMission.srv	file
omnifleet_t2_ws/src/omnifleet_interfaces/srv/LoadMission.srv	common/omnifleet_interfaces/srv/LoadMission.srv	file
omnifleet_t2_ws/src/omnifleet_interfaces/srv/Capability.srv	common/omnifleet_interfaces/srv/Capability.srv	file
omnifleet_t2_ws/src/omnifleet_interfaces/srv/ServoCommand.srv	common/omnifleet_interfaces/srv/ServoCommand.srv	file
omnifleet_t2_ws/src/omnifleet_interfaces/srv/SwitchMode.srv	common/omnifleet_interfaces/srv/SwitchMode.srv	file
omnifleet_t2_ws/src/omnifleet_interfaces/README.md	common/omnifleet_interfaces/README.md	file
omnifleet_t2_ws/src/omnifleet_interfaces/CMakeLists.txt	common/omnifleet_interfaces/CMakeLists.txt	file
omnifleet_t2_ws/src/omnifleet_interfaces/msg/MissionStatus.msg	common/omnifleet_interfaces/msg/MissionStatus.msg	file
omnifleet_t2_ws/src/omnifleet_interfaces/msg/SlamStatus.msg	common/omnifleet_interfaces/msg/SlamStatus.msg	file
omnifleet_t2_ws/src/omnifleet_interfaces/package.xml	common/omnifleet_interfaces/package.xml	file
omnifleet_t2_ws/src/omnifleet_tutorials/test/test_vision_course_launches.py	system/omnifleet_tutorials/test/test_vision_course_launches.py	file
omnifleet_t2_ws/src/omnifleet_tutorials/README.md	system/omnifleet_tutorials/README.md	file
omnifleet_t2_ws/src/omnifleet_tutorials/docs/ARCHITECTURE_CONTRACT.md	system/omnifleet_tutorials/docs/ARCHITECTURE_CONTRACT.md	file
omnifleet_t2_ws/src/omnifleet_tutorials/docs/REMOTE_SELF_CHECK_TREE.md	system/omnifleet_tutorials/docs/REMOTE_SELF_CHECK_TREE.md	file
omnifleet_t2_ws/src/omnifleet_tutorials/CMakeLists.txt	system/omnifleet_tutorials/CMakeLists.txt	file
omnifleet_t2_ws/src/omnifleet_tutorials/launch/vision_02_16_vehicle.launch.py	system/omnifleet_tutorials/launch/vision_02_16_vehicle.launch.py	file
omnifleet_t2_ws/src/omnifleet_tutorials/launch/vision_04_03_lane_project.launch.py	system/omnifleet_tutorials/launch/vision_04_03_lane_project.launch.py	file
omnifleet_t2_ws/src/omnifleet_tutorials/launch/vision_02_05_qr.launch.py	system/omnifleet_tutorials/launch/vision_02_05_qr.launch.py	file
omnifleet_t2_ws/src/omnifleet_tutorials/launch/vision_03_03_target_depth.launch.py	system/omnifleet_tutorials/launch/vision_03_03_target_depth.launch.py	file
omnifleet_t2_ws/src/omnifleet_tutorials/launch/vision_02_14_traffic_light.launch.py	system/omnifleet_tutorials/launch/vision_02_14_traffic_light.launch.py	file
omnifleet_t2_ws/src/omnifleet_tutorials/launch/vision_03_08_vision_nav.launch.py	system/omnifleet_tutorials/launch/vision_03_08_vision_nav.launch.py	file
omnifleet_t2_ws/src/omnifleet_tutorials/launch/vision_02_04_color.launch.py	system/omnifleet_tutorials/launch/vision_02_04_color.launch.py	file
omnifleet_t2_ws/src/omnifleet_tutorials/launch/vision_02_08_human_perception.launch.py	system/omnifleet_tutorials/launch/vision_02_08_human_perception.launch.py	file
omnifleet_t2_ws/src/omnifleet_tutorials/launch/vision_02_09_yolo.launch.py	system/omnifleet_tutorials/launch/vision_02_09_yolo.launch.py	file
omnifleet_t2_ws/src/omnifleet_tutorials/launch/vision_02_13_pedestrian.launch.py	system/omnifleet_tutorials/launch/vision_02_13_pedestrian.launch.py	file
omnifleet_t2_ws/src/omnifleet_tutorials/launch/vision_02_03_opencv.launch.py	system/omnifleet_tutorials/launch/vision_02_03_opencv.launch.py	file
omnifleet_t2_ws/src/omnifleet_tutorials/launch/vision_02_06_apriltag.launch.py	system/omnifleet_tutorials/launch/vision_02_06_apriltag.launch.py	file
omnifleet_t2_ws/src/omnifleet_tutorials/launch/robot_kcf.launch.py	system/omnifleet_tutorials/launch/robot_kcf.launch.py	file
omnifleet_t2_ws/src/omnifleet_tutorials/launch/vision_03_09_edge_deployment.launch.py	system/omnifleet_tutorials/launch/vision_03_09_edge_deployment.launch.py	file
omnifleet_t2_ws/src/omnifleet_tutorials/launch/vision_04_02_human_object_follow.launch.py	system/omnifleet_tutorials/launch/vision_04_02_human_object_follow.launch.py	file
omnifleet_t2_ws/src/omnifleet_tutorials/launch/vision_02_17_license_plate.launch.py	system/omnifleet_tutorials/launch/vision_02_17_license_plate.launch.py	file
omnifleet_t2_ws/src/omnifleet_tutorials/launch/vision_04_04_object_navigation.launch.py	system/omnifleet_tutorials/launch/vision_04_04_object_navigation.launch.py	file
omnifleet_t2_ws/src/omnifleet_tutorials/launch/vision_03_07_lane_integration.launch.py	system/omnifleet_tutorials/launch/vision_03_07_lane_integration.launch.py	file
omnifleet_t2_ws/src/omnifleet_tutorials/launch/vision_02_07_kcf.launch.py	system/omnifleet_tutorials/launch/vision_02_07_kcf.launch.py	file
omnifleet_t2_ws/src/omnifleet_tutorials/launch/vision_03_06_chassis_control.launch.py	system/omnifleet_tutorials/launch/vision_03_06_chassis_control.launch.py	file
omnifleet_t2_ws/src/omnifleet_tutorials/launch/vision_03_02_detection_tracking.launch.py	system/omnifleet_tutorials/launch/vision_03_02_detection_tracking.launch.py	file
omnifleet_t2_ws/src/omnifleet_tutorials/launch/vision_03_05_traffic_events.launch.py	system/omnifleet_tutorials/launch/vision_03_05_traffic_events.launch.py	file
omnifleet_t2_ws/src/omnifleet_tutorials/launch/vision_04_06_edge_detection.launch.py	system/omnifleet_tutorials/launch/vision_04_06_edge_detection.launch.py	file
omnifleet_t2_ws/src/omnifleet_tutorials/launch/vision_02_12_tensorrt.launch.py	system/omnifleet_tutorials/launch/vision_02_12_tensorrt.launch.py	file
omnifleet_t2_ws/src/omnifleet_tutorials/launch/vision_04_07_traffic_safety.launch.py	system/omnifleet_tutorials/launch/vision_04_07_traffic_safety.launch.py	file
omnifleet_t2_ws/src/omnifleet_tutorials/launch/vision_03_01_camera_topics.launch.py	system/omnifleet_tutorials/launch/vision_03_01_camera_topics.launch.py	file
omnifleet_t2_ws/src/omnifleet_tutorials/launch/vision_04_05_multimodal_avoidance.launch.py	system/omnifleet_tutorials/launch/vision_04_05_multimodal_avoidance.launch.py	file
omnifleet_t2_ws/src/omnifleet_tutorials/launch/vision_02_01_camera_monitor.launch.py	system/omnifleet_tutorials/launch/vision_02_01_camera_monitor.launch.py	file
omnifleet_t2_ws/src/omnifleet_tutorials/launch/vision_03_04_vision_lidar.launch.py	system/omnifleet_tutorials/launch/vision_03_04_vision_lidar.launch.py	file
omnifleet_t2_ws/src/omnifleet_tutorials/launch/vision_02_10_depth.launch.py	system/omnifleet_tutorials/launch/vision_02_10_depth.launch.py	file
omnifleet_t2_ws/src/omnifleet_tutorials/launch/vision_04_01_color_follow.launch.py	system/omnifleet_tutorials/launch/vision_04_01_color_follow.launch.py	file
omnifleet_t2_ws/src/omnifleet_tutorials/launch/vision_02_11_model_training.launch.py	system/omnifleet_tutorials/launch/vision_02_11_model_training.launch.py	file
omnifleet_t2_ws/src/omnifleet_tutorials/package.xml	system/omnifleet_tutorials/package.xml	file
omnifleet_t2_ws/src/omnifleet_bringup/test/test_t2_production_contract.py	system/omnifleet_bringup/test/test_t2_production_contract.py	file
omnifleet_t2_ws/src/omnifleet_bringup/test/test_t2_production_contract.py.orig	system/omnifleet_bringup/test/test_t2_production_contract.py.orig	file
omnifleet_t2_ws/src/omnifleet_bringup/test/test_t2_sensor_contract.py	system/omnifleet_bringup/test/test_t2_sensor_contract.py	file
omnifleet_t2_ws/src/omnifleet_bringup/README.md	system/omnifleet_bringup/README.md	file
omnifleet_t2_ws/src/omnifleet_bringup/omnifleet_bringup/usb_camera_publisher.py	system/omnifleet_bringup/omnifleet_bringup/usb_camera_publisher.py	file
omnifleet_t2_ws/src/omnifleet_bringup/omnifleet_bringup/vr_protocol_adapter.py	system/omnifleet_bringup/omnifleet_bringup/vr_protocol_adapter.py	file
omnifleet_t2_ws/src/omnifleet_bringup/omnifleet_bringup/pointcloud_radius_filter.py	system/omnifleet_bringup/omnifleet_bringup/pointcloud_radius_filter.py	file
omnifleet_t2_ws/src/omnifleet_bringup/omnifleet_bringup/__init__.py	system/omnifleet_bringup/omnifleet_bringup/__init__.py	file
omnifleet_t2_ws/src/omnifleet_bringup/omnifleet_bringup/pointcloud_radius_filter.py.before_latest_only_20260924	system/omnifleet_bringup/omnifleet_bringup/pointcloud_radius_filter.py.before_latest_only_20260924	file
omnifleet_t2_ws/src/omnifleet_bringup/omnifleet_bringup/omnifleet_t2_driver.py	system/omnifleet_bringup/omnifleet_bringup/omnifleet_t2_driver.py	file
omnifleet_t2_ws/src/omnifleet_bringup/omnifleet_bringup/Rosmaster_Lib.py	system/omnifleet_bringup/omnifleet_bringup/Rosmaster_Lib.py	file
omnifleet_t2_ws/src/omnifleet_bringup/omnifleet_bringup/raw_pwm_cli.py	system/omnifleet_bringup/omnifleet_bringup/raw_pwm_cli.py	file
omnifleet_t2_ws/src/omnifleet_bringup/CMakeLists.txt.orig	system/omnifleet_bringup/CMakeLists.txt.orig	file
omnifleet_t2_ws/src/omnifleet_bringup/docs/VR_PROTOCOL_QUICKSTART.md	system/omnifleet_bringup/docs/VR_PROTOCOL_QUICKSTART.md	file
omnifleet_t2_ws/src/omnifleet_bringup/CMakeLists.txt	system/omnifleet_bringup/CMakeLists.txt	file
omnifleet_t2_ws/src/omnifleet_bringup/launch/chassis_core.launch.py	system/omnifleet_bringup/launch/chassis_core.launch.py	file
omnifleet_t2_ws/src/omnifleet_bringup/launch/robot.launch.py	system/omnifleet_bringup/launch/robot.launch.py	file
omnifleet_t2_ws/src/omnifleet_bringup/launch/production.launch.py	system/omnifleet_bringup/launch/production.launch.py	file
omnifleet_t2_ws/src/omnifleet_bringup/launch/production_mola.launch.py	system/omnifleet_bringup/launch/production_mola.launch.py	file
omnifleet_t2_ws/src/omnifleet_bringup/launch/usb_camera.launch.py	system/omnifleet_bringup/launch/usb_camera.launch.py	file
omnifleet_t2_ws/src/omnifleet_bringup/launch/production_nav2.launch.py	system/omnifleet_bringup/launch/production_nav2.launch.py	file
omnifleet_t2_ws/src/omnifleet_bringup/scripts/pointcloud_radius_filter	system/omnifleet_bringup/scripts/pointcloud_radius_filter	file
omnifleet_t2_ws/src/omnifleet_bringup/scripts/omnifleet-t2-raw-pwm	system/omnifleet_bringup/scripts/omnifleet-t2-raw-pwm	file
omnifleet_t2_ws/src/omnifleet_bringup/scripts/robot_doctor	system/omnifleet_bringup/scripts/robot_doctor	file
omnifleet_t2_ws/src/omnifleet_bringup/scripts/vr_protocol_adapter	system/omnifleet_bringup/scripts/vr_protocol_adapter	file
omnifleet_t2_ws/src/omnifleet_bringup/scripts/usb_camera_publisher	system/omnifleet_bringup/scripts/usb_camera_publisher	file
omnifleet_t2_ws/src/omnifleet_bringup/scripts/t2_driver	system/omnifleet_bringup/scripts/t2_driver	file
omnifleet_t2_ws/src/omnifleet_bringup/config/rslidar_airy.yaml	system/omnifleet_bringup/config/rslidar_airy.yaml	file
omnifleet_t2_ws/src/omnifleet_bringup/package.xml	system/omnifleet_bringup/package.xml	file
omnifleet_t2_ws/src/omnifleet_behaviors/test/test_wonderecho_voice_logic.py	control/omnifleet_behaviors/test/test_wonderecho_voice_logic.py	file
omnifleet_t2_ws/src/omnifleet_behaviors/test/test_traffic_light_navigation.py	control/omnifleet_behaviors/test/test_traffic_light_navigation.py	file
omnifleet_t2_ws/src/omnifleet_behaviors/README.md	control/omnifleet_behaviors/README.md	file
omnifleet_t2_ws/src/omnifleet_behaviors/omnifleet_behaviors/wonderecho_voice.py	control/omnifleet_behaviors/omnifleet_behaviors/wonderecho_voice.py	file
omnifleet_t2_ws/src/omnifleet_behaviors/omnifleet_behaviors/wonderecho_device.py	control/omnifleet_behaviors/omnifleet_behaviors/wonderecho_device.py	file
omnifleet_t2_ws/src/omnifleet_behaviors/omnifleet_behaviors/__init__.py	control/omnifleet_behaviors/omnifleet_behaviors/__init__.py	file
omnifleet_t2_ws/src/omnifleet_behaviors/omnifleet_behaviors/traffic_light_nav_supervisor.py	control/omnifleet_behaviors/omnifleet_behaviors/traffic_light_nav_supervisor.py	file
omnifleet_t2_ws/src/omnifleet_behaviors/omnifleet_behaviors/voice_commands.py	control/omnifleet_behaviors/omnifleet_behaviors/voice_commands.py	file
omnifleet_t2_ws/src/omnifleet_behaviors/omnifleet_behaviors/traffic_light_navigation.py	control/omnifleet_behaviors/omnifleet_behaviors/traffic_light_navigation.py	file
omnifleet_t2_ws/src/omnifleet_behaviors/CMakeLists.txt	control/omnifleet_behaviors/CMakeLists.txt	file
omnifleet_t2_ws/src/omnifleet_behaviors/launch/wonderecho_voice.launch.py	control/omnifleet_behaviors/launch/wonderecho_voice.launch.py	file
omnifleet_t2_ws/src/omnifleet_behaviors/scripts/traffic_light_nav_supervisor	control/omnifleet_behaviors/scripts/traffic_light_nav_supervisor	file
omnifleet_t2_ws/src/omnifleet_behaviors/scripts/wonderecho_voice	control/omnifleet_behaviors/scripts/wonderecho_voice	file
omnifleet_t2_ws/src/omnifleet_behaviors/package.xml	control/omnifleet_behaviors/package.xml	file
omnifleet_t2_ws/src/omnifleet_servo_rqt/setup.cfg	vehicle/omnifleet_servo_rqt/setup.cfg	file
omnifleet_t2_ws/src/omnifleet_servo_rqt/omnifleet_servo_rqt/__init__.py	vehicle/omnifleet_servo_rqt/omnifleet_servo_rqt/__init__.py	file
omnifleet_t2_ws/src/omnifleet_servo_rqt/omnifleet_servo_rqt/servo_plugin.py	vehicle/omnifleet_servo_rqt/omnifleet_servo_rqt/servo_plugin.py	file
omnifleet_t2_ws/src/omnifleet_servo_rqt/resource/omnifleet_servo_rqt	vehicle/omnifleet_servo_rqt/resource/omnifleet_servo_rqt	file
omnifleet_t2_ws/src/omnifleet_servo_rqt/setup.py	vehicle/omnifleet_servo_rqt/setup.py	file
omnifleet_t2_ws/src/omnifleet_servo_rqt/plugin.xml	vehicle/omnifleet_servo_rqt/plugin.xml	file
omnifleet_t2_ws/src/omnifleet_servo_rqt/package.xml	vehicle/omnifleet_servo_rqt/package.xml	file
omnifleet_t2_ws/src/omnifleet_simulator/worlds/lunshi_sensor_test.sdf	simulator/omnifleet_simulator/worlds/lunshi_sensor_test.sdf	file
omnifleet_t2_ws/src/omnifleet_simulator/README.md	simulator/omnifleet_simulator/README.md	file
omnifleet_t2_ws/src/omnifleet_simulator/CMakeLists.txt	simulator/omnifleet_simulator/CMakeLists.txt	file
omnifleet_t2_ws/src/omnifleet_simulator/launch/gazebo_harmonic_test.launch.py	simulator/omnifleet_simulator/launch/gazebo_harmonic_test.launch.py	file
omnifleet_t2_ws/src/omnifleet_simulator/config/ros_gz_bridge.yaml	simulator/omnifleet_simulator/config/ros_gz_bridge.yaml	file
omnifleet_t2_ws/src/omnifleet_simulator/package.xml	simulator/omnifleet_simulator/package.xml	file
omnifleet_t2_ws/src/omnifleet_waypoint_ui/setup.cfg	visualization/omnifleet_waypoint_ui/setup.cfg	file
omnifleet_t2_ws/src/omnifleet_waypoint_ui/test/test_navigation_error_dictionary.py	visualization/omnifleet_waypoint_ui/test/test_navigation_error_dictionary.py	file
omnifleet_t2_ws/src/omnifleet_waypoint_ui/test/test_continuous_route.py	visualization/omnifleet_waypoint_ui/test/test_continuous_route.py	file
omnifleet_t2_ws/src/omnifleet_waypoint_ui/test/test_error_bridge_integration.py	visualization/omnifleet_waypoint_ui/test/test_error_bridge_integration.py	file
omnifleet_t2_ws/src/omnifleet_waypoint_ui/test/test_waypoint_ui_core.py	visualization/omnifleet_waypoint_ui/test/test_waypoint_ui_core.py	file
omnifleet_t2_ws/src/omnifleet_waypoint_ui/omnifleet_waypoint_ui/waypoint_ui_bridge.py	visualization/omnifleet_waypoint_ui/omnifleet_waypoint_ui/waypoint_ui_bridge.py	file
omnifleet_t2_ws/src/omnifleet_waypoint_ui/omnifleet_waypoint_ui/__init__.py	visualization/omnifleet_waypoint_ui/omnifleet_waypoint_ui/__init__.py	file
omnifleet_t2_ws/src/omnifleet_waypoint_ui/omnifleet_waypoint_ui/semantic_waypoint_panel.py	visualization/omnifleet_waypoint_ui/omnifleet_waypoint_ui/semantic_waypoint_panel.py	file
omnifleet_t2_ws/src/omnifleet_waypoint_ui/omnifleet_waypoint_ui/navigation_error_dictionary.py	visualization/omnifleet_waypoint_ui/omnifleet_waypoint_ui/navigation_error_dictionary.py	file
omnifleet_t2_ws/src/omnifleet_waypoint_ui/omnifleet_waypoint_ui/continuous_route.py	visualization/omnifleet_waypoint_ui/omnifleet_waypoint_ui/continuous_route.py	file
omnifleet_t2_ws/src/omnifleet_waypoint_ui/omnifleet_waypoint_ui/localization_health.py	visualization/omnifleet_waypoint_ui/omnifleet_waypoint_ui/localization_health.py	file
omnifleet_t2_ws/src/omnifleet_waypoint_ui/launch/waypoint_ui.launch.py	visualization/omnifleet_waypoint_ui/launch/waypoint_ui.launch.py	file
omnifleet_t2_ws/src/omnifleet_waypoint_ui/launch/waypoint_ui_with_panel.launch.py	visualization/omnifleet_waypoint_ui/launch/waypoint_ui_with_panel.launch.py	file
omnifleet_t2_ws/src/omnifleet_waypoint_ui/resource/omnifleet_waypoint_ui	visualization/omnifleet_waypoint_ui/resource/omnifleet_waypoint_ui	file
omnifleet_t2_ws/src/omnifleet_waypoint_ui/setup.py	visualization/omnifleet_waypoint_ui/setup.py	file
omnifleet_t2_ws/src/omnifleet_waypoint_ui/package.xml	visualization/omnifleet_waypoint_ui/package.xml	file
omnifleet_t2_ws/src/omnifleet_navigation_interfaces/CMakeLists.txt	common/omnifleet_navigation_interfaces/CMakeLists.txt	file
omnifleet_t2_ws/src/omnifleet_navigation_interfaces/msg/NavigationPoint.msg	common/omnifleet_navigation_interfaces/msg/NavigationPoint.msg	file
omnifleet_t2_ws/src/omnifleet_navigation_interfaces/action/ExecuteNavigation.action	common/omnifleet_navigation_interfaces/action/ExecuteNavigation.action	file
omnifleet_t2_ws/src/omnifleet_navigation_interfaces/package.xml	common/omnifleet_navigation_interfaces/package.xml	file
omnifleet_t2_ws/src/omnifleet_description/README.md	vehicle/omnifleet_description/README.md	file
omnifleet_t2_ws/src/omnifleet_description/urdf/omnifleet_t2.urdf	vehicle/omnifleet_description/urdf/omnifleet_t2.urdf	file
omnifleet_t2_ws/src/omnifleet_description/CMakeLists.txt	vehicle/omnifleet_description/CMakeLists.txt	file
omnifleet_t2_ws/src/omnifleet_description/launch/t2_description.launch.py	vehicle/omnifleet_description/launch/t2_description.launch.py	file
omnifleet_t2_ws/src/omnifleet_description/config/sensor_specs.yaml	vehicle/omnifleet_description/config/sensor_specs.yaml	file
omnifleet_t2_ws/src/omnifleet_description/config/sensor_frames.yaml	vehicle/omnifleet_description/config/sensor_frames.yaml	file
omnifleet_t2_ws/src/omnifleet_description/config/extrinsics.yaml	vehicle/omnifleet_description/config/extrinsics.yaml	file
omnifleet_t2_ws/src/omnifleet_description/package.xml	vehicle/omnifleet_description/package.xml	file
omnifleet_t2_ws/src/omnifleet_local_navigation/setup.cfg	control/omnifleet_local_navigation/setup.cfg	file
omnifleet_t2_ws/src/omnifleet_local_navigation/omnifleet_local_navigation/route_execution.py.before_remove_tf_gate_20260923	control/omnifleet_local_navigation/omnifleet_local_navigation/route_execution.py.before_remove_tf_gate_20260923	file
omnifleet_t2_ws/src/omnifleet_local_navigation/omnifleet_local_navigation/route_execution.py.before_remove_stale_drop_20260923	control/omnifleet_local_navigation/omnifleet_local_navigation/route_execution.py.before_remove_stale_drop_20260923	file
omnifleet_t2_ws/src/omnifleet_local_navigation/omnifleet_local_navigation/scope.py	control/omnifleet_local_navigation/omnifleet_local_navigation/scope.py	file
omnifleet_t2_ws/src/omnifleet_local_navigation/omnifleet_local_navigation/gate_causal.py	control/omnifleet_local_navigation/omnifleet_local_navigation/gate_causal.py	file
omnifleet_t2_ws/src/omnifleet_local_navigation/omnifleet_local_navigation/control.py	control/omnifleet_local_navigation/omnifleet_local_navigation/control.py	file
omnifleet_t2_ws/src/omnifleet_local_navigation/omnifleet_local_navigation/geometry.py	control/omnifleet_local_navigation/omnifleet_local_navigation/geometry.py	file
omnifleet_t2_ws/src/omnifleet_local_navigation/omnifleet_local_navigation/control.py.before_remove_tf_gate_20260923	control/omnifleet_local_navigation/omnifleet_local_navigation/control.py.before_remove_tf_gate_20260923	file
omnifleet_t2_ws/src/omnifleet_local_navigation/omnifleet_local_navigation/__init__.py	control/omnifleet_local_navigation/omnifleet_local_navigation/__init__.py	file
omnifleet_t2_ws/src/omnifleet_local_navigation/omnifleet_local_navigation/route_execution.py.before_remove_tf_input_gate_20260923	control/omnifleet_local_navigation/omnifleet_local_navigation/route_execution.py.before_remove_tf_input_gate_20260923	file
omnifleet_t2_ws/src/omnifleet_local_navigation/omnifleet_local_navigation/storage.py	control/omnifleet_local_navigation/omnifleet_local_navigation/storage.py	file
omnifleet_t2_ws/src/omnifleet_local_navigation/omnifleet_local_navigation/client.py	control/omnifleet_local_navigation/omnifleet_local_navigation/client.py	file
omnifleet_t2_ws/src/omnifleet_local_navigation/omnifleet_local_navigation/route_execution.py.before_stale_drop_20260923	control/omnifleet_local_navigation/omnifleet_local_navigation/route_execution.py.before_stale_drop_20260923	file
omnifleet_t2_ws/src/omnifleet_local_navigation/omnifleet_local_navigation/task_policy.py	control/omnifleet_local_navigation/omnifleet_local_navigation/task_policy.py	file
omnifleet_t2_ws/src/omnifleet_local_navigation/omnifleet_local_navigation/runtime.py	control/omnifleet_local_navigation/omnifleet_local_navigation/runtime.py	file
omnifleet_t2_ws/src/omnifleet_local_navigation/omnifleet_local_navigation/localization_health.py	control/omnifleet_local_navigation/omnifleet_local_navigation/localization_health.py	file
omnifleet_t2_ws/src/omnifleet_local_navigation/omnifleet_local_navigation/route_execution.py	control/omnifleet_local_navigation/omnifleet_local_navigation/route_execution.py	file
omnifleet_t2_ws/src/omnifleet_local_navigation/omnifleet_local_navigation/localization_health.py.before_stale_drop_20260923	control/omnifleet_local_navigation/omnifleet_local_navigation/localization_health.py.before_stale_drop_20260923	file
omnifleet_t2_ws/src/omnifleet_local_navigation/resource/omnifleet_local_navigation	control/omnifleet_local_navigation/resource/omnifleet_local_navigation	file
omnifleet_t2_ws/src/omnifleet_local_navigation/setup.py	control/omnifleet_local_navigation/setup.py	file
omnifleet_t2_ws/src/omnifleet_local_navigation/package.xml	control/omnifleet_local_navigation/package.xml	file
omnifleet_t2_ws/src/omnifleet_vision/test/test_vision_integration.py	perception/omnifleet_vision/test/test_vision_integration.py	file
omnifleet_t2_ws/src/omnifleet_vision/test/test_classical_vision.py	perception/omnifleet_vision/test/test_classical_vision.py	file
omnifleet_t2_ws/src/omnifleet_vision/test/test_course_gui_overlay.py	perception/omnifleet_vision/test/test_course_gui_overlay.py	file
omnifleet_t2_ws/src/omnifleet_vision/test/test_kcf_contract.py	perception/omnifleet_vision/test/test_kcf_contract.py	file
omnifleet_t2_ws/src/omnifleet_vision/test/test_ml_vision.py	perception/omnifleet_vision/test/test_ml_vision.py	file
omnifleet_t2_ws/src/omnifleet_vision/test/test_course_controllers.py	perception/omnifleet_vision/test/test_course_controllers.py	file
omnifleet_t2_ws/src/omnifleet_vision/src/fhog.cpp	perception/omnifleet_vision/src/fhog.cpp	file
omnifleet_t2_ws/src/omnifleet_vision/src/kcftracker.cpp	perception/omnifleet_vision/src/kcftracker.cpp	file
omnifleet_t2_ws/src/omnifleet_vision/src/kcf_follower_node.cpp	perception/omnifleet_vision/src/kcf_follower_node.cpp	file
omnifleet_t2_ws/src/omnifleet_vision/models/MODEL_MANIFEST.sha256	perception/omnifleet_vision/models/MODEL_MANIFEST.sha256	file
omnifleet_t2_ws/src/omnifleet_vision/models/vendor/traffic_light.pt	perception/omnifleet_vision/models/vendor/traffic_light.pt	file
omnifleet_t2_ws/src/omnifleet_vision/models/vendor/coco80_labels.txt	perception/omnifleet_vision/models/vendor/coco80_labels.txt	file
omnifleet_t2_ws/src/omnifleet_vision/models/vendor/yolov8s_pose.pt	perception/omnifleet_vision/models/vendor/yolov8s_pose.pt	file
omnifleet_t2_ws/src/omnifleet_vision/models/vendor/yolo11n_coco.onnx	perception/omnifleet_vision/models/vendor/yolo11n_coco.onnx	file
omnifleet_t2_ws/src/omnifleet_vision/models/vendor/yolov8s_pose.onnx	perception/omnifleet_vision/models/vendor/yolov8s_pose.onnx	file
omnifleet_t2_ws/src/omnifleet_vision/models/vendor/yolo11n_coco.pt	perception/omnifleet_vision/models/vendor/yolo11n_coco.pt	file
omnifleet_t2_ws/src/omnifleet_vision/models/vendor/traffic_light_labels.txt	perception/omnifleet_vision/models/vendor/traffic_light_labels.txt	file
omnifleet_t2_ws/src/omnifleet_vision/models/vendor/traffic_light.onnx	perception/omnifleet_vision/models/vendor/traffic_light.onnx	file
omnifleet_t2_ws/src/omnifleet_vision/models/MODEL_PROVENANCE.md	perception/omnifleet_vision/models/MODEL_PROVENANCE.md	file
omnifleet_t2_ws/src/omnifleet_vision/README.md	perception/omnifleet_vision/README.md	file
omnifleet_t2_ws/src/omnifleet_vision/SOURCE_MANIFEST.sha256	perception/omnifleet_vision/SOURCE_MANIFEST.sha256	file
omnifleet_t2_ws/src/omnifleet_vision/NOTICE.md	perception/omnifleet_vision/NOTICE.md	file
omnifleet_t2_ws/src/omnifleet_vision/CMakeLists.txt	perception/omnifleet_vision/CMakeLists.txt	file
omnifleet_t2_ws/src/omnifleet_vision/launch/course_function.launch.py	perception/omnifleet_vision/launch/course_function.launch.py	file
omnifleet_t2_ws/src/omnifleet_vision/launch/kcf_follower.launch.py	perception/omnifleet_vision/launch/kcf_follower.launch.py	file
omnifleet_t2_ws/src/omnifleet_vision/scripts/classical/ros_support.py	perception/omnifleet_vision/scripts/classical/ros_support.py	file
omnifleet_t2_ws/src/omnifleet_vision/scripts/classical/__init__.py	perception/omnifleet_vision/scripts/classical/__init__.py	file
omnifleet_t2_ws/src/omnifleet_vision/scripts/classical/qr_recognition_node.py	perception/omnifleet_vision/scripts/classical/qr_recognition_node.py	file
omnifleet_t2_ws/src/omnifleet_vision/scripts/classical/lane_detection_node.py	perception/omnifleet_vision/scripts/classical/lane_detection_node.py	file
omnifleet_t2_ws/src/omnifleet_vision/scripts/classical/depth_measurement_node.py	perception/omnifleet_vision/scripts/classical/depth_measurement_node.py	file
omnifleet_t2_ws/src/omnifleet_vision/scripts/classical/traffic_light_dual_node.py	perception/omnifleet_vision/scripts/classical/traffic_light_dual_node.py	file
omnifleet_t2_ws/src/omnifleet_vision/scripts/classical/algorithms.py	perception/omnifleet_vision/scripts/classical/algorithms.py	file
omnifleet_t2_ws/src/omnifleet_vision/scripts/classical/apriltag_recognition_node.py	perception/omnifleet_vision/scripts/classical/apriltag_recognition_node.py	file
omnifleet_t2_ws/src/omnifleet_vision/scripts/classical/camera_monitor_node.py	perception/omnifleet_vision/scripts/classical/camera_monitor_node.py	file
omnifleet_t2_ws/src/omnifleet_vision/scripts/classical/color_recognition_node.py	perception/omnifleet_vision/scripts/classical/color_recognition_node.py	file
omnifleet_t2_ws/src/omnifleet_vision/scripts/classical/opencv_processor_node.py	perception/omnifleet_vision/scripts/classical/opencv_processor_node.py	file
omnifleet_t2_ws/src/omnifleet_vision/scripts/classical/synthetic_scene_publisher.py	perception/omnifleet_vision/scripts/classical/synthetic_scene_publisher.py	file
omnifleet_t2_ws/src/omnifleet_vision/scripts/course_gui_overlay_node.py	perception/omnifleet_vision/scripts/course_gui_overlay_node.py	file
omnifleet_t2_ws/src/omnifleet_vision/scripts/ml/license_plate_node.py	perception/omnifleet_vision/scripts/ml/license_plate_node.py	file
omnifleet_t2_ws/src/omnifleet_vision/scripts/ml/tensorrt_tools.py	perception/omnifleet_vision/scripts/ml/tensorrt_tools.py	file
omnifleet_t2_ws/src/omnifleet_vision/scripts/ml/onnx_detector_node.py	perception/omnifleet_vision/scripts/ml/onnx_detector_node.py	file
omnifleet_t2_ws/src/omnifleet_vision/scripts/ml/__init__.py	perception/omnifleet_vision/scripts/ml/__init__.py	file
omnifleet_t2_ws/src/omnifleet_vision/scripts/ml/inference_status_node.py	perception/omnifleet_vision/scripts/ml/inference_status_node.py	file
omnifleet_t2_ws/src/omnifleet_vision/scripts/ml/ultralytics_detector_node.py	perception/omnifleet_vision/scripts/ml/ultralytics_detector_node.py	file
omnifleet_t2_ws/src/omnifleet_vision/scripts/ml/model_training.py	perception/omnifleet_vision/scripts/ml/model_training.py	file
omnifleet_t2_ws/src/omnifleet_vision/scripts/ml/face_detection_node.py	perception/omnifleet_vision/scripts/ml/face_detection_node.py	file
omnifleet_t2_ws/src/omnifleet_vision/scripts/ml/pose_node.py	perception/omnifleet_vision/scripts/ml/pose_node.py	file
omnifleet_t2_ws/src/omnifleet_vision/scripts/ml/onnx_yolo_core.py	perception/omnifleet_vision/scripts/ml/onnx_yolo_core.py	file
omnifleet_t2_ws/src/omnifleet_vision/scripts/image_display_node.py	perception/omnifleet_vision/scripts/image_display_node.py	file
omnifleet_t2_ws/src/omnifleet_vision/scripts/integration/lane_follow_controller_node.py	perception/omnifleet_vision/scripts/integration/lane_follow_controller_node.py	file
omnifleet_t2_ws/src/omnifleet_vision/scripts/integration/target_depth_fusion_node.py	perception/omnifleet_vision/scripts/integration/target_depth_fusion_node.py	file
omnifleet_t2_ws/src/omnifleet_vision/scripts/integration/detection_tracker_node.py	perception/omnifleet_vision/scripts/integration/detection_tracker_node.py	file
omnifleet_t2_ws/src/omnifleet_vision/scripts/integration/traffic_course_state_node.py	perception/omnifleet_vision/scripts/integration/traffic_course_state_node.py	file
omnifleet_t2_ws/src/omnifleet_vision/scripts/integration/detection_aggregator_node.py	perception/omnifleet_vision/scripts/integration/detection_aggregator_node.py	file
omnifleet_t2_ws/src/omnifleet_vision/scripts/integration/vision_integration_core.py	perception/omnifleet_vision/scripts/integration/vision_integration_core.py	file
omnifleet_t2_ws/src/omnifleet_vision/scripts/integration/vision_nav_target_node.py	perception/omnifleet_vision/scripts/integration/vision_nav_target_node.py	file
omnifleet_t2_ws/src/omnifleet_vision/scripts/integration/course_controllers_core.py	perception/omnifleet_vision/scripts/integration/course_controllers_core.py	file
omnifleet_t2_ws/src/omnifleet_vision/scripts/integration/traffic_event_node.py	perception/omnifleet_vision/scripts/integration/traffic_event_node.py	file
omnifleet_t2_ws/src/omnifleet_vision/scripts/integration/safe_behavior_controller_node.py	perception/omnifleet_vision/scripts/integration/safe_behavior_controller_node.py	file
omnifleet_t2_ws/src/omnifleet_vision/scripts/integration/multimodal_risk_node.py	perception/omnifleet_vision/scripts/integration/multimodal_risk_node.py	file
omnifleet_t2_ws/src/omnifleet_vision/scripts/integration/target_follow_controller_node.py	perception/omnifleet_vision/scripts/integration/target_follow_controller_node.py	file
omnifleet_t2_ws/src/omnifleet_vision/include/omnifleet_vision/ffttools.h	perception/omnifleet_vision/include/omnifleet_vision/ffttools.h	file
omnifleet_t2_ws/src/omnifleet_vision/include/omnifleet_vision/recttools.h	perception/omnifleet_vision/include/omnifleet_vision/recttools.h	file
omnifleet_t2_ws/src/omnifleet_vision/include/omnifleet_vision/labdata.h	perception/omnifleet_vision/include/omnifleet_vision/labdata.h	file
omnifleet_t2_ws/src/omnifleet_vision/include/omnifleet_vision/tracker.h	perception/omnifleet_vision/include/omnifleet_vision/tracker.h	file
omnifleet_t2_ws/src/omnifleet_vision/include/omnifleet_vision/kcftracker.h	perception/omnifleet_vision/include/omnifleet_vision/kcftracker.h	file
omnifleet_t2_ws/src/omnifleet_vision/include/omnifleet_vision/fhog.h	perception/omnifleet_vision/include/omnifleet_vision/fhog.h	file
omnifleet_t2_ws/src/omnifleet_vision/config/mvs_rgb_fast.yaml	perception/omnifleet_vision/config/mvs_rgb_fast.yaml	file
omnifleet_t2_ws/src/omnifleet_vision/config/kcf_follower.yaml	perception/omnifleet_vision/config/kcf_follower.yaml	file
omnifleet_t2_ws/src/omnifleet_vision/config/mvs_rgbd_course.yaml	perception/omnifleet_vision/config/mvs_rgbd_course.yaml	file
omnifleet_t2_ws/src/omnifleet_vision/package.xml	perception/omnifleet_vision/package.xml	file
omnifleet_t2_ws/src/omnifleet_planner/TF_CONVENTIONS.md	planning/omnifleet_planner/TF_CONVENTIONS.md	file
omnifleet_t2_ws/src/omnifleet_planner/test/test_footprint_safe_goal_checker_config.py	planning/omnifleet_planner/test/test_footprint_safe_goal_checker_config.py	file
omnifleet_t2_ws/src/omnifleet_planner/test/data/route207.txt	planning/omnifleet_planner/test/data/route207.txt	file
omnifleet_t2_ws/src/omnifleet_planner/test/test_hot_rpp.cpp	planning/omnifleet_planner/test/test_hot_rpp.cpp	file
omnifleet_t2_ws/src/omnifleet_planner/test/test_goal_footprint_cost.cpp	planning/omnifleet_planner/test/test_goal_footprint_cost.cpp	file
omnifleet_t2_ws/src/omnifleet_planner/test/test_t2_nav2_stack.py	planning/omnifleet_planner/test/test_t2_nav2_stack.py	file
omnifleet_t2_ws/src/omnifleet_planner/hot_rpp.xml	planning/omnifleet_planner/hot_rpp.xml	file
omnifleet_t2_ws/src/omnifleet_planner/src/ordered_mppi.cpp.before_disable_pose_stamp_20260924_143352.bak	planning/omnifleet_planner/src/ordered_mppi.cpp.before_disable_pose_stamp_20260924_143352.bak	file
omnifleet_t2_ws/src/omnifleet_planner/src/test_ordered_progress.cpp	planning/omnifleet_planner/src/test_ordered_progress.cpp	file
omnifleet_t2_ws/src/omnifleet_planner/src/test_ordered_mppi.cpp	planning/omnifleet_planner/src/test_ordered_mppi.cpp	file
omnifleet_t2_ws/src/omnifleet_planner/src/test_route_controller_joint.cpp	planning/omnifleet_planner/src/test_route_controller_joint.cpp	file
omnifleet_t2_ws/src/omnifleet_planner/src/test_continuous_route.cpp	planning/omnifleet_planner/src/test_continuous_route.cpp	file
omnifleet_t2_ws/src/omnifleet_planner/src/continuous_route_plugin.cpp	planning/omnifleet_planner/src/continuous_route_plugin.cpp	file
omnifleet_t2_ws/src/omnifleet_planner/src/navigation_policy.cpp	planning/omnifleet_planner/src/navigation_policy.cpp	file
omnifleet_t2_ws/src/omnifleet_planner/src/ordered_mppi.cpp	planning/omnifleet_planner/src/ordered_mppi.cpp	file
omnifleet_t2_ws/src/omnifleet_planner/src/footprint_safe_goal_checker.cpp	planning/omnifleet_planner/src/footprint_safe_goal_checker.cpp	file
omnifleet_t2_ws/src/omnifleet_planner/src/continuous_route_control.hpp.before_disable_lateral_gate_20260924.bak	planning/omnifleet_planner/src/continuous_route_control.hpp.before_disable_lateral_gate_20260924.bak	file
omnifleet_t2_ws/src/omnifleet_planner/src/continuous_route_control.hpp	planning/omnifleet_planner/src/continuous_route_control.hpp	file
omnifleet_t2_ws/src/omnifleet_planner/src/continuous_route_control.hpp.before_disable_tf_stale_fail_20260924_161649.bak	planning/omnifleet_planner/src/continuous_route_control.hpp.before_disable_tf_stale_fail_20260924_161649.bak	file
omnifleet_t2_ws/src/omnifleet_planner/src/test_arc_progress.cpp	planning/omnifleet_planner/src/test_arc_progress.cpp	file
omnifleet_t2_ws/src/omnifleet_planner/src/hot_rpp.cpp	planning/omnifleet_planner/src/hot_rpp.cpp	file
omnifleet_t2_ws/src/omnifleet_planner/src/test_policy.cpp	planning/omnifleet_planner/src/test_policy.cpp	file
omnifleet_t2_ws/src/omnifleet_planner/README.md	planning/omnifleet_planner/README.md	file
omnifleet_t2_ws/src/omnifleet_planner/CMakeLists.txt	planning/omnifleet_planner/CMakeLists.txt	file
omnifleet_t2_ws/src/omnifleet_planner/launch/navigation.launch.py	planning/omnifleet_planner/launch/navigation.launch.py	file
omnifleet_t2_ws/src/omnifleet_planner/ordered_mppi.xml	planning/omnifleet_planner/ordered_mppi.xml	file
omnifleet_t2_ws/src/omnifleet_planner/behavior_trees/navigate_through_poses_with_selectors.xml	planning/omnifleet_planner/behavior_trees/navigate_through_poses_with_selectors.xml	file
omnifleet_t2_ws/src/omnifleet_planner/behavior_trees/navigate_to_pose_with_selectors.xml	planning/omnifleet_planner/behavior_trees/navigate_to_pose_with_selectors.xml	file
omnifleet_t2_ws/src/omnifleet_planner/include/omnifleet_planner/footprint_safe_goal_checker.hpp	planning/omnifleet_planner/include/omnifleet_planner/footprint_safe_goal_checker.hpp	file
omnifleet_t2_ws/src/omnifleet_planner/include/omnifleet_planner/ordered_progress.hpp	planning/omnifleet_planner/include/omnifleet_planner/ordered_progress.hpp	file
omnifleet_t2_ws/src/omnifleet_planner/include/omnifleet_planner/hot_rpp.hpp	planning/omnifleet_planner/include/omnifleet_planner/hot_rpp.hpp	file
omnifleet_t2_ws/src/omnifleet_planner/include/omnifleet_planner/arc_progress.hpp	planning/omnifleet_planner/include/omnifleet_planner/arc_progress.hpp	file
omnifleet_t2_ws/src/omnifleet_planner/include/omnifleet_planner/goal_footprint_cost.hpp	planning/omnifleet_planner/include/omnifleet_planner/goal_footprint_cost.hpp	file
omnifleet_t2_ws/src/omnifleet_planner/config/nav2_t2.yaml	planning/omnifleet_planner/config/nav2_t2.yaml	file
omnifleet_t2_ws/src/omnifleet_planner/footprint_safe_goal_checker.xml	planning/omnifleet_planner/footprint_safe_goal_checker.xml	file
omnifleet_t2_ws/src/omnifleet_planner/package.xml	planning/omnifleet_planner/package.xml	file
omnifleet_t2_ws/SOURCE_MANIFEST.sha256	system/workspace_support/omnifleet_t2_ws/SOURCE_MANIFEST.sha256	file
omnifleet_t2_ws/MIGRATION_REPORT.md	system/workspace_support/omnifleet_t2_ws/MIGRATION_REPORT.md	file
omnifleet_t2_ws/T2实践课程操作指南.md	system/workspace_support/omnifleet_t2_ws/T2实践课程操作指南.md	file
omnifleet_t2_ws/.tmp/tf_probe.py	system/workspace_support/omnifleet_t2_ws/.tmp/tf_probe.py	file
omnifleet_t2_ws/.tmp/docx_text.py	system/workspace_support/omnifleet_t2_ws/.tmp/docx_text.py	file
omnifleet_t2_ws/.tmp/docx_text.txt	system/workspace_support/omnifleet_t2_ws/.tmp/docx_text.txt	file
omnifleet_t2_ws/.tmp/render_map.py	system/workspace_support/omnifleet_t2_ws/.tmp/render_map.py	file
omnifleet_t2_ws/.tmp/tf_check.py	system/workspace_support/omnifleet_t2_ws/.tmp/tf_check.py	file
omnifleet_t2_ws/runtime/etc/omnifleet_t2/foxglove.yaml.before-teleop-1788838336666269908	system/workspace_support/omnifleet_t2_ws/runtime/etc/omnifleet_t2/foxglove.yaml.before-teleop-1788838336666269908	file
omnifleet_t2_ws/runtime/etc/omnifleet_t2/foxglove.yaml	system/workspace_support/omnifleet_t2_ws/runtime/etc/omnifleet_t2/foxglove.yaml	file
omnifleet_t2_ws/runtime/etc/omnifleet_t2/robot.env	system/workspace_support/omnifleet_t2_ws/runtime/etc/omnifleet_t2/robot.env	file
omnifleet_t2_ws/runtime/udev/99-omnifleet-t2-chassis.rules	system/workspace_support/omnifleet_t2_ws/runtime/udev/99-omnifleet-t2-chassis.rules	file
omnifleet_t2_ws/runtime/systemd/omnifleet-t2-chassis.service	system/workspace_support/omnifleet_t2_ws/runtime/systemd/omnifleet-t2-chassis.service	file
omnifleet_t2_ws/runtime/systemd/omnifleet-t2-orbbec-camera.service	system/workspace_support/omnifleet_t2_ws/runtime/systemd/omnifleet-t2-orbbec-camera.service	file
omnifleet_t2_ws/runtime/systemd/omnifleet-t2-navigation.service	system/workspace_support/omnifleet_t2_ws/runtime/systemd/omnifleet-t2-navigation.service	file
omnifleet_t2_ws/runtime/systemd/omnifleet-t2-description.service	system/workspace_support/omnifleet_t2_ws/runtime/systemd/omnifleet-t2-description.service	file
omnifleet_t2_ws/runtime/systemd/omnifleet-t2-lidar-net.service	system/workspace_support/omnifleet_t2_ws/runtime/systemd/omnifleet-t2-lidar-net.service	file
omnifleet_t2_ws/runtime/systemd/omnifleet-t2-airy.service	system/workspace_support/omnifleet_t2_ws/runtime/systemd/omnifleet-t2-airy.service	file
omnifleet_t2_ws/runtime/systemd/omnifleet-t2-foxglove.service	system/workspace_support/omnifleet_t2_ws/runtime/systemd/omnifleet-t2-foxglove.service	file
omnifleet_t2_ws/runtime/systemd/omnifleet-t2-waypoints.service	system/workspace_support/omnifleet_t2_ws/runtime/systemd/omnifleet-t2-waypoints.service	file
omnifleet_t2_ws/runtime/systemd/omnifleet-t2-jetson-performance.service	system/workspace_support/omnifleet_t2_ws/runtime/systemd/omnifleet-t2-jetson-performance.service	file
omnifleet_t2_ws/grab_map.py	system/workspace_support/omnifleet_t2_ws/grab_map.py	file
omnifleet_t2_ws/T2操作流程指南.md	system/workspace_support/omnifleet_t2_ws/T2操作流程指南.md	file
omnifleet_t2_mola_experiments_ws/src/omnifleet_t2_mola_experiments/test/test_experiment_contract.py	localization/omnifleet_t2_mola_experiments/test/test_experiment_contract.py	file
omnifleet_t2_mola_experiments_ws/src/omnifleet_t2_mola_experiments/src/airy_imu_adapter_buffered.cpp	localization/omnifleet_t2_mola_experiments/src/airy_imu_adapter_buffered.cpp	file
omnifleet_t2_mola_experiments_ws/src/omnifleet_t2_mola_experiments/src/nav_motion.hpp	localization/omnifleet_t2_mola_experiments/src/nav_motion.hpp	file
omnifleet_t2_mola_experiments_ws/src/omnifleet_t2_mola_experiments/src/nav_cloud_deskew.cpp	localization/omnifleet_t2_mola_experiments/src/nav_cloud_deskew.cpp	file
omnifleet_t2_mola_experiments_ws/src/omnifleet_t2_mola_experiments/README.md	localization/omnifleet_t2_mola_experiments/README.md	file
omnifleet_t2_mola_experiments_ws/src/omnifleet_t2_mola_experiments/gicp_production_launch_backup_20260918_185144/mola_nav2_unified.launch.py	localization/omnifleet_t2_mola_experiments/gicp_production_launch_backup_20260918_185144/mola_nav2_unified.launch.py	file
omnifleet_t2_mola_experiments_ws/src/omnifleet_t2_mola_experiments/gicp_production_launch_backup_20260918_185144/mola_no_wheel.launch.py	localization/omnifleet_t2_mola_experiments/gicp_production_launch_backup_20260918_185144/mola_no_wheel.launch.py	file
omnifleet_t2_mola_experiments_ws/src/omnifleet_t2_mola_experiments/production_gicp_integration_backup_20260918_182909/mola_nav2_unified.launch.py	localization/omnifleet_t2_mola_experiments/production_gicp_integration_backup_20260918_182909/mola_nav2_unified.launch.py	file
omnifleet_t2_mola_experiments_ws/src/omnifleet_t2_mola_experiments/production_gicp_integration_backup_20260918_182909/mola_no_wheel.launch.py	localization/omnifleet_t2_mola_experiments/production_gicp_integration_backup_20260918_182909/mola_no_wheel.launch.py	file
omnifleet_t2_mola_experiments_ws/src/omnifleet_t2_mola_experiments/CMakeLists.txt	localization/omnifleet_t2_mola_experiments/CMakeLists.txt	file
omnifleet_t2_mola_experiments_ws/src/omnifleet_t2_mola_experiments/launch/mola_nav2_rep105.launch.py	localization/omnifleet_t2_mola_experiments/launch/mola_nav2_rep105.launch.py	file
omnifleet_t2_mola_experiments_ws/src/omnifleet_t2_mola_experiments/launch/nav2_direct.launch.py	localization/omnifleet_t2_mola_experiments/launch/nav2_direct.launch.py	file
omnifleet_t2_mola_experiments_ws/src/omnifleet_t2_mola_experiments/launch/README.md	localization/omnifleet_t2_mola_experiments/launch/README.md	file
omnifleet_t2_mola_experiments_ws/src/omnifleet_t2_mola_experiments/launch/mola_nav2_unified.launch.py	localization/omnifleet_t2_mola_experiments/launch/mola_nav2_unified.launch.py	file
omnifleet_t2_mola_experiments_ws/src/omnifleet_t2_mola_experiments/launch/mola_no_wheel.launch.py.before_fresh_map_	localization/omnifleet_t2_mola_experiments/launch/mola_no_wheel.launch.py.before_fresh_map_	file
omnifleet_t2_mola_experiments_ws/src/omnifleet_t2_mola_experiments/launch/mola_no_wheel.launch.py	localization/omnifleet_t2_mola_experiments/launch/mola_no_wheel.launch.py	file
omnifleet_t2_mola_experiments_ws/src/omnifleet_t2_mola_experiments/scripts/base_link_rslidar_tf.py	localization/omnifleet_t2_mola_experiments/scripts/base_link_rslidar_tf.py	file
omnifleet_t2_mola_experiments_ws/src/omnifleet_t2_mola_experiments/scripts/cleanup_unified_application_nodes.py	localization/omnifleet_t2_mola_experiments/scripts/cleanup_unified_application_nodes.py	file
omnifleet_t2_mola_experiments_ws/src/omnifleet_t2_mola_experiments/scripts/fresh_pointcloud_filter.py	localization/omnifleet_t2_mola_experiments/scripts/fresh_pointcloud_filter.py	file
omnifleet_t2_mola_experiments_ws/src/omnifleet_t2_mola_experiments/scripts/lidar_velocity.py	localization/omnifleet_t2_mola_experiments/scripts/lidar_velocity.py	file
omnifleet_t2_mola_experiments_ws/src/omnifleet_t2_mola_experiments/scripts/foxglove_layer_offset.py	localization/omnifleet_t2_mola_experiments/scripts/foxglove_layer_offset.py	file
omnifleet_t2_mola_experiments_ws/src/omnifleet_t2_mola_experiments/scripts/mola_realtime_nav_grid.py	localization/omnifleet_t2_mola_experiments/scripts/mola_realtime_nav_grid.py	file
omnifleet_t2_mola_experiments_ws/src/omnifleet_t2_mola_experiments/scripts/nav2_readiness_gate.py	localization/omnifleet_t2_mola_experiments/scripts/nav2_readiness_gate.py	file
omnifleet_t2_mola_experiments_ws/src/omnifleet_t2_mola_experiments/config/smoother_lio_only.yaml	localization/omnifleet_t2_mola_experiments/config/smoother_lio_only.yaml	file
omnifleet_t2_mola_experiments_ws/src/omnifleet_t2_mola_experiments/config/production_hashes.sha256	localization/omnifleet_t2_mola_experiments/config/production_hashes.sha256	file
omnifleet_t2_mola_experiments_ws/src/omnifleet_t2_mola_experiments/config/airy_imu_calibration.yaml	localization/omnifleet_t2_mola_experiments/config/airy_imu_calibration.yaml	file
omnifleet_t2_mola_experiments_ws/src/omnifleet_t2_mola_experiments/config/nav2_t2_rep105.yaml	localization/omnifleet_t2_mola_experiments/config/nav2_t2_rep105.yaml	file
omnifleet_t2_mola_experiments_ws/src/omnifleet_t2_mola_experiments/package.xml	localization/omnifleet_t2_mola_experiments/package.xml	file
omnifleet_t2_mola_experiments_ws/src/omnifleet_dwb_hot/test/test_hot_scoring.cpp	control/omnifleet_dwb_hot/test/test_hot_scoring.cpp	file
omnifleet_t2_mola_experiments_ws/src/omnifleet_dwb_hot/test/test_hot_rotation.cpp	control/omnifleet_dwb_hot/test/test_hot_rotation.cpp	file
omnifleet_t2_mola_experiments_ws/src/omnifleet_dwb_hot/src/hot_dwb.cpp	control/omnifleet_dwb_hot/src/hot_dwb.cpp	file
omnifleet_t2_mola_experiments_ws/src/omnifleet_dwb_hot/plugins.xml	control/omnifleet_dwb_hot/plugins.xml	file
omnifleet_t2_mola_experiments_ws/src/omnifleet_dwb_hot/CMakeLists.txt	control/omnifleet_dwb_hot/CMakeLists.txt	file
omnifleet_t2_mola_experiments_ws/src/omnifleet_dwb_hot/include/omnifleet_dwb_hot/hot_dwb.hpp	control/omnifleet_dwb_hot/include/omnifleet_dwb_hot/hot_dwb.hpp	file
omnifleet_t2_mola_experiments_ws/src/omnifleet_dwb_hot/package.xml	control/omnifleet_dwb_hot/package.xml	file
omnifleet_t2_mola_experiments_ws/src/omnifleet_t2_mola_unified.launch.py	localization/omnifleet_t2_mola_unified.launch.py	file
fleet_coordinator_ws/src/omnifleet_fleet_coordinator/omnifleet_fleet_coordinator/core.py	system/omnifleet_fleet_coordinator/omnifleet_fleet_coordinator/core.py	file
fleet_coordinator_ws/src/omnifleet_fleet_coordinator/omnifleet_fleet_coordinator/__init__.py	system/omnifleet_fleet_coordinator/omnifleet_fleet_coordinator/__init__.py	file
fleet_coordinator_ws/src/omnifleet_fleet_coordinator/omnifleet_fleet_coordinator/node.py	system/omnifleet_fleet_coordinator/omnifleet_fleet_coordinator/node.py	file
fleet_coordinator_ws/src/omnifleet_fleet_coordinator/setup.cfg	system/omnifleet_fleet_coordinator/setup.cfg	file
fleet_coordinator_ws/src/omnifleet_fleet_coordinator/test/test_core.py	system/omnifleet_fleet_coordinator/test/test_core.py	file
fleet_coordinator_ws/src/omnifleet_fleet_coordinator/resource/omnifleet_fleet_coordinator	system/omnifleet_fleet_coordinator/resource/omnifleet_fleet_coordinator	file
fleet_coordinator_ws/src/omnifleet_fleet_coordinator/setup.py	system/omnifleet_fleet_coordinator/setup.py	file
fleet_coordinator_ws/src/omnifleet_fleet_coordinator/config/fleet_coordinator.yaml	system/omnifleet_fleet_coordinator/config/fleet_coordinator.yaml	file
fleet_coordinator_ws/src/omnifleet_fleet_coordinator/package.xml	system/omnifleet_fleet_coordinator/package.xml	file
fleet_coordinator_ws/src/omnifleet_fleet_interfaces/srv/CancelTask.srv	system/omnifleet_fleet_interfaces/srv/CancelTask.srv	file
fleet_coordinator_ws/src/omnifleet_fleet_interfaces/srv/SubmitTask.srv	system/omnifleet_fleet_interfaces/srv/SubmitTask.srv	file
fleet_coordinator_ws/src/omnifleet_fleet_interfaces/CMakeLists.txt	system/omnifleet_fleet_interfaces/CMakeLists.txt	file
fleet_coordinator_ws/src/omnifleet_fleet_interfaces/package.xml	system/omnifleet_fleet_interfaces/package.xml	file
mola_latest_20260917_ws/manifests/EXTERNAL_DEPENDENCY_FREEZE.json	system/workspace_support/mola_latest_20260917_ws/manifests/EXTERNAL_DEPENDENCY_FREEZE.json	file
mola_latest_20260917_ws/manifests/EXTERNAL_DEPENDENCY_FREEZE.md	system/workspace_support/mola_latest_20260917_ws/manifests/EXTERNAL_DEPENDENCY_FREEZE.md	file
mola_latest_20260917_ws/manifests/MOLA_LATEST_SOURCE_MANIFEST.json	system/workspace_support/mola_latest_20260917_ws/manifests/MOLA_LATEST_SOURCE_MANIFEST.json	file
mola_latest_20260917_ws/manifests/MOLA_LATEST_SOURCE_MANIFEST.md	system/workspace_support/mola_latest_20260917_ws/manifests/MOLA_LATEST_SOURCE_MANIFEST.md	file
mola_latest_20260917_ws/manifests/build_environment.txt	system/workspace_support/mola_latest_20260917_ws/manifests/build_environment.txt	file
mola_latest_20260917_ws/manifests/colcon_packages.txt	system/workspace_support/mola_latest_20260917_ws/manifests/colcon_packages.txt	file
mola_latest_20260917_ws/manifests/colcon_packages_final.txt	system/workspace_support/mola_latest_20260917_ws/manifests/colcon_packages_final.txt	file
mola_latest_20260917_ws/manifests/compile_include_audit.json	system/workspace_support/mola_latest_20260917_ws/manifests/compile_include_audit.json	file
mola_latest_20260917_ws/manifests/compile_include_audit.md	system/workspace_support/mola_latest_20260917_ws/manifests/compile_include_audit.md	file
mola_latest_20260917_ws/manifests/nanoflann_apt_before.txt	system/workspace_support/mola_latest_20260917_ws/manifests/nanoflann_apt_before.txt	file
mola_latest_20260917_ws/manifests/nanoflann_installed.txt	system/workspace_support/mola_latest_20260917_ws/manifests/nanoflann_installed.txt	file
mola_latest_20260917_ws/manifests/source_prepare_stdout.json	system/workspace_support/mola_latest_20260917_ws/manifests/source_prepare_stdout.json	file
mola_latest_20260917_ws/manifests/update_source_manifest.py	system/workspace_support/mola_latest_20260917_ws/manifests/update_source_manifest.py	file
omnifleet_t2_ws/src/omnifleet_planner/src/ordered_mppi.cpp.codex-backup-20260924_180235	planning/omnifleet_planner/src/ordered_mppi.cpp.codex-backup-20260924_180235	file
